ts,time,pkg,core16,core20,gpu_temp,gpu_power,gpu_util,train_tag
1788336691,16:11:31,80.0,61.0,63.0,57,99.60,38,ep? s3250
1788336696,16:11:36,64.0,59.0,59.0,58,113.82,35,ep? s3250
1788336701,16:11:41,65.0,60.0,65.0,57,104.55,31,ep? s3250
1788336706,16:11:46,66.0,60.0,61.0,59,97.86,32,ep? s3250
1788336711,16:11:51,67.0,60.0,62.0,57,94.06,40,ep? s3250
1788336716,16:11:56,70.0,60.0,62.0,57,97.53,36,ep? s3250
1788336721,16:12:01,65.0,60.0,62.0,58,99.71,35,ep? s3250
1788336726,16:12:06,65.0,61.0,62.0,57,95.56,35,ep? s3250
1788336731,16:12:11,67.0,58.0,61.0,57,94.90,37,ep? s3250
1788336736,16:12:16,69.0,59.0,69.0,57,94.60,37,ep? s3250
1788336741,16:12:21,65.0,59.0,61.0,57,97.36,38,ep? s3300
1788336746,16:12:26,65.0,60.0,62.0,57,96.28,34,ep? s3300
1788336752,16:12:32,66.0,61.0,66.0,57,95.61,23,ep? s3300
1788336757,16:12:37,75.0,61.0,65.0,57,96.51,35,ep? s3300
1788336762,16:12:42,68.0,58.0,65.0,57,91.68,36,ep? s3300
1788336767,16:12:47,85.0,60.0,69.0,57,95.85,30,ep? s3300
1788336772,16:12:52,70.0,55.0,59.0,57,96.04,35,ep? s3300
1788336777,16:12:57,64.0,59.0,61.0,57,96.00,29,ep? s3300
1788336782,16:13:02,67.0,58.0,67.0,58,93.42,30,ep? s3300
1788336787,16:13:07,67.0,58.0,67.0,57,93.64,30,ep? s3300
1788336792,16:13:12,62.0,56.0,61.0,57,93.32,31,ep? s3350
1788336797,16:13:17,61.0,60.0,59.0,57,93.48,31,ep? s3350
1788336802,16:13:22,62.0,59.0,59.0,57,93.38,30,ep? s3350
1788336807,16:13:27,62.0,59.0,61.0,57,93.70,30,ep? s3350
1788336812,16:13:32,64.0,59.0,61.0,57,93.45,30,ep? s3350
1788336817,16:13:37,62.0,58.0,59.0,57,93.00,33,ep? s3350
1788336822,16:13:42,62.0,58.0,59.0,57,93.50,30,ep? s3350
1788336827,16:13:47,62.0,55.0,58.0,57,93.28,34,ep? s3350
1788336832,16:13:52,62.0,61.0,59.0,57,94.12,30,ep? s3350
1788336837,16:13:57,62.0,56.0,59.0,57,94.56,25,ep? s3350
1788336843,16:14:03,64.0,56.0,59.0,57,93.63,30,ep? s3400
1788336848,16:14:08,65.0,56.0,59.0,57,92.52,25,ep? s3400
1788336853,16:14:13,71.0,56.0,58.0,57,93.50,33,ep? s3400
1788336858,16:14:18,65.0,59.0,57.0,57,92.81,25,ep? s3400
1788336863,16:14:23,72.0,60.0,59.0,57,93.93,39,ep? s3400
1788336868,16:14:28,65.0,58.0,58.0,56,92.80,34,ep? s3400
1788336873,16:14:33,70.0,55.0,65.0,57,96.63,29,ep? s3400
1788336878,16:14:38,62.0,58.0,59.0,57,96.57,35,ep? s3400
1788336883,16:14:43,62.0,56.0,59.0,57,94.04,29,ep? s3400
1788336888,16:14:48,73.0,61.0,61.0,57,93.49,30,ep? s3400
1788336893,16:14:53,64.0,59.0,61.0,57,93.50,31,ep? s3400
1788336898,16:14:58,64.0,60.0,61.0,57,93.27,30,ep? s3450
1788336903,16:15:03,61.0,56.0,58.0,57,93.69,30,ep? s3450
1788336908,16:15:08,62.0,56.0,58.0,57,94.28,30,ep? s3450
1788336913,16:15:13,65.0,57.0,65.0,57,93.66,30,ep? s3450
1788336918,16:15:18,62.0,56.0,59.0,57,94.21,30,ep? s3450
1788336923,16:15:23,61.0,59.0,59.0,57,94.31,31,ep? s3450
1788336929,16:15:29,63.0,57.0,63.0,57,93.84,30,ep? s3450
1788336934,16:15:34,64.0,58.0,63.0,57,93.91,30,ep? s3450
1788336939,16:15:39,64.0,55.0,59.0,57,93.89,28,ep? s3450
1788336944,16:15:44,63.0,56.0,58.0,57,93.10,32,ep? s3450
1788336949,16:15:49,60.0,57.0,59.0,57,88.32,28,ep? s3500
1788336954,16:15:54,67.0,59.0,61.0,57,93.14,29,ep? s3500
1788336959,16:15:59,69.0,60.0,67.0,57,93.10,34,ep? s3500
1788336964,16:16:04,69.0,55.0,58.0,57,92.53,32,ep? s3500
1788336969,16:16:09,69.0,56.0,61.0,57,93.50,33,ep? s3500
1788336974,16:16:14,70.0,56.0,59.0,57,93.14,34,ep? s3500
1788336979,16:16:19,65.0,55.0,59.0,57,96.22,29,ep? s3500
1788336984,16:16:24,69.0,57.0,59.0,57,95.90,34,ep? s3500
1788336989,16:16:29,63.0,56.0,59.0,57,93.55,30,ep? s3500
1788336995,16:16:35,74.0,65.0,57.0,57,93.82,31,ep? s3500
1788337000,16:16:40,64.0,56.0,59.0,57,93.25,27,ep? s3550
1788337005,16:16:45,72.0,72.0,61.0,57,95.19,25,ep? s3550
1788337010,16:16:50,80.0,62.0,80.0,57,94.90,27,ep? s3550
1788337015,16:16:55,64.0,60.0,61.0,58,92.99,25,ep? s3550
1788337020,16:17:00,74.0,56.0,58.0,57,92.40,34,ep? s3550
1788337025,16:17:05,71.0,61.0,57.0,57,93.04,36,ep? s3550
1788337030,16:17:10,70.0,54.0,57.0,57,92.38,34,ep? s3550
1788337035,16:17:15,72.0,61.0,72.0,57,95.79,35,ep? s3550
1788337040,16:17:20,62.0,61.0,61.0,57,92.67,30,ep? s3550
1788337045,16:17:25,69.0,57.0,63.0,57,93.98,31,ep? s3550
1788337050,16:17:30,64.0,59.0,58.0,57,93.59,29,ep? s3600
1788337055,16:17:35,76.0,56.0,59.0,57,93.74,31,ep? s3600
1788337060,16:17:40,63.0,54.0,57.0,57,94.01,30,ep? s3600
1788337065,16:17:45,72.0,54.0,57.0,57,93.94,31,ep? s3600
1788337070,16:17:50,63.0,56.0,57.0,57,94.06,30,ep? s3600
1788337076,16:17:56,75.0,61.0,58.0,57,94.18,31,ep? s3600
1788337081,16:18:01,64.0,60.0,61.0,57,94.59,30,ep? s3600
1788337086,16:18:06,73.0,59.0,58.0,57,94.30,30,ep? s3600
1788337091,16:18:11,64.0,60.0,57.0,57,94.00,30,ep? s3600
1788337096,16:18:16,76.0,61.0,59.0,57,92.77,23,ep? s3600
1788337101,16:18:21,64.0,58.0,57.0,57,93.29,27,ep? s3650
1788337106,16:18:26,75.0,56.0,65.0,57,92.11,29,ep? s3650
1788337111,16:18:31,72.0,61.0,72.0,57,95.03,27,ep? s3650
1788337116,16:18:36,69.0,69.0,62.0,57,95.49,25,ep? s3650
1788337121,16:18:41,66.0,56.0,57.0,58,92.88,34,ep? s3650
1788337126,16:18:46,82.0,58.0,67.0,57,92.66,35,ep? s3650
1788337131,16:18:51,66.0,54.0,59.0,57,92.89,34,ep? s3650
1788337136,16:18:56,69.0,61.0,63.0,57,93.21,35,ep? s3650
1788337141,16:19:01,81.0,59.0,65.0,57,96.52,30,ep? s3650
1788337146,16:19:06,84.0,57.0,84.0,57,96.57,35,ep? s3650
1788337151,16:19:11,62.0,56.0,58.0,59,93.81,30,ep? s3700
1788337156,16:19:16,70.0,57.0,58.0,57,93.68,30,ep? s3700
1788337161,16:19:21,62.0,56.0,59.0,57,93.55,30,ep? s3700
1788337166,16:19:26,63.0,61.0,59.0,57,93.69,31,ep? s3700
1788337172,16:19:32,64.0,59.0,59.0,57,93.97,30,ep? s3700
1788337177,16:19:37,76.0,56.0,76.0,57,93.73,31,ep? s3700
1788337182,16:19:42,63.0,60.0,58.0,57,93.94,30,ep? s3700
1788337187,16:19:47,78.0,72.0,78.0,57,93.66,31,ep? s3700
1788337192,16:19:52,63.0,58.0,61.0,57,92.23,31,ep? s3700
1788337197,16:19:57,69.0,58.0,58.0,57,94.11,31,ep? s3700
1788337202,16:20:02,67.0,67.0,61.0,57,94.12,30,ep? s3750
1788337207,16:20:07,68.0,56.0,57.0,57,94.13,31,ep? s3750
1788337212,16:20:12,62.0,54.0,57.0,57,93.58,28,ep? s3750
1788337217,16:20:17,75.0,54.0,65.0,57,93.76,31,ep? s3750
1788337222,16:20:22,63.0,58.0,59.0,57,95.69,28,ep? s3750
1788337227,16:20:27,70.0,68.0,61.0,58,95.27,25,ep? s3750
1788337232,16:20:32,69.0,56.0,58.0,58,92.75,33,ep? s3750
1788337237,16:20:37,77.0,55.0,65.0,57,92.52,25,ep? s3750
1788337242,16:20:42,71.0,58.0,58.0,57,92.83,33,ep? s3750
1788337247,16:20:47,76.0,58.0,61.0,57,92.57,36,ep? s3750
1788337252,16:20:52,75.0,56.0,62.0,57,92.70,33,ep? s3800
1788337258,16:20:58,75.0,59.0,59.0,57,92.99,35,ep? s3800
1788337263,16:21:03,69.0,59.0,58.0,57,96.43,30,ep? s3800
1788337268,16:21:08,75.0,58.0,65.0,57,96.22,34,ep? s3800
1788337273,16:21:13,67.0,59.0,61.0,57,87.93,27,ep? s3800
1788337278,16:21:18,76.0,59.0,76.0,57,93.88,30,ep? s3800
1788337283,16:21:23,65.0,60.0,61.0,57,93.61,30,ep? s3800
1788337288,16:21:28,76.0,59.0,76.0,57,93.81,30,ep? s3800
1788337293,16:21:33,65.0,58.0,61.0,57,93.94,30,ep? s3800
1788337298,16:21:38,72.0,55.0,72.0,57,92.60,29,ep? s3800
1788337304,16:21:44,69.0,56.0,63.0,57,93.02,34,ep? s3850
1788337309,16:21:49,73.0,58.0,59.0,57,96.14,29,ep? s3850
1788337314,16:21:54,69.0,59.0,59.0,57,96.26,35,ep? s3850
1788337319,16:21:59,78.0,58.0,65.0,58,93.81,29,ep? s3850
1788337324,16:22:04,64.0,59.0,63.0,57,93.78,30,ep? s3850
1788337329,16:22:09,82.0,58.0,65.0,57,93.73,29,ep? s3850
1788337334,16:22:14,64.0,63.0,59.0,57,88.42,27,ep? s3850
1788337339,16:22:19,64.0,61.0,59.0,57,93.82,30,ep? s3850
1788337344,16:22:24,67.0,58.0,59.0,57,92.54,30,ep? s3850
1788337349,16:22:29,64.0,59.0,66.0,57,93.86,30,ep? s3850
1788337354,16:22:34,72.0,58.0,59.0,57,92.25,30,ep? s3900
1788337359,16:22:39,65.0,63.0,59.0,57,94.01,30,ep? s3900
1788337364,16:22:44,65.0,58.0,63.0,57,94.74,31,ep? s3900
1788337369,16:22:49,64.0,57.0,66.0,57,94.04,30,ep? s3900
1788337374,16:22:54,65.0,60.0,59.0,57,94.04,31,ep? s3900
1788337379,16:22:59,65.0,60.0,61.0,57,93.80,27,ep? s3900
1788337384,16:23:04,67.0,59.0,67.0,57,95.32,25,ep? s3900
1788337389,16:23:09,69.0,59.0,61.0,58,95.37,27,ep? s3900
1788337394,16:23:14,66.0,61.0,59.0,58,93.42,25,ep? s3900
1788337399,16:23:19,73.0,59.0,61.0,57,93.36,34,ep? s3900
1788337405,16:23:25,72.0,58.0,62.0,57,93.22,25,ep? s3950
1788337410,16:23:30,71.0,59.0,61.0,57,93.06,34,ep? s3950
1788337415,16:23:35,70.0,58.0,62.0,57,93.26,35,ep? s3950
1788337420,16:23:40,69.0,58.0,59.0,58,92.43,29,ep? s3950
1788337425,16:23:45,67.0,59.0,67.0,58,96.35,35,ep? s3950
1788337430,16:23:50,63.0,58.0,58.0,57,92.63,30,ep? s3950
1788337435,16:23:55,63.0,56.0,57.0,57,93.95,30,ep? s3950
1788337440,16:24:00,66.0,60.0,59.0,57,92.80,29,ep? s3950
1788337445,16:24:05,64.0,58.0,58.0,57,93.87,30,ep? s3950
1788337450,16:24:10,64.0,58.0,61.0,57,93.85,30,ep? s3950
1788337455,16:24:15,80.0,61.0,59.0,57,93.83,30,ep? s50
1788337460,16:24:20,65.0,62.0,65.0,57,93.32,30,ep? s50
1788337465,16:24:25,64.0,58.0,62.0,58,93.93,30,ep? s50
1788337470,16:24:30,62.0,60.0,58.0,57,93.78,30,ep? s50
1788337475,16:24:35,64.0,59.0,61.0,58,93.99,29,ep? s50
1788337480,16:24:40,66.0,60.0,59.0,58,93.76,30,ep? s50
1788337485,16:24:45,63.0,59.0,59.0,58,93.55,29,ep? s50
1788337490,16:24:50,64.0,58.0,61.0,58,93.59,27,ep? s50
1788337496,16:24:56,66.0,59.0,61.0,58,93.79,32,ep? s50
1788337501,16:25:01,64.0,60.0,58.0,58,95.79,27,ep? s50
1788337506,16:25:06,65.0,59.0,59.0,58,94.02,32,ep? s50
1788337511,16:25:11,66.0,58.0,57.0,58,92.75,34,ep? s50
1788337516,16:25:16,69.0,60.0,57.0,58,93.27,25,ep? s50
1788337521,16:25:21,70.0,61.0,57.0,58,93.57,34,ep? s50
1788337526,16:25:26,70.0,61.0,61.0,59,110.53,33,ep? s50
1788337531,16:25:31,64.0,59.0,59.0,58,94.60,31,ep? s50
1788337536,16:25:36,64.0,58.0,59.0,58,95.71,34,ep? s50
1788337541,16:25:41,64.0,60.0,59.0,58,94.15,30,ep? s50
1788337546,16:25:46,64.0,60.0,58.0,58,94.10,30,ep? s50
1788337551,16:25:51,67.0,60.0,67.0,58,93.73,29,ep? s50
1788337556,16:25:56,66.0,58.0,61.0,58,94.26,30,ep? s50
1788337561,16:26:01,64.0,56.0,62.0,58,93.03,30,ep? s50
1788337566,16:26:06,66.0,59.0,61.0,58,94.59,30,ep? s50
1788337571,16:26:11,66.0,58.0,61.0,58,94.18,30,ep? s50
1788337576,16:26:16,66.0,62.0,62.0,59,94.57,30,ep? s50
1788337581,16:26:21,63.0,60.0,61.0,58,94.55,31,ep? s50
1788337586,16:26:26,64.0,60.0,62.0,58,94.01,29,ep? s50
1788337592,16:26:32,67.0,60.0,62.0,58,93.15,31,ep? s50
1788337597,16:26:37,64.0,60.0,58.0,59,95.55,28,ep? s50
1788337602,16:26:42,76.0,59.0,69.0,58,93.57,30,ep? s50
1788337607,16:26:47,64.0,58.0,61.0,59,94.62,30,ep? s50
1788337612,16:26:52,66.0,60.0,61.0,59,93.18,30,ep? s50
1788337617,16:26:57,64.0,58.0,61.0,59,94.76,30,ep? s50
1788337622,16:27:02,66.0,62.0,62.0,59,95.09,30,ep? s50
1788337627,16:27:07,62.0,56.0,57.0,59,94.86,30,ep? s50
1788337632,16:27:12,69.0,58.0,58.0,59,94.83,31,ep? s50
1788337638,16:27:18,62.0,60.0,58.0,59,94.54,30,ep? s50
1788337643,16:27:23,69.0,59.0,63.0,59,94.99,30,ep? s50
1788337648,16:27:28,66.0,58.0,66.0,59,94.82,30,ep? s50
1788337653,16:27:33,64.0,59.0,61.0,59,95.23,30,ep? s50
1788337658,16:27:38,63.0,58.0,61.0,59,95.18,30,ep? s50
1788337663,16:27:43,80.0,58.0,65.0,59,95.17,28,ep? s50
1788337668,16:27:48,64.0,58.0,62.0,59,95.20,31,ep? s50
1788337673,16:27:53,63.0,58.0,61.0,59,96.95,28,ep? s50
1788337678,16:27:58,67.0,58.0,63.0,59,96.59,25,ep? s50
1788337683,16:28:03,65.0,56.0,65.0,59,96.72,28,ep? s50
1788337688,16:28:08,65.0,55.0,59.0,60,93.61,24,ep? s50
1788337693,16:28:13,70.0,55.0,59.0,59,94.20,33,ep? s50
1788337698,16:28:18,68.0,55.0,66.0,59,93.60,34,ep? s50
1788337703,16:28:23,72.0,60.0,63.0,59,94.42,33,ep? s50
1788337708,16:28:28,71.0,63.0,59.0,59,93.83,31,ep? s50
1788337713,16:28:33,64.0,61.0,61.0,59,97.98,30,ep? s150
1788337719,16:28:39,71.0,62.0,61.0,59,97.94,35,ep? s150
1788337724,16:28:44,66.0,59.0,61.0,60,95.24,30,ep? s150
1788337729,16:28:49,64.0,58.0,62.0,59,95.19,30,ep? s150
1788337734,16:28:54,66.0,58.0,61.0,59,95.19,30,ep? s150
1788337739,16:28:59,63.0,58.0,62.0,59,94.83,30,ep? s150
1788337744,16:29:04,63.0,58.0,59.0,59,95.06,30,ep? s150
1788337749,16:29:09,76.0,56.0,61.0,59,94.85,31,ep? s150
1788337754,16:29:14,64.0,63.0,59.0,59,95.13,30,ep? s150
1788337759,16:29:19,66.0,59.0,63.0,59,94.91,30,ep? s150
1788337764,16:29:24,67.0,59.0,62.0,59,95.28,30,ep? s200
1788337769,16:29:29,64.0,59.0,61.0,59,95.10,31,ep? s200
1788337774,16:29:34,64.0,59.0,63.0,59,95.08,25,ep? s200
1788337779,16:29:39,64.0,60.0,62.0,59,90.43,31,ep? s200
1788337784,16:29:44,66.0,60.0,62.0,59,94.30,20,ep? s200
1788337789,16:29:49,62.0,59.0,62.0,59,96.48,25,ep? s200
1788337794,16:29:54,65.0,60.0,67.0,59,94.11,33,ep? s200
1788337799,16:29:59,68.0,60.0,63.0,60,94.28,25,ep? s200
1788337804,16:30:04,71.0,66.0,61.0,59,94.51,33,ep? s200
1788337809,16:30:09,72.0,58.0,61.0,59,93.25,35,ep? s200
1788337814,16:30:14,81.0,63.0,67.0,59,97.70,30,ep? s250
1788337819,16:30:19,72.0,59.0,62.0,59,97.75,34,ep? s250
1788337825,16:30:25,64.0,60.0,62.0,60,94.77,29,ep? s250
1788337830,16:30:30,66.0,60.0,62.0,60,94.88,30,ep? s250
1788337835,16:30:35,64.0,58.0,61.0,59,94.94,29,ep? s250
1788337840,16:30:40,64.0,65.0,62.0,59,95.02,30,ep? s250
1788337845,16:30:45,64.0,58.0,61.0,59,95.15,30,ep? s250
1788337850,16:30:50,66.0,62.0,61.0,59,95.25,31,ep? s250
1788337855,16:30:55,64.0,59.0,63.0,59,95.19,30,ep? s250
1788337860,16:31:00,64.0,59.0,61.0,59,95.41,31,ep? s250
1788337865,16:31:05,66.0,59.0,59.0,59,94.95,30,ep? s300
1788337870,16:31:10,66.0,60.0,58.0,59,94.99,31,ep? s300
1788337875,16:31:15,64.0,58.0,63.0,59,94.98,27,ep? s300
1788337880,16:31:20,66.0,59.0,59.0,59,95.21,31,ep? s300
1788337885,16:31:25,66.0,58.0,62.0,59,94.07,27,ep? s300
1788337890,16:31:30,66.0,58.0,65.0,59,96.41,25,ep? s300
1788337895,16:31:35,67.0,59.0,62.0,59,96.60,27,ep? s300
1788337900,16:31:40,68.0,59.0,63.0,60,96.63,25,ep? s300
1788337906,16:31:46,63.0,56.0,63.0,59,95.36,30,ep? s300
1788337911,16:31:51,63.0,55.0,58.0,59,95.35,30,ep? s300
1788337916,16:31:56,64.0,55.0,57.0,59,94.99,30,ep? s350
1788337921,16:32:01,64.0,55.0,58.0,59,94.66,30,ep? s350
1788337926,16:32:06,66.0,56.0,59.0,59,94.96,30,ep? s350
1788337931,16:32:11,66.0,59.0,62.0,59,95.03,30,ep? s350
1788337936,16:32:16,72.0,60.0,72.0,59,94.95,28,ep? s350
1788337941,16:32:21,64.0,59.0,61.0,59,94.67,31,ep? s350
1788337946,16:32:26,64.0,56.0,58.0,59,96.87,28,ep? s350
1788337951,16:32:31,64.0,60.0,59.0,59,96.52,25,ep? s350
1788337956,16:32:36,82.0,58.0,59.0,59,96.61,28,ep? s350
1788337961,16:32:41,72.0,59.0,61.0,59,94.29,25,ep? s350
1788337967,16:32:47,68.0,59.0,62.0,59,94.03,33,ep? s400
1788337972,16:32:52,70.0,59.0,62.0,59,94.06,30,ep? s400
1788337977,16:32:57,67.0,59.0,61.0,59,87.78,30,ep? s400
1788337982,16:33:02,68.0,66.0,61.0,59,93.40,33,ep? s400
1788337987,16:33:07,69.0,59.0,61.0,59,97.56,29,ep? s400
1788337992,16:33:12,68.0,59.0,59.0,59,96.96,33,ep? s400
1788337997,16:33:17,66.0,61.0,62.0,59,95.04,29,ep? s400
1788338002,16:33:22,70.0,56.0,61.0,59,94.85,30,ep? s400
1788338007,16:33:27,70.0,58.0,61.0,59,94.70,30,ep? s400
1788338012,16:33:32,64.0,59.0,62.0,59,94.58,29,ep? s400
1788338017,16:33:37,64.0,60.0,62.0,59,94.78,30,ep? s450
1788338022,16:33:42,64.0,60.0,61.0,59,94.53,31,ep? s450
1788338027,16:33:47,66.0,60.0,65.0,59,94.39,30,ep? s450
1788338032,16:33:52,66.0,60.0,66.0,59,95.08,30,ep? s450
1788338037,16:33:57,64.0,60.0,61.0,59,94.96,30,ep? s450
1788338042,16:34:02,83.0,60.0,62.0,59,94.55,34,ep? s450
1788338047,16:34:07,64.0,61.0,61.0,59,95.08,30,ep? s450
1788338052,16:34:12,64.0,58.0,61.0,59,94.86,32,ep? s450
1788338057,16:34:17,67.0,58.0,58.0,59,94.81,28,ep? s450
1788338063,16:34:23,64.0,58.0,61.0,59,94.83,26,ep? s450
1788338068,16:34:28,64.0,59.0,61.0,59,95.99,28,ep? s500
1788338073,16:34:33,64.0,60.0,61.0,59,94.74,27,ep? s500
1788338078,16:34:38,67.0,59.0,59.0,59,94.18,18,ep? s500
1788338083,16:34:43,69.0,59.0,59.0,60,96.17,27,ep? s500
1788338088,16:34:48,68.0,57.0,61.0,60,96.51,25,ep? s500
1788338093,16:34:53,69.0,59.0,59.0,60,93.77,34,ep? s500
1788338098,16:34:58,76.0,60.0,62.0,59,93.50,18,ep? s500
1788338103,16:35:03,73.0,58.0,61.0,59,96.37,34,ep? s500
1788338108,16:35:08,69.0,60.0,61.0,59,94.25,35,ep? s500
1788338113,16:35:13,71.0,59.0,61.0,60,95.05,30,ep? s500
1788338118,16:35:18,62.0,56.0,59.0,60,97.54,35,ep? s550
1788338123,16:35:23,64.0,56.0,61.0,59,94.70,30,ep? s550
1788338128,16:35:28,63.0,56.0,61.0,59,94.80,30,ep? s550
1788338133,16:35:33,63.0,56.0,61.0,59,94.59,30,ep? s550
1788338138,16:35:38,64.0,58.0,61.0,59,94.78,30,ep? s550
1788338143,16:35:43,66.0,60.0,63.0,59,95.12,30,ep? s550
1788338148,16:35:48,81.0,56.0,61.0,59,94.79,31,ep? s550
1788338154,16:35:54,66.0,59.0,63.0,59,93.66,30,ep? s550
1788338159,16:35:59,66.0,60.0,61.0,59,94.91,30,ep? s550
1788338164,16:36:04,66.0,60.0,61.0,59,94.84,30,ep? s550
1788338169,16:36:09,66.0,60.0,61.0,59,94.93,31,ep? s600
1788338174,16:36:14,64.0,55.0,61.0,59,94.83,31,ep? s600
1788338179,16:36:19,64.0,55.0,61.0,59,94.99,30,ep? s600
1788338184,16:36:24,64.0,56.0,59.0,59,94.81,31,ep? s600
1788338189,16:36:29,66.0,56.0,61.0,60,94.83,27,ep? s600
1788338194,16:36:34,66.0,59.0,61.0,59,94.88,31,ep? s600
1788338199,16:36:39,65.0,59.0,62.0,59,96.68,28,ep? s600
1788338204,16:36:44,66.0,58.0,61.0,59,96.02,25,ep? s600
1788338210,16:36:50,64.0,56.0,61.0,59,93.84,30,ep? s600
1788338215,16:36:55,64.0,56.0,61.0,59,89.98,27,ep? s600
1788338220,16:37:00,63.0,59.0,61.0,59,95.23,30,ep? s650
1788338225,16:37:05,63.0,55.0,58.0,59,95.00,30,ep? s650
1788338230,16:37:10,64.0,56.0,59.0,59,94.94,30,ep? s650
1788338235,16:37:15,64.0,56.0,57.0,59,94.72,34,ep? s650
1788338240,16:37:20,65.0,59.0,61.0,59,94.82,30,ep? s650
1788338245,16:37:25,63.0,58.0,61.0,59,95.09,34,ep? s650
1788338250,16:37:30,63.0,56.0,59.0,60,95.03,30,ep? s650
1788338255,16:37:35,63.0,55.0,59.0,59,94.79,25,ep? s650
1788338260,16:37:40,66.0,59.0,59.0,59,96.51,25,ep? s650
1788338265,16:37:45,63.0,54.0,59.0,59,95.79,27,ep? s650
1788338270,16:37:50,63.0,56.0,58.0,59,96.39,25,ep? s700
1788338275,16:37:55,64.0,61.0,57.0,60,94.13,34,ep? s700
1788338280,16:38:00,68.0,59.0,59.0,60,94.00,25,ep? s700
1788338285,16:38:05,69.0,59.0,61.0,59,93.64,33,ep? s700
1788338290,16:38:10,67.0,57.0,61.0,59,94.12,35,ep? s700
1788338295,16:38:15,68.0,62.0,61.0,59,93.60,29,ep? s700
1788338301,16:38:21,72.0,60.0,63.0,59,97.98,41,ep? s700
1788338306,16:38:26,68.0,58.0,61.0,59,94.94,30,ep? s700
1788338311,16:38:31,68.0,59.0,62.0,61,94.80,30,ep? s700
1788338316,16:38:36,66.0,60.0,62.0,60,95.57,32,ep? s700
1788338321,16:38:41,66.0,59.0,62.0,59,94.77,30,ep? s700
1788338326,16:38:46,64.0,59.0,61.0,59,94.68,30,ep? s750
1788338331,16:38:51,66.0,59.0,62.0,59,94.82,30,ep? s750
1788338336,16:38:56,66.0,60.0,62.0,59,94.69,30,ep? s750
1788338341,16:39:01,64.0,59.0,59.0,59,94.60,30,ep? s750
1788338346,16:39:06,64.0,58.0,59.0,59,94.59,30,ep? s750
1788338351,16:39:11,66.0,55.0,62.0,59,95.27,30,ep? s750
1788338356,16:39:16,63.0,58.0,61.0,59,94.96,31,ep? s750
1788338361,16:39:21,63.0,56.0,61.0,59,93.60,30,ep? s750
1788338366,16:39:26,66.0,59.0,61.0,59,95.24,33,ep? s750
1788338371,16:39:31,64.0,58.0,61.0,59,94.99,30,ep? s750
1788338376,16:39:36,63.0,58.0,61.0,59,94.88,34,ep? s800
1788338381,16:39:41,64.0,58.0,59.0,59,93.93,26,ep? s800
1788338386,16:39:46,64.0,56.0,58.0,59,95.56,33,ep? s800
1788338392,16:39:52,65.0,55.0,61.0,59,95.09,31,ep? s800
1788338397,16:39:57,63.0,55.0,58.0,59,94.82,24,ep? s800
1788338402,16:40:02,64.0,61.0,59.0,59,94.09,28,ep? s800
1788338407,16:40:07,66.0,58.0,57.0,59,96.10,26,ep? s800
1788338412,16:40:12,63.0,58.0,63.0,60,94.28,24,ep? s800
1788338417,16:40:17,66.0,59.0,58.0,60,96.16,27,ep? s800
1788338422,16:40:22,66.0,59.0,66.0,59,93.93,25,ep? s800
1788338427,16:40:27,66.0,58.0,62.0,59,94.01,34,ep? s850
1788338432,16:40:32,64.0,56.0,59.0,59,94.51,35,ep? s850
1788338437,16:40:37,71.0,54.0,57.0,59,94.34,34,ep? s850
1788338442,16:40:42,71.0,56.0,58.0,59,94.21,35,ep? s850
1788338447,16:40:47,70.0,55.0,66.0,59,96.07,30,ep? s850
1788338452,16:40:52,64.0,55.0,58.0,60,97.76,35,ep? s850
1788338457,16:40:57,63.0,55.0,58.0,59,94.76,30,ep? s850
1788338462,16:41:02,66.0,60.0,62.0,59,94.74,30,ep? s850
1788338467,16:41:07,64.0,56.0,62.0,59,94.79,30,ep? s850
1788338472,16:41:12,64.0,59.0,62.0,59,95.16,30,ep? s850
1788338478,16:41:18,64.0,60.0,62.0,59,95.44,30,ep? s900
1788338483,16:41:23,66.0,59.0,62.0,59,95.21,30,ep? s900
1788338488,16:41:28,66.0,59.0,62.0,59,93.79,30,ep? s900
1788338493,16:41:33,64.0,58.0,62.0,59,94.79,31,ep? s900
1788338498,16:41:38,64.0,60.0,61.0,59,93.55,30,ep? s900
1788338503,16:41:43,64.0,59.0,61.0,59,94.84,32,ep? s900
1788338508,16:41:48,66.0,60.0,62.0,59,95.07,30,ep? s900
1788338513,16:41:53,69.0,59.0,59.0,59,97.78,35,ep? s900
1788338519,16:41:59,69.0,61.0,59.0,59,95.47,33,ep? s900
1788338524,16:42:04,66.0,61.0,59.0,60,95.21,30,ep? s900
1788338529,16:42:09,64.0,61.0,59.0,60,97.61,35,ep? s950
1788338534,16:42:14,64.0,61.0,59.0,59,95.25,29,ep? s950
1788338539,16:42:19,64.0,58.0,59.0,59,94.98,30,ep? s950
1788338544,16:42:24,64.0,58.0,59.0,59,95.04,30,ep? s950
1788338549,16:42:29,68.0,64.0,59.0,59,95.19,30,ep? s950
1788338554,16:42:34,64.0,63.0,62.0,59,95.27,30,ep? s950
1788338559,16:42:39,66.0,59.0,59.0,59,95.45,30,ep? s950
1788338564,16:42:44,63.0,55.0,58.0,59,95.33,30,ep? s950
1788338569,16:42:49,68.0,58.0,57.0,59,95.13,30,ep? s950
1788338574,16:42:54,66.0,59.0,62.0,59,95.18,30,ep? s950
1788338579,16:42:59,66.0,59.0,66.0,59,95.02,31,ep? s1000
1788338584,16:43:04,64.0,58.0,59.0,59,93.69,27,ep? s1000
1788338589,16:43:09,64.0,59.0,61.0,59,94.62,31,ep? s1000
1788338594,16:43:14,63.0,56.0,59.0,59,94.64,27,ep? s1000
1788338599,16:43:19,64.0,59.0,61.0,59,94.54,25,ep? s1000
1788338604,16:43:24,64.0,60.0,61.0,59,93.49,23,ep? s1000
1788338609,16:43:29,62.0,59.0,61.0,59,95.68,25,ep? s1000
1788338615,16:43:35,64.0,59.0,61.0,59,96.24,27,ep? s1000
1788338620,16:43:40,64.0,59.0,61.0,59,94.91,34,ep? s1000
1788338625,16:43:45,64.0,55.0,59.0,61,93.97,25,ep? s1000
1788338630,16:43:50,65.0,58.0,61.0,59,93.85,34,ep? s1050
1788338635,16:43:55,69.0,59.0,66.0,59,93.65,35,ep? s1050
1788338640,16:44:00,69.0,60.0,62.0,59,94.11,34,ep? s1050
1788338645,16:44:05,67.0,60.0,61.0,59,94.01,35,ep? s1050
1788338650,16:44:10,68.0,59.0,61.0,59,97.63,29,ep? s1050
1788338655,16:44:15,69.0,59.0,61.0,59,97.24,35,ep? s1050
1788338660,16:44:20,64.0,60.0,65.0,60,93.67,29,ep? s1050
1788338665,16:44:25,66.0,60.0,61.0,60,94.80,30,ep? s1050
1788338670,16:44:30,66.0,60.0,62.0,59,94.53,29,ep? s1050
1788338675,16:44:35,66.0,59.0,62.0,59,94.75,29,ep? s1050
1788338680,16:44:40,66.0,60.0,62.0,59,93.79,30,ep? s1100
1788338685,16:44:45,64.0,59.0,58.0,59,94.63,30,ep? s1100
1788338690,16:44:50,65.0,59.0,61.0,59,94.73,30,ep? s1100
1788338695,16:44:55,64.0,63.0,61.0,59,95.00,30,ep? s1100
1788338700,16:45:00,64.0,59.0,62.0,59,93.83,30,ep? s1100
1788338706,16:45:06,65.0,65.0,61.0,59,94.58,30,ep? s1100
1788338711,16:45:11,73.0,60.0,61.0,59,94.86,30,ep? s1100
1788338716,16:45:16,65.0,60.0,62.0,59,94.88,30,ep? s1100
1788338721,16:45:21,65.0,58.0,61.0,59,94.90,31,ep? s1100
1788338726,16:45:26,70.0,58.0,61.0,59,94.87,27,ep? s1100
1788338731,16:45:31,64.0,65.0,61.0,59,94.69,31,ep? s1150
1788338736,16:45:36,63.0,58.0,61.0,59,94.48,27,ep? s1150
1788338741,16:45:41,64.0,58.0,61.0,59,95.92,25,ep? s1150
1788338746,16:45:46,67.0,59.0,63.0,59,96.17,27,ep? s1150
1788338751,16:45:51,63.0,59.0,59.0,60,93.74,25,ep? s1150
1788338756,16:45:56,68.0,59.0,61.0,60,93.99,34,ep? s1150
1788338761,16:46:01,72.0,59.0,63.0,59,94.04,25,ep? s1150
1788338766,16:46:06,67.0,59.0,61.0,59,94.41,34,ep? s1150
1788338771,16:46:11,68.0,58.0,61.0,59,94.52,35,ep? s1150
1788338776,16:46:16,68.0,59.0,61.0,59,96.28,30,ep? s1150
1788338781,16:46:21,71.0,59.0,61.0,59,97.43,35,ep? s1200
1788338786,16:46:26,70.0,58.0,61.0,59,94.61,29,ep? s1200
1788338791,16:46:31,71.0,57.0,61.0,59,94.51,30,ep? s1200
1788338797,16:46:37,64.0,58.0,59.0,59,93.57,30,ep? s1200
1788338802,16:46:42,67.0,57.0,63.0,59,94.82,30,ep? s1200
1788338807,16:46:47,64.0,58.0,58.0,59,93.34,30,ep? s1200
1788338812,16:46:52,64.0,58.0,61.0,59,94.43,31,ep? s1200
1788338817,16:46:57,65.0,58.0,59.0,60,93.64,33,ep? s1200
1788338822,16:47:02,70.0,63.0,61.0,59,93.90,25,ep? s1200
1788338827,16:47:07,71.0,58.0,61.0,59,93.84,33,ep? s1200
1788338832,16:47:12,70.0,58.0,61.0,59,93.98,34,ep? s1250
1788338838,16:47:18,71.0,59.0,62.0,59,93.87,33,ep? s1250
1788338843,16:47:23,79.0,59.0,62.0,59,94.71,31,ep? s1250
1788338848,16:47:28,67.0,59.0,62.0,60,97.32,29,ep? s1250
1788338853,16:47:33,80.0,59.0,61.0,59,94.31,31,ep? s1250
1788338858,16:47:38,63.0,57.0,61.0,59,94.71,29,ep? s1250
1788338863,16:47:43,83.0,60.0,83.0,59,93.62,30,ep? s1250
1788338868,16:47:48,62.0,57.0,59.0,59,94.77,30,ep? s1250
1788338873,16:47:53,80.0,58.0,80.0,59,93.51,31,ep? s1250
1788338878,16:47:58,63.0,56.0,59.0,59,95.00,30,ep? s1250
1788338883,16:48:03,69.0,61.0,61.0,59,94.91,31,ep? s1300
1788338888,16:48:08,66.0,59.0,61.0,59,94.66,30,ep? s1300
1788338893,16:48:13,69.0,64.0,65.0,59,94.50,32,ep? s1300
1788338898,16:48:18,67.0,61.0,63.0,59,95.29,35,ep? s1300
1788338903,16:48:23,74.0,64.0,62.0,59,94.85,32,ep? s1300
1788338908,16:48:28,67.0,58.0,65.0,59,94.58,28,ep? s1300
1788338913,16:48:33,73.0,60.0,61.0,59,96.15,25,ep? s1300
1788338918,16:48:38,66.0,58.0,58.0,59,96.42,28,ep? s1300
1788338923,16:48:43,78.0,59.0,63.0,59,94.81,24,ep? s1300
1788338928,16:48:48,67.0,60.0,59.0,59,94.01,33,ep? s1300
1788338933,16:48:53,76.0,61.0,67.0,60,94.29,35,ep? s1350
1788338939,16:48:59,69.0,59.0,61.0,59,94.26,33,ep? s1350
1788338944,16:49:04,70.0,60.0,62.0,59,94.45,35,ep? s1350
1788338949,16:49:09,69.0,58.0,61.0,59,97.08,29,ep? s1350
1788338954,16:49:14,68.0,62.0,57.0,59,95.43,29,ep? s1350
1788338959,16:49:19,68.0,57.0,63.0,59,97.10,35,ep? s1350
1788338964,16:49:24,74.0,74.0,58.0,60,96.29,30,ep? s1350
1788338969,16:49:29,64.0,58.0,59.0,60,97.49,35,ep? s1350
1788338974,16:49:34,73.0,73.0,59.0,59,94.50,30,ep? s1350
1788338979,16:49:39,66.0,58.0,65.0,59,94.71,30,ep? s1350
1788338984,16:49:44,68.0,59.0,62.0,59,94.61,31,ep? s1400
1788338989,16:49:49,64.0,58.0,61.0,59,94.79,30,ep? s1400
1788338994,16:49:54,71.0,60.0,61.0,59,94.84,31,ep? s1400
1788338999,16:49:59,63.0,58.0,59.0,59,95.22,30,ep? s1400
1788339004,16:50:04,77.0,59.0,59.0,59,94.76,31,ep? s1400
1788339009,16:50:09,64.0,58.0,58.0,59,94.53,30,ep? s1400
1788339014,16:50:14,76.0,62.0,76.0,60,94.71,31,ep? s1400
1788339019,16:50:19,65.0,59.0,57.0,59,94.70,31,ep? s1400
1788339024,16:50:24,72.0,72.0,57.0,59,93.85,25,ep? s1400
1788339029,16:50:29,67.0,60.0,66.0,59,95.04,31,ep? s1400
1788339035,16:50:35,75.0,64.0,58.0,59,94.04,21,ep? s1450
1788339040,16:50:40,65.0,60.0,58.0,59,96.30,25,ep? s1450
1788339045,16:50:45,75.0,61.0,75.0,59,96.32,27,ep? s1450
1788339050,16:50:50,64.0,58.0,58.0,59,95.10,24,ep? s1450
1788339055,16:50:55,69.0,59.0,57.0,60,94.10,26,ep? s1450
1788339060,16:51:00,75.0,58.0,58.0,59,94.39,35,ep? s1450
1788339065,16:51:05,72.0,58.0,59.0,59,94.37,35,ep? s1450
1788339070,16:51:10,68.0,56.0,59.0,59,94.35,34,ep? s1450
1788339075,16:51:15,70.0,56.0,61.0,59,97.70,36,ep? s1450
1788339080,16:51:20,64.0,58.0,58.0,60,94.26,29,ep? s1450
1788339085,16:51:25,73.0,73.0,59.0,60,97.80,35,ep? s1500
1788339090,16:51:30,64.0,60.0,61.0,59,93.90,30,ep? s1500
1788339095,16:51:35,85.0,58.0,85.0,59,94.78,31,ep? s1500
1788339100,16:51:40,64.0,60.0,59.0,59,95.11,30,ep? s1500
1788339105,16:51:45,81.0,59.0,66.0,59,95.43,29,ep? s1500
1788339110,16:51:50,63.0,58.0,62.0,59,95.18,30,ep? s1500
1788339115,16:51:55,80.0,58.0,59.0,59,95.61,31,ep? s1500
1788339121,16:52:01,68.0,61.0,61.0,59,94.42,33,ep? s1500
1788339126,16:52:06,80.0,59.0,59.0,59,94.51,35,ep? s1500
1788339131,16:52:11,65.0,58.0,59.0,59,94.36,33,ep? s1500
1788339136,16:52:16,76.0,60.0,62.0,59,97.90,35,ep? s1550
1788339141,16:52:21,72.0,59.0,59.0,59,97.71,29,ep? s1550
1788339146,16:52:26,76.0,62.0,76.0,60,94.99,30,ep? s1550
1788339151,16:52:31,62.0,59.0,61.0,60,96.07,32,ep? s1550
1788339156,16:52:36,73.0,62.0,62.0,60,95.26,30,ep? s1550
1788339161,16:52:41,63.0,59.0,62.0,59,95.24,30,ep? s1550
1788339166,16:52:46,74.0,59.0,61.0,59,95.46,30,ep? s1550
1788339171,16:52:51,64.0,61.0,61.0,59,95.36,30,ep? s1550
1788339177,16:52:57,67.0,61.0,61.0,59,93.82,30,ep? s1550
1788339182,16:53:02,64.0,60.0,62.0,59,95.19,31,ep? s1550
1788339187,16:53:07,70.0,60.0,59.0,59,95.12,30,ep? s1550
1788339192,16:53:12,65.0,61.0,65.0,59,95.41,31,ep? s1600
1788339197,16:53:17,68.0,68.0,65.0,59,94.04,30,ep? s1600
1788339202,16:53:22,64.0,59.0,61.0,59,95.12,31,ep? s1600
1788339207,16:53:27,75.0,62.0,58.0,59,94.70,30,ep? s1600
1788339212,16:53:32,64.0,58.0,59.0,59,94.83,31,ep? s1600
1788339217,16:53:37,80.0,65.0,61.0,59,94.85,28,ep? s1600
1788339222,16:53:42,64.0,59.0,59.0,59,96.59,25,ep? s1600
1788339227,16:53:47,69.0,69.0,58.0,59,95.76,28,ep? s1600
1788339232,16:53:52,82.0,60.0,59.0,60,93.97,25,ep? s1600
1788339237,16:53:57,68.0,68.0,58.0,60,94.10,33,ep? s1600
1788339242,16:54:02,72.0,60.0,59.0,59,94.28,35,ep? s1650
1788339247,16:54:07,78.0,60.0,78.0,59,94.20,33,ep? s1650
1788339252,16:54:12,64.0,59.0,61.0,59,94.32,35,ep? s1650
1788339257,16:54:17,76.0,59.0,61.0,59,94.50,33,ep? s1650
1788339262,16:54:22,69.0,59.0,58.0,59,90.18,30,ep? s1650
1788339267,16:54:27,73.0,59.0,69.0,60,97.63,29,ep? s1650
1788339273,16:54:33,64.0,60.0,62.0,59,93.94,30,ep? s1650
1788339278,16:54:38,80.0,60.0,61.0,59,95.07,29,ep? s1650
1788339283,16:54:43,62.0,60.0,61.0,59,95.23,30,ep? s1650
1788339288,16:54:48,73.0,61.0,67.0,59,95.00,30,ep? s1650
1788339293,16:54:53,64.0,60.0,61.0,59,94.79,30,ep? s1700
1788339298,16:54:58,71.0,71.0,61.0,59,94.93,30,ep? s1700
1788339303,16:55:03,67.0,61.0,62.0,59,94.85,30,ep? s1700
1788339308,16:55:08,77.0,59.0,59.0,59,95.29,30,ep? s1700
1788339313,16:55:13,67.0,60.0,62.0,59,94.76,30,ep? s1700
1788339318,16:55:18,80.0,60.0,80.0,59,95.16,31,ep? s1700
1788339323,16:55:23,75.0,61.0,59.0,59,94.59,30,ep? s1700
1788339328,16:55:28,75.0,61.0,67.0,59,94.51,31,ep? s1700
1788339333,16:55:33,67.0,64.0,61.0,59,91.71,24,ep? s1700
1788339338,16:55:38,74.0,74.0,59.0,59,96.66,25,ep? s1700
1788339343,16:55:43,67.0,60.0,59.0,59,96.18,29,ep? s1750
1788339348,16:55:48,75.0,62.0,61.0,59,93.35,17,ep? s1750
1788339353,16:55:53,68.0,65.0,59.0,59,94.58,33,ep? s1750
1788339358,16:55:58,70.0,70.0,66.0,60,96.35,27,ep? s1750
1788339363,16:56:03,69.0,59.0,58.0,59,93.32,29,ep? s1750
1788339368,16:56:08,78.0,58.0,61.0,59,93.28,33,ep? s1750
1788339374,16:56:14,70.0,58.0,58.0,59,94.23,26,ep? s1750
1788339379,16:56:19,64.0,59.0,58.0,59,94.06,33,ep? s1750
1788339384,16:56:24,72.0,58.0,65.0,59,94.52,35,ep? s1750
1788339389,16:56:29,73.0,60.0,61.0,59,97.76,29,ep? s1750
1788339394,16:56:34,67.0,59.0,61.0,60,96.76,35,ep? s1800
1788339399,16:56:39,75.0,58.0,66.0,60,97.70,29,ep? s1800
1788339404,16:56:44,64.0,58.0,58.0,59,94.92,30,ep? s1800
1788339409,16:56:49,67.0,60.0,58.0,59,94.81,29,ep? s1800
1788339414,16:56:54,65.0,60.0,58.0,59,95.11,30,ep? s1800
1788339419,16:56:59,64.0,58.0,61.0,59,95.26,30,ep? s1800
1788339425,16:57:05,67.0,58.0,66.0,59,96.87,25,ep? s1800
1788339430,16:57:10,66.0,58.0,66.0,59,95.30,33,ep? s1800
1788339435,16:57:15,67.0,60.0,65.0,60,94.10,25,ep? s1800
1788339440,16:57:20,73.0,62.0,59.0,60,94.19,33,ep? s1800
1788339445,16:57:25,71.0,60.0,65.0,59,94.28,35,ep? s1850
1788339450,16:57:30,72.0,61.0,65.0,59,97.37,29,ep? s1850
1788339455,16:57:35,66.0,59.0,65.0,59,94.57,34,ep? s1850
1788339460,16:57:40,71.0,59.0,63.0,59,96.48,29,ep? s1850
1788339465,16:57:45,71.0,62.0,61.0,59,98.15,29,ep? s1850
1788339470,16:57:50,67.0,59.0,61.0,60,96.33,33,ep? s1850
1788339475,16:57:55,67.0,58.0,61.0,61,94.90,29,ep? s1850
1788339480,16:58:00,65.0,58.0,67.0,59,95.16,30,ep? s1850
1788339485,16:58:05,67.0,59.0,61.0,59,95.27,30,ep? s1850
1788339490,16:58:10,65.0,56.0,61.0,59,94.99,30,ep? s1850
1788339495,16:58:15,65.0,59.0,67.0,59,94.86,30,ep? s1900
1788339500,16:58:20,72.0,61.0,61.0,59,95.19,30,ep? s1900
1788339506,16:58:26,67.0,58.0,62.0,59,94.71,30,ep? s1900
1788339511,16:58:31,65.0,58.0,61.0,59,95.23,30,ep? s1900
1788339516,16:58:36,65.0,60.0,61.0,59,95.36,30,ep? s1900
1788339521,16:58:41,67.0,61.0,62.0,59,91.16,31,ep? s1900
1788339526,16:58:46,64.0,56.0,61.0,59,95.18,30,ep? s1900
1788339531,16:58:51,65.0,56.0,62.0,59,95.35,31,ep? s1900
1788339536,16:58:56,66.0,58.0,66.0,59,95.49,30,ep? s1900
1788339541,16:59:01,65.0,58.0,62.0,59,96.30,25,ep? s1900
1788339546,16:59:06,67.0,56.0,63.0,59,95.52,29,ep? s1950
1788339551,16:59:11,67.0,57.0,61.0,60,93.56,25,ep? s1950
1788339556,16:59:16,69.0,59.0,63.0,59,95.34,32,ep? s1950
1788339561,16:59:21,69.0,58.0,67.0,59,93.64,35,ep? s1950
1788339566,16:59:26,70.0,61.0,62.0,59,94.40,32,ep? s1950
1788339571,16:59:31,71.0,59.0,65.0,59,93.73,35,ep? s1950
1788339576,16:59:36,70.0,58.0,61.0,59,95.98,31,ep? s1950
1788339581,16:59:41,69.0,58.0,62.0,59,97.83,29,ep? s1950
1788339586,16:59:46,64.0,59.0,67.0,60,96.07,33,ep? s1950
1788339591,16:59:51,65.0,59.0,62.0,60,97.56,29,ep? s1950
1788339596,16:59:56,67.0,59.0,63.0,59,94.95,30,ep? s2000
1788339601,17:00:01,65.0,58.0,63.0,59,94.86,29,ep? s2000
1788339607,17:00:07,66.0,59.0,63.0,59,95.03,30,ep? s2000
1788339612,17:00:12,66.0,59.0,61.0,59,94.84,30,ep? s2000
1788339617,17:00:17,66.0,59.0,61.0,59,94.73,30,ep? s2000
1788339622,17:00:22,66.0,59.0,61.0,59,94.89,30,ep? s2000
1788339627,17:00:27,66.0,58.0,62.0,59,94.91,30,ep? s2000
1788339632,17:00:32,66.0,58.0,59.0,59,94.80,30,ep? s2000
1788339637,17:00:37,66.0,55.0,59.0,59,93.89,30,ep? s2000
1788339642,17:00:42,66.0,59.0,62.0,59,95.31,30,ep? s2000
1788339647,17:00:47,66.0,56.0,59.0,59,93.90,31,ep? s2050
1788339652,17:00:52,66.0,56.0,62.0,59,95.19,30,ep? s2050
1788339657,17:00:57,66.0,56.0,59.0,59,94.97,30,ep? s2050
1788339662,17:01:02,66.0,59.0,61.0,59,95.00,29,ep? s2050
1788339667,17:01:07,67.0,59.0,62.0,59,95.09,27,ep? s2050
1788339672,17:01:12,65.0,65.0,61.0,59,95.12,30,ep? s2050
1788339677,17:01:17,66.0,60.0,61.0,59,95.02,28,ep? s2050
1788339682,17:01:22,66.0,59.0,62.0,59,96.77,25,ep? s2050
1788339687,17:01:27,66.0,61.0,59.0,59,96.11,29,ep? s2050
1788339693,17:01:33,67.0,60.0,61.0,60,96.78,25,ep? s2050
1788339698,17:01:38,66.0,59.0,61.0,60,95.09,33,ep? s2100
1788339703,17:01:43,70.0,59.0,61.0,60,95.86,25,ep? s2100
1788339708,17:01:48,69.0,59.0,62.0,59,94.15,33,ep? s2100
1788339713,17:01:53,77.0,55.0,62.0,59,93.59,34,ep? s2100
1788339718,17:01:58,69.0,63.0,61.0,59,96.64,29,ep? s2100
1788339723,17:02:03,72.0,62.0,61.0,59,94.23,34,ep? s2100
1788339728,17:02:08,68.0,55.0,62.0,59,94.77,30,ep? s2100
1788339734,17:02:14,65.0,56.0,61.0,59,94.99,33,ep? s2100
1788339739,17:02:19,67.0,58.0,65.0,59,94.89,29,ep? s2100
1788339744,17:02:24,65.0,56.0,61.0,59,94.84,34,ep? s2100
1788339749,17:02:29,65.0,58.0,59.0,59,96.55,28,ep? s2150
1788339754,17:02:34,66.0,58.0,62.0,59,95.97,24,ep? s2150
1788339759,17:02:39,67.0,59.0,61.0,60,94.36,33,ep? s2150
1788339764,17:02:44,69.0,59.0,62.0,60,95.33,23,ep? s2150
1788339769,17:02:49,69.0,60.0,61.0,59,95.03,33,ep? s2150
1788339774,17:02:54,70.0,60.0,66.0,59,94.62,34,ep? s2150
1788339779,17:02:59,69.0,66.0,61.0,59,97.22,29,ep? s2150
1788339784,17:03:04,72.0,60.0,62.0,59,94.68,34,ep? s2150
1788339789,17:03:09,69.0,60.0,62.0,59,88.37,27,ep? s2150
1788339794,17:03:14,66.0,59.0,61.0,60,97.89,30,ep? s2150
1788339799,17:03:19,65.0,60.0,61.0,60,97.44,29,ep? s2200
1788339804,17:03:24,64.0,58.0,61.0,59,95.30,30,ep? s2200
1788339809,17:03:29,65.0,59.0,62.0,59,94.19,30,ep? s2200
1788339814,17:03:34,65.0,58.0,63.0,59,95.22,30,ep? s2200
1788339819,17:03:39,67.0,58.0,62.0,59,93.77,30,ep? s2200
1788339824,17:03:44,65.0,55.0,65.0,59,95.36,30,ep? s2200
1788339829,17:03:49,67.0,59.0,63.0,59,95.41,31,ep? s2200
1788339835,17:03:55,65.0,58.0,61.0,60,95.43,30,ep? s2200
1788339840,17:04:00,67.0,59.0,62.0,59,95.17,31,ep? s2200
1788339845,17:04:05,67.0,59.0,61.0,59,95.26,30,ep? s2200
1788339850,17:04:10,65.0,58.0,62.0,59,95.22,32,ep? s2250
1788339855,17:04:15,65.0,59.0,61.0,59,94.97,29,ep? s2250
1788339860,17:04:20,64.0,54.0,61.0,60,94.82,23,ep? s2250
1788339865,17:04:25,65.0,58.0,59.0,59,95.94,28,ep? s2250
1788339870,17:04:30,65.0,58.0,61.0,59,95.02,23,ep? s2250
1788339875,17:04:35,69.0,59.0,59.0,60,94.19,33,ep? s2250
1788339880,17:04:40,67.0,57.0,63.0,60,94.18,34,ep? s2250
1788339885,17:04:45,68.0,55.0,57.0,59,94.14,33,ep? s2250
1788339890,17:04:50,69.0,56.0,61.0,59,96.84,34,ep? s2250
1788339895,17:04:55,68.0,58.0,58.0,59,94.60,33,ep? s2250
1788339900,17:05:00,66.0,59.0,63.0,59,97.65,35,ep? s2300
1788339905,17:05:05,67.0,65.0,62.0,60,95.12,29,ep? s2300
1788339910,17:05:10,65.0,58.0,63.0,60,95.27,30,ep? s2300
1788339915,17:05:15,67.0,59.0,62.0,59,95.23,30,ep? s2300
1788339920,17:05:20,66.0,59.0,61.0,59,95.13,30,ep? s2300
1788339925,17:05:25,66.0,59.0,61.0,59,95.07,30,ep? s2300
1788339931,17:05:31,67.0,58.0,61.0,59,94.96,30,ep? s2300
1788339936,17:05:36,66.0,58.0,61.0,59,95.07,30,ep? s2300
1788339941,17:05:41,66.0,59.0,61.0,59,93.96,30,ep? s2300
1788339946,17:05:46,66.0,59.0,59.0,59,94.90,31,ep? s2300
1788339951,17:05:51,71.0,60.0,62.0,59,95.15,30,ep? s2300
1788339956,17:05:56,66.0,56.0,62.0,59,95.60,31,ep? s2350
1788339961,17:06:01,67.0,59.0,61.0,59,95.34,30,ep? s2350
1788339966,17:06:06,67.0,58.0,62.0,59,95.12,31,ep? s2350
1788339971,17:06:11,66.0,58.0,61.0,59,95.22,30,ep? s2350
1788339976,17:06:16,67.0,58.0,61.0,59,95.27,33,ep? s2350
1788339981,17:06:21,65.0,59.0,58.0,59,93.61,33,ep2
1788339986,17:06:26,69.0,58.0,61.0,59,94.41,34,ep2
1788339991,17:06:31,70.0,57.0,58.0,59,94.30,25,ep2
1788339996,17:06:36,72.0,59.0,65.0,59,94.34,34,ep2
1788340001,17:06:41,71.0,59.0,61.0,59,94.59,35,ep2
1788340006,17:06:46,70.0,58.0,62.0,60,94.30,30,ep2
1788340011,17:06:51,66.0,59.0,62.0,60,96.22,33,ep2
1788340016,17:06:56,67.0,65.0,62.0,59,95.38,29,ep2
1788340022,17:07:02,67.0,58.0,61.0,59,95.23,30,ep2
1788340027,17:07:07,65.0,58.0,63.0,59,94.94,30,ep2
1788340032,17:07:12,67.0,58.0,58.0,60,96.82,33,ep2
1788340037,17:07:17,64.0,56.0,59.0,59,94.23,25,ep2
1788340042,17:07:22,69.0,60.0,58.0,59,94.68,34,ep2
1788340047,17:07:27,68.0,57.0,57.0,59,94.36,35,ep2
1788340052,17:07:32,69.0,56.0,62.0,60,94.88,29,ep2
1788340057,17:07:37,64.0,56.0,59.0,60,96.64,34,ep2
1788340062,17:07:42,72.0,72.0,59.0,59,95.08,29,ep2
1788340068,17:07:48,67.0,60.0,62.0,59,95.52,37,ep2
1788340073,17:07:53,65.0,56.0,62.0,59,95.23,30,ep2
1788340078,17:07:58,65.0,56.0,63.0,59,94.83,30,ep2
1788340083,17:08:03,67.0,55.0,65.0,59,93.62,30,ep2
1788340088,17:08:08,65.0,55.0,59.0,59,94.91,30,ep2
1788340093,17:08:13,65.0,56.0,59.0,59,95.21,30,ep2
1788340098,17:08:18,65.0,60.0,61.0,59,95.43,30,ep2
1788340103,17:08:23,67.0,59.0,63.0,59,95.29,31,ep2
1788340108,17:08:28,65.0,59.0,62.0,59,95.20,30,ep2
1788340113,17:08:33,67.0,59.0,59.0,59,94.79,31,ep2
1788340118,17:08:38,67.0,59.0,61.0,59,94.79,28,ep2
1788340123,17:08:43,67.0,59.0,59.0,59,96.36,25,ep2
1788340128,17:08:48,62.0,59.0,57.0,60,96.91,28,ep2
1788340133,17:08:53,69.0,59.0,61.0,60,94.38,25,ep2
1788340138,17:08:58,71.0,60.0,62.0,59,94.32,34,ep2
1788340143,17:09:03,69.0,60.0,59.0,59,94.39,35,ep2
1788340148,17:09:08,71.0,59.0,62.0,59,95.08,34,ep2
1788340153,17:09:13,68.0,59.0,58.0,59,97.92,35,ep2
1788340158,17:09:18,67.0,59.0,59.0,60,95.09,30,ep2
1788340164,17:09:24,65.0,58.0,58.0,60,94.71,30,ep2
1788340169,17:09:29,64.0,55.0,58.0,59,94.86,30,ep2
1788340174,17:09:34,65.0,55.0,59.0,59,94.58,30,ep2
1788340179,17:09:39,64.0,56.0,59.0,59,93.52,30,ep2
1788340184,17:09:44,66.0,56.0,66.0,59,94.83,30,ep2
1788340189,17:09:49,64.0,56.0,59.0,59,95.25,30,ep2
1788340194,17:09:54,64.0,60.0,59.0,59,95.10,30,ep2
1788340199,17:09:59,64.0,61.0,61.0,59,94.28,31,ep2
1788340204,17:10:04,67.0,67.0,61.0,59,95.22,30,ep2
1788340209,17:10:09,64.0,58.0,57.0,59,95.41,31,ep2
1788340214,17:10:14,68.0,59.0,58.0,59,95.48,23,ep2
1788340219,17:10:19,64.0,56.0,59.0,59,93.87,28,ep2
1788340224,17:10:24,62.0,59.0,57.0,60,95.38,24,ep2
1788340229,17:10:29,65.0,58.0,58.0,59,94.33,27,ep2
1788340234,17:10:34,69.0,59.0,58.0,59,94.54,34,ep2
1788340239,17:10:39,67.0,58.0,57.0,59,94.37,27,ep2
1788340244,17:10:44,69.0,58.0,57.0,59,97.30,34,ep2
1788340249,17:10:49,68.0,59.0,58.0,59,97.72,29,ep2
1788340254,17:10:54,64.0,59.0,61.0,60,95.28,30,ep2
1788340260,17:11:00,67.0,59.0,61.0,60,95.58,29,ep2
1788340265,17:11:05,67.0,59.0,61.0,59,95.12,30,ep2
1788340270,17:11:10,65.0,66.0,59.0,59,95.11,30,ep2
1788340275,17:11:15,68.0,59.0,65.0,59,94.03,29,ep2
1788340280,17:11:20,67.0,59.0,62.0,59,95.39,30,ep2
1788340285,17:11:25,81.0,59.0,61.0,59,95.19,30,ep2
1788340290,17:11:30,67.0,58.0,69.0,59,95.43,30,ep2
1788340295,17:11:35,67.0,58.0,59.0,59,95.53,31,ep2
1788340300,17:11:40,64.0,58.0,58.0,60,95.29,30,ep2
1788340305,17:11:45,67.0,56.0,59.0,59,95.32,30,ep2
1788340310,17:11:50,64.0,58.0,57.0,59,95.44,30,ep2
1788340315,17:11:55,65.0,58.0,59.0,59,95.19,30,ep2
1788340320,17:12:00,67.0,59.0,57.0,59,95.36,30,ep2
1788340325,17:12:05,69.0,59.0,69.0,59,95.13,27,ep2
1788340330,17:12:10,65.0,60.0,62.0,60,96.10,27,ep2
1788340336,17:12:16,68.0,59.0,61.0,59,97.84,30,ep2
1788340341,17:12:21,67.0,59.0,58.0,60,95.18,29,ep2
1788340346,17:12:26,65.0,56.0,59.0,60,97.45,30,ep2
1788340351,17:12:31,67.0,58.0,61.0,59,94.20,30,ep2
1788340356,17:12:36,65.0,62.0,59.0,59,95.18,29,ep2
1788340361,17:12:41,67.0,58.0,61.0,59,95.52,30,ep2
1788340366,17:12:46,65.0,59.0,61.0,59,95.60,30,ep2
1788340371,17:12:51,67.0,59.0,61.0,59,95.38,30,ep2
1788340377,17:12:57,66.0,60.0,61.0,59,95.65,30,ep2
1788340382,17:13:02,66.0,59.0,61.0,59,95.09,31,ep2
1788340387,17:13:07,67.0,63.0,62.0,59,95.64,30,ep2
1788340392,17:13:12,67.0,59.0,61.0,59,95.09,30,ep2
1788340397,17:13:17,73.0,73.0,59.0,60,95.36,30,ep2
1788340402,17:13:22,67.0,59.0,62.0,59,95.12,30,ep2
1788340407,17:13:27,67.0,58.0,61.0,59,95.43,29,ep2
1788340412,17:13:32,65.0,58.0,62.0,59,95.14,30,ep2
1788340417,17:13:37,67.0,59.0,61.0,60,94.88,30,ep2
1788340422,17:13:42,65.0,56.0,65.0,59,94.83,27,ep2
1788340427,17:13:47,67.0,59.0,62.0,59,92.32,25,ep2
1788340432,17:13:52,67.0,56.0,65.0,59,96.42,28,ep2
1788340437,17:13:57,64.0,57.0,62.0,60,96.47,26,ep2
1788340442,17:14:02,64.0,58.0,62.0,60,96.59,28,ep2
1788340447,17:14:07,67.0,60.0,61.0,60,93.48,25,ep2
1788340452,17:14:12,67.0,57.0,62.0,60,93.80,33,ep2
1788340457,17:14:17,71.0,58.0,61.0,59,93.40,35,ep2
1788340462,17:14:22,81.0,64.0,62.0,59,94.14,33,ep2
1788340467,17:14:27,71.0,58.0,62.0,59,97.17,34,ep2
1788340473,17:14:33,69.0,58.0,61.0,60,97.69,29,ep2
1788340478,17:14:38,67.0,58.0,61.0,60,94.88,30,ep2
1788340483,17:14:43,66.0,59.0,59.0,59,95.08,30,ep2
1788340488,17:14:48,72.0,63.0,61.0,59,94.89,29,ep2
1788340493,17:14:53,66.0,59.0,63.0,59,94.74,30,ep2
1788340498,17:14:58,66.0,59.0,61.0,59,94.87,30,ep2
1788340503,17:15:03,66.0,56.0,59.0,59,94.96,30,ep2
1788340508,17:15:08,64.0,58.0,61.0,59,94.91,30,ep2
1788340513,17:15:13,73.0,73.0,63.0,59,95.14,30,ep2
1788340518,17:15:18,67.0,61.0,61.0,59,94.88,30,ep2
1788340523,17:15:23,67.0,59.0,62.0,59,94.57,30,ep2
1788340528,17:15:28,66.0,65.0,59.0,59,94.89,30,ep2
1788340533,17:15:33,67.0,58.0,61.0,59,94.71,30,ep2
1788340538,17:15:38,71.0,71.0,61.0,59,94.60,28,ep2
1788340543,17:15:43,66.0,64.0,61.0,59,94.79,31,ep2
1788340548,17:15:48,71.0,71.0,59.0,59,95.99,28,ep2
1788340553,17:15:53,67.0,56.0,63.0,60,96.42,25,ep2
1788340558,17:15:58,68.0,58.0,61.0,60,96.29,28,ep2
1788340563,17:16:03,68.0,59.0,61.0,60,93.76,17,ep2
1788340569,17:16:09,69.0,58.0,59.0,60,94.51,32,ep2
1788340574,17:16:14,67.0,58.0,61.0,60,95.95,27,ep2
1788340579,17:16:19,72.0,59.0,58.0,60,94.56,33,ep2
1788340584,17:16:24,65.0,56.0,59.0,59,93.51,34,ep2
1788340589,17:16:29,72.0,59.0,58.0,59,94.57,34,ep2
1788340594,17:16:34,69.0,59.0,65.0,59,95.64,34,ep2
1788340599,17:16:39,70.0,59.0,61.0,60,97.89,29,ep2
1788340604,17:16:44,65.0,59.0,61.0,60,95.17,30,ep2
1788340609,17:16:49,66.0,59.0,62.0,59,95.55,29,ep2
1788340614,17:16:54,66.0,59.0,58.0,59,95.06,30,ep2
1788340619,17:16:59,66.0,58.0,61.0,59,95.10,30,ep2
1788340624,17:17:04,66.0,58.0,59.0,59,94.97,30,ep2
1788340629,17:17:09,66.0,56.0,58.0,59,95.09,30,ep2
1788340634,17:17:14,66.0,59.0,61.0,59,95.43,30,ep2
1788340640,17:17:20,67.0,59.0,61.0,61,94.75,33,ep2
1788340645,17:17:25,67.0,56.0,61.0,59,94.53,34,ep2
1788340650,17:17:30,72.0,59.0,61.0,59,94.72,33,ep2
1788340655,17:17:35,69.0,62.0,61.0,59,95.79,34,ep2
1788340660,17:17:40,73.0,56.0,62.0,60,93.53,29,ep2
1788340665,17:17:45,67.0,58.0,59.0,60,97.79,29,ep2
1788340670,17:17:50,69.0,56.0,61.0,59,97.47,36,ep2
1788340675,17:17:55,66.0,58.0,62.0,59,95.17,29,ep2
1788340680,17:18:00,66.0,58.0,61.0,59,93.83,30,ep2
1788340685,17:18:05,66.0,58.0,61.0,59,95.33,30,ep2
1788340690,17:18:10,67.0,59.0,61.0,59,91.92,30,ep2
1788340695,17:18:15,67.0,58.0,61.0,59,95.24,30,ep2
1788340701,17:18:21,66.0,58.0,61.0,59,95.11,30,ep2
1788340706,17:18:26,77.0,58.0,63.0,59,95.20,30,ep2
1788340711,17:18:31,66.0,58.0,62.0,59,95.00,30,ep2
1788340716,17:18:36,67.0,56.0,61.0,59,95.13,30,ep2
1788340721,17:18:41,67.0,56.0,59.0,59,95.49,31,ep2
1788340726,17:18:46,67.0,58.0,59.0,59,95.17,30,ep2
1788340731,17:18:51,67.0,56.0,59.0,59,95.08,31,ep2
1788340736,17:18:56,66.0,58.0,59.0,59,95.15,25,ep2
1788340741,17:19:01,64.0,56.0,61.0,60,97.00,25,ep2
1788340746,17:19:06,67.0,56.0,61.0,60,95.41,23,ep2
1788340751,17:19:11,67.0,61.0,61.0,60,96.82,25,ep2
1788340756,17:19:16,68.0,58.0,61.0,60,93.90,34,ep2
1788340761,17:19:21,67.0,58.0,61.0,60,94.86,25,ep2
1788340766,17:19:26,70.0,66.0,59.0,59,93.72,26,ep2
1788340771,17:19:31,68.0,68.0,59.0,59,95.82,29,ep2
1788340776,17:19:36,69.0,60.0,62.0,60,94.00,35,ep2
1788340781,17:19:41,66.0,59.0,61.0,60,95.03,29,ep2
1788340786,17:19:46,66.0,59.0,62.0,59,94.15,30,ep2
1788340791,17:19:51,66.0,58.0,61.0,59,95.33,30,ep2
1788340797,17:19:57,66.0,59.0,61.0,59,95.53,30,ep2
1788340802,17:20:02,66.0,58.0,61.0,59,95.34,30,ep2
1788340807,17:20:07,67.0,59.0,61.0,59,95.20,30,ep2
1788340812,17:20:12,66.0,58.0,59.0,59,95.23,30,ep2
1788340817,17:20:17,66.0,67.0,61.0,59,95.53,30,ep2
1788340822,17:20:22,73.0,61.0,61.0,59,95.54,30,ep2
1788340827,17:20:27,67.0,59.0,61.0,60,95.40,30,ep2
1788340832,17:20:32,66.0,58.0,62.0,59,95.29,30,ep2
1788340837,17:20:37,66.0,56.0,61.0,59,95.32,30,ep2
1788340842,17:20:42,66.0,60.0,61.0,60,95.33,31,ep2
1788340847,17:20:47,67.0,60.0,59.0,59,95.35,28,ep2
1788340852,17:20:52,66.0,61.0,59.0,59,95.01,31,ep2
1788340857,17:20:57,67.0,61.0,66.0,59,97.39,28,ep2
1788340862,17:21:02,66.0,56.0,61.0,60,95.64,23,ep2
1788340867,17:21:07,66.0,58.0,61.0,60,96.89,33,ep2
1788340872,17:21:12,76.0,56.0,58.0,59,94.45,26,ep2
1788340877,17:21:17,68.0,54.0,58.0,59,94.97,33,ep2
1788340882,17:21:22,69.0,56.0,57.0,59,93.92,36,ep2
1788340887,17:21:27,69.0,58.0,59.0,59,98.03,29,ep2
1788340893,17:21:33,71.0,58.0,61.0,59,89.93,30,ep2
1788340898,17:21:38,68.0,58.0,62.0,60,97.61,29,ep2
1788340903,17:21:43,68.0,59.0,62.0,60,95.71,30,ep2
1788340908,17:21:48,67.0,60.0,62.0,61,95.08,29,ep2
1788340913,17:21:53,65.0,58.0,61.0,61,95.46,30,ep2
1788340918,17:21:58,67.0,60.0,61.0,59,95.21,30,ep2
1788340923,17:22:03,65.0,62.0,65.0,59,95.41,30,ep2
1788340928,17:22:08,69.0,59.0,65.0,59,95.54,30,ep2
1788340933,17:22:13,65.0,58.0,59.0,59,95.00,30,ep2
1788340938,17:22:18,73.0,58.0,62.0,59,95.37,30,ep2
1788340944,17:22:24,71.0,55.0,65.0,61,94.53,34,ep2
1788340949,17:22:29,69.0,63.0,62.0,59,94.55,33,ep2
1788340954,17:22:34,76.0,58.0,61.0,59,94.24,34,ep2
1788340959,17:22:39,69.0,56.0,61.0,59,94.02,29,ep2
1788340964,17:22:44,68.0,68.0,59.0,59,97.02,30,ep2
1788340969,17:22:49,67.0,60.0,59.0,60,94.00,29,ep2
1788340974,17:22:54,75.0,57.0,67.0,60,96.25,30,ep2
1788340979,17:22:59,65.0,58.0,65.0,60,97.88,35,ep2
1788340984,17:23:04,78.0,59.0,61.0,59,95.22,29,ep2
1788340989,17:23:09,67.0,60.0,65.0,59,96.02,32,ep2
1788340994,17:23:14,82.0,59.0,82.0,59,95.26,31,ep2
1788340999,17:23:19,73.0,58.0,62.0,59,95.09,30,ep2
1788341004,17:23:24,69.0,61.0,61.0,59,95.34,31,ep2
1788341009,17:23:29,64.0,59.0,61.0,59,95.31,30,ep2
1788341014,17:23:34,79.0,61.0,62.0,59,95.06,31,ep2
1788341019,17:23:39,65.0,58.0,61.0,59,95.18,30,ep2
1788341025,17:23:45,74.0,59.0,62.0,59,95.34,31,ep2
1788341030,17:23:50,65.0,61.0,58.0,59,95.22,29,ep2
1788341035,17:23:55,69.0,64.0,61.0,59,95.21,26,ep2
1788341040,17:24:00,67.0,60.0,62.0,59,94.99,30,ep2
1788341045,17:24:05,82.0,60.0,82.0,59,96.44,25,ep2
1788341050,17:24:10,81.0,56.0,58.0,60,95.20,30,ep2
1788341055,17:24:15,80.0,59.0,80.0,60,93.90,25,ep2
1788341060,17:24:20,72.0,59.0,56.0,59,94.36,32,ep2
1788341065,17:24:25,72.0,72.0,62.0,59,93.53,35,ep2
1788341070,17:24:30,70.0,59.0,62.0,59,97.15,29,ep2
1788341075,17:24:35,72.0,58.0,61.0,60,88.04,28,ep2
1788341080,17:24:40,71.0,60.0,59.0,60,95.23,29,ep2
1788341085,17:24:45,73.0,73.0,61.0,60,96.31,30,ep2
1788341090,17:24:50,65.0,59.0,61.0,59,95.05,30,ep2
1788341095,17:24:55,71.0,65.0,61.0,59,94.82,31,ep2
1788341100,17:25:00,64.0,58.0,62.0,59,95.00,30,ep2
1788341105,17:25:05,81.0,61.0,62.0,59,95.34,30,ep2
1788341110,17:25:10,67.0,59.0,62.0,59,95.19,30,ep2
1788341115,17:25:15,76.0,63.0,69.0,59,95.08,30,ep2
1788341120,17:25:20,65.0,59.0,61.0,59,95.02,30,ep2
1788341126,17:25:26,73.0,73.0,62.0,60,95.20,30,ep2
1788341131,17:25:31,65.0,59.0,61.0,59,95.21,29,ep2
1788341136,17:25:36,72.0,63.0,62.0,59,95.05,30,ep2
1788341141,17:25:41,80.0,58.0,62.0,59,94.88,30,ep2
1788341146,17:25:46,78.0,61.0,70.0,59,95.36,27,ep2
1788341151,17:25:51,65.0,65.0,61.0,59,95.03,23,ep2
1788341156,17:25:56,69.0,64.0,61.0,59,96.94,28,ep2
1788341161,17:26:01,67.0,60.0,62.0,60,95.44,17,ep2
1788341166,17:26:06,84.0,59.0,84.0,60,94.31,33,ep2
1788341171,17:26:11,66.0,59.0,62.0,59,94.38,34,ep2
1788341176,17:26:16,77.0,59.0,62.0,59,94.57,33,ep2
1788341181,17:26:21,69.0,59.0,61.0,59,95.32,34,ep2
1788341186,17:26:26,79.0,58.0,79.0,59,97.59,30,ep2
1788341191,17:26:31,68.0,59.0,61.0,59,96.92,30,ep2
1788341196,17:26:36,77.0,60.0,69.0,60,95.33,29,ep2
1788341201,17:26:41,67.0,59.0,62.0,59,95.05,29,ep2
1788341206,17:26:46,80.0,59.0,70.0,59,95.26,31,ep2
1788341211,17:26:51,67.0,59.0,61.0,59,95.01,30,ep2
1788341216,17:26:56,73.0,60.0,63.0,59,94.82,30,ep2
1788341221,17:27:01,67.0,60.0,61.0,59,94.53,30,ep2
1788341227,17:27:07,83.0,60.0,62.0,59,95.06,31,ep2
1788341232,17:27:12,67.0,58.0,67.0,59,95.24,30,ep2
1788341237,17:27:17,71.0,65.0,62.0,59,93.98,30,ep2
1788341242,17:27:22,64.0,58.0,61.0,59,95.44,30,ep2
1788341247,17:27:27,72.0,62.0,61.0,59,93.70,31,ep2
1788341252,17:27:32,74.0,59.0,74.0,59,97.87,30,ep2
1788341257,17:27:37,75.0,60.0,70.0,61,93.76,29,ep2
1788341262,17:27:42,67.0,60.0,62.0,59,94.92,29,ep2
1788341268,17:27:48,73.0,59.0,62.0,60,94.91,30,ep2
1788341273,17:27:53,67.0,60.0,65.0,59,94.90,30,ep2
1788341278,17:27:58,65.0,59.0,61.0,59,95.31,30,ep2
1788341283,17:28:03,68.0,60.0,63.0,59,95.10,32,ep2
1788341288,17:28:08,69.0,61.0,66.0,59,97.12,30,ep2
1788341293,17:28:13,65.0,56.0,63.0,59,94.95,30,ep2
1788341298,17:28:18,67.0,59.0,61.0,59,95.11,30,ep2
1788341303,17:28:23,65.0,60.0,61.0,59,95.28,30,ep2
1788341308,17:28:28,67.0,60.0,61.0,59,95.27,31,ep2
1788341313,17:28:33,65.0,59.0,63.0,59,95.04,30,ep2
1788341318,17:28:38,67.0,62.0,62.0,59,94.79,31,ep2
1788341323,17:28:43,64.0,59.0,62.0,59,94.59,27,ep2
1788341328,17:28:48,65.0,57.0,62.0,59,96.82,25,ep2
1788341333,17:28:53,66.0,60.0,61.0,60,96.35,27,ep2
1788341338,17:28:58,69.0,58.0,61.0,60,94.25,25,ep2
1788341343,17:29:03,67.0,58.0,61.0,59,93.51,26,ep2
1788341348,17:29:08,73.0,56.0,62.0,59,94.38,35,ep2
1788341353,17:29:13,72.0,58.0,66.0,59,93.36,33,ep2
1788341358,17:29:18,69.0,56.0,62.0,59,97.31,35,ep2
1788341363,17:29:23,70.0,58.0,61.0,59,97.09,30,ep2
1788341369,17:29:29,67.0,58.0,66.0,60,93.04,29,ep2
1788341374,17:29:34,65.0,55.0,59.0,60,94.82,29,ep2
1788341379,17:29:39,64.0,56.0,58.0,59,94.69,30,ep2
1788341384,17:29:44,64.0,55.0,59.0,59,94.96,30,ep2
1788341389,17:29:49,65.0,56.0,59.0,59,94.72,29,ep2
1788341394,17:29:54,65.0,58.0,59.0,59,95.00,30,ep2
1788341399,17:29:59,64.0,55.0,58.0,59,94.84,30,ep2
1788341404,17:30:04,65.0,59.0,59.0,59,94.98,30,ep2
1788341409,17:30:09,65.0,58.0,59.0,59,95.20,30,ep2
1788341414,17:30:14,64.0,58.0,59.0,59,95.61,30,ep2
1788341419,17:30:19,64.0,55.0,62.0,59,95.47,31,ep2
1788341424,17:30:24,65.0,59.0,58.0,59,95.23,30,ep2
1788341429,17:30:29,65.0,56.0,57.0,59,94.94,31,ep2
1788341434,17:30:34,64.0,55.0,59.0,59,94.83,28,ep2
1788341439,17:30:39,65.0,59.0,58.0,59,94.15,31,ep2
1788341444,17:30:44,64.0,58.0,59.0,59,96.54,29,ep2
1788341449,17:30:49,65.0,56.0,62.0,59,96.57,25,ep2
1788341455,17:30:55,64.0,58.0,59.0,59,95.13,32,ep2
1788341460,17:31:00,67.0,60.0,61.0,60,93.84,25,ep2
1788341465,17:31:05,66.0,59.0,58.0,59,95.01,32,ep2
1788341470,17:31:10,67.0,58.0,59.0,60,94.42,34,ep2
1788341475,17:31:15,69.0,59.0,59.0,59,94.52,32,ep2
1788341480,17:31:20,71.0,59.0,66.0,59,94.92,33,ep2
1788341485,17:31:25,68.0,63.0,59.0,59,95.87,29,ep2
1788341490,17:31:30,70.0,59.0,61.0,60,97.77,30,ep2
1788341495,17:31:35,64.0,60.0,62.0,59,94.91,29,ep2
1788341500,17:31:40,64.0,59.0,62.0,59,94.96,29,ep2
1788341505,17:31:45,65.0,58.0,62.0,59,95.10,30,ep2
1788341510,17:31:50,65.0,59.0,62.0,59,95.11,30,ep2
1788341515,17:31:55,67.0,60.0,65.0,59,94.78,30,ep2
1788341520,17:32:00,65.0,59.0,61.0,59,94.86,30,ep2
1788341525,17:32:05,71.0,60.0,71.0,59,94.85,30,ep2
1788341530,17:32:10,65.0,62.0,61.0,59,94.80,30,ep2
1788341535,17:32:15,65.0,59.0,61.0,59,93.99,30,ep2
1788341540,17:32:20,64.0,63.0,61.0,60,95.33,30,ep2
1788341545,17:32:25,65.0,59.0,61.0,59,95.41,31,ep2
1788341551,17:32:31,70.0,58.0,61.0,59,97.69,29,ep2
1788341556,17:32:36,67.0,60.0,61.0,60,93.71,30,ep2
1788341561,17:32:41,65.0,56.0,61.0,60,97.67,30,ep2
1788341566,17:32:46,64.0,58.0,61.0,61,94.91,30,ep2
1788341571,17:32:51,65.0,59.0,61.0,59,94.83,30,ep2
1788341576,17:32:56,65.0,58.0,61.0,59,93.82,30,ep2
1788341581,17:33:01,67.0,59.0,61.0,59,89.89,27,ep2
1788341586,17:33:06,67.0,60.0,62.0,59,94.04,30,ep2
1788341592,17:33:12,71.0,67.0,70.0,59,94.78,30,ep2
1788341597,17:33:17,65.0,60.0,62.0,59,95.14,30,ep2
1788341602,17:33:22,67.0,58.0,62.0,59,94.75,30,ep2
1788341607,17:33:27,67.0,58.0,62.0,59,94.63,34,ep2
1788341612,17:33:32,66.0,58.0,62.0,59,94.97,30,ep2
1788341617,17:33:37,67.0,59.0,61.0,59,94.71,34,ep2
1788341622,17:33:42,66.0,58.0,59.0,59,95.11,29,ep2
1788341627,17:33:47,67.0,58.0,59.0,59,95.28,33,ep2
1788341632,17:33:52,72.0,59.0,72.0,59,96.49,29,ep2
1788341637,17:33:57,66.0,59.0,62.0,59,95.12,26,ep2
1788341642,17:34:02,63.0,59.0,62.0,60,94.93,33,ep2
1788341647,17:34:07,64.0,59.0,61.0,60,96.85,27,ep2
1788341652,17:34:12,69.0,69.0,61.0,60,95.08,32,ep2
1788341657,17:34:17,67.0,59.0,59.0,60,94.31,34,ep2
1788341662,17:34:22,68.0,58.0,58.0,59,93.56,19,ep2
1788341667,17:34:27,70.0,59.0,58.0,59,94.55,34,ep2
1788341672,17:34:32,68.0,58.0,59.0,59,93.46,29,ep2
1788341677,17:34:37,70.0,56.0,61.0,60,97.03,30,ep2
1788341682,17:34:42,66.0,58.0,58.0,61,93.73,29,ep2
1788341688,17:34:48,64.0,56.0,61.0,59,94.94,30,ep2
1788341693,17:34:53,66.0,60.0,65.0,59,94.93,29,ep2
1788341698,17:34:58,64.0,58.0,61.0,59,95.14,30,ep2
1788341703,17:35:03,66.0,59.0,62.0,59,95.16,30,ep2
1788341708,17:35:08,66.0,60.0,62.0,59,94.69,30,ep2
1788341713,17:35:13,67.0,59.0,61.0,59,94.91,31,ep? s50
1788341718,17:35:18,67.0,59.0,62.0,59,95.31,30,ep? s50
1788341723,17:35:23,66.0,58.0,59.0,59,95.07,31,ep? s50
1788341728,17:35:28,66.0,58.0,61.0,60,94.88,30,ep? s50
1788341733,17:35:33,82.0,58.0,62.0,59,94.93,31,ep? s50
1788341738,17:35:38,66.0,59.0,61.0,59,94.87,30,ep? s50
1788341743,17:35:43,66.0,59.0,61.0,59,94.88,31,ep? s50
1788341748,17:35:48,66.0,59.0,61.0,60,94.79,28,ep? s50
1788341753,17:35:53,68.0,58.0,61.0,59,90.44,24,ep? s50
1788341758,17:35:58,67.0,56.0,59.0,59,93.67,22,ep? s50
1788341763,17:36:03,68.0,60.0,62.0,59,94.97,23,ep? s50
1788341768,17:36:08,65.0,58.0,59.0,60,94.06,18,ep? s50
1788341773,17:36:13,66.0,56.0,63.0,60,94.15,34,ep? s50
1788341778,17:36:18,69.0,58.0,62.0,59,93.93,24,ep? s50
1788341783,17:36:23,69.0,55.0,59.0,59,95.35,34,ep? s50
1788341789,17:36:29,68.0,59.0,58.0,59,94.15,35,ep? s50
1788341794,17:36:34,65.0,61.0,58.0,60,94.95,30,ep? s50
1788341799,17:36:39,67.0,58.0,61.0,60,97.76,35,ep? s50
1788341804,17:36:44,67.0,61.0,63.0,59,95.15,30,ep? s50
1788341809,17:36:49,66.0,66.0,59.0,59,95.16,30,ep? s50
1788341814,17:36:54,65.0,65.0,61.0,59,95.24,30,ep? s50
1788341819,17:36:59,66.0,65.0,59.0,59,95.56,30,ep? s150
1788341824,17:37:04,67.0,60.0,59.0,59,95.34,30,ep? s150
1788341829,17:37:09,66.0,61.0,59.0,59,95.11,30,ep? s150
1788341834,17:37:14,66.0,63.0,59.0,59,95.26,30,ep? s150
1788341839,17:37:19,66.0,59.0,58.0,59,95.06,30,ep? s150
1788341844,17:37:24,64.0,58.0,63.0,59,93.78,30,ep? s150
1788341849,17:37:29,75.0,63.0,62.0,59,95.38,31,ep? s150
1788341855,17:37:35,73.0,60.0,58.0,59,93.96,26,ep? s150
1788341860,17:37:40,72.0,60.0,62.0,60,98.01,35,ep? s150
1788341865,17:37:45,66.0,59.0,61.0,59,94.16,29,ep? s150
1788341870,17:37:50,67.0,60.0,62.0,59,94.97,30,ep? s200
1788341875,17:37:55,66.0,59.0,61.0,59,94.91,29,ep? s200
1788341880,17:38:00,67.0,60.0,62.0,59,95.13,30,ep? s200
1788341885,17:38:05,95.0,59.0,95.0,59,95.25,30,ep? s200
1788341890,17:38:10,68.0,59.0,62.0,59,95.37,30,ep? s200
1788341895,17:38:15,66.0,59.0,61.0,59,95.26,30,ep? s200
1788341900,17:38:20,73.0,59.0,62.0,60,95.27,30,ep? s200
1788341905,17:38:25,68.0,60.0,61.0,59,95.31,30,ep? s200
1788341910,17:38:30,66.0,59.0,61.0,59,94.89,29,ep? s200
1788341915,17:38:35,66.0,60.0,61.0,59,94.99,32,ep? s200
1788341920,17:38:40,66.0,59.0,61.0,59,96.23,28,ep? s250
1788341926,17:38:46,66.0,59.0,65.0,59,94.82,23,ep? s250
1788341931,17:38:51,66.0,59.0,58.0,60,94.89,32,ep? s250
1788341936,17:38:56,64.0,60.0,61.0,60,96.32,27,ep? s250
1788341941,17:39:01,73.0,57.0,59.0,59,93.61,33,ep? s250
1788341946,17:39:06,74.0,60.0,69.0,59,94.24,34,ep? s250
1788341951,17:39:11,73.0,58.0,61.0,59,94.08,32,ep? s250
1788341956,17:39:16,70.0,59.0,59.0,59,94.60,34,ep? s250
1788341961,17:39:21,69.0,59.0,59.0,60,94.00,29,ep? s250
1788341966,17:39:26,71.0,60.0,59.0,60,97.20,30,ep? s250
1788341971,17:39:31,64.0,58.0,59.0,59,93.99,30,ep? s300
1788341976,17:39:36,67.0,61.0,62.0,59,94.94,29,ep? s300
1788341981,17:39:41,67.0,59.0,61.0,59,95.23,30,ep? s300
1788341986,17:39:46,67.0,59.0,61.0,59,94.96,30,ep? s300
1788341991,17:39:51,65.0,59.0,61.0,59,95.25,30,ep? s300
1788341996,17:39:56,65.0,59.0,61.0,59,95.40,30,ep? s300
1788342001,17:40:01,65.0,59.0,63.0,59,95.18,30,ep? s300
1788342006,17:40:06,65.0,59.0,58.0,59,95.02,33,ep? s300
1788342011,17:40:11,67.0,59.0,67.0,59,95.21,31,ep? s300
1788342016,17:40:16,67.0,58.0,59.0,59,95.47,34,ep? s300
1788342021,17:40:21,67.0,59.0,61.0,60,95.25,31,ep? s350
1788342026,17:40:26,65.0,65.0,65.0,59,96.74,25,ep? s350
1788342032,17:40:32,67.0,58.0,61.0,59,96.88,26,ep? s350
1788342037,17:40:37,66.0,56.0,59.0,60,95.60,25,ep? s350
1788342042,17:40:42,69.0,59.0,61.0,60,95.80,28,ep? s350
1788342047,17:40:47,66.0,65.0,59.0,59,93.65,26,ep? s350
1788342052,17:40:52,70.0,58.0,58.0,59,94.36,31,ep? s350
1788342057,17:40:57,72.0,59.0,59.0,59,93.81,35,ep? s350
1788342062,17:41:02,72.0,61.0,58.0,59,97.03,29,ep? s350
1788342067,17:41:07,64.0,59.0,59.0,60,93.76,35,ep? s350
1788342072,17:41:12,63.0,59.0,59.0,60,95.19,29,ep? s400
1788342077,17:41:17,69.0,59.0,66.0,60,97.38,30,ep? s400
1788342082,17:41:22,72.0,59.0,72.0,59,95.35,30,ep? s400
1788342087,17:41:27,67.0,58.0,62.0,59,95.38,29,ep? s400
1788342092,17:41:32,65.0,60.0,59.0,59,95.11,30,ep? s400
1788342097,17:41:37,67.0,58.0,62.0,59,95.12,30,ep? s400
1788342102,17:41:42,66.0,59.0,65.0,59,95.53,30,ep? s400
1788342107,17:41:47,66.0,58.0,66.0,59,95.17,30,ep? s400
1788342112,17:41:52,65.0,58.0,59.0,60,94.90,30,ep? s400
1788342117,17:41:57,64.0,56.0,58.0,60,95.10,30,ep? s400
1788342122,17:42:02,64.0,56.0,58.0,59,95.25,30,ep? s450
1788342128,17:42:08,72.0,59.0,59.0,59,95.19,30,ep? s450
1788342133,17:42:13,65.0,58.0,63.0,60,95.32,30,ep? s450
1788342138,17:42:18,67.0,59.0,62.0,59,95.07,28,ep? s450
1788342143,17:42:23,65.0,62.0,58.0,59,95.40,23,ep? s450
1788342148,17:42:28,65.0,58.0,59.0,60,96.93,28,ep? s450
1788342153,17:42:33,66.0,59.0,59.0,60,94.31,25,ep? s450
1788342158,17:42:38,71.0,57.0,59.0,59,95.76,30,ep? s450
1788342163,17:42:43,65.0,58.0,58.0,59,95.50,30,ep? s450
1788342169,17:42:49,65.0,58.0,59.0,59,95.21,30,ep? s450
1788342174,17:42:54,65.0,58.0,65.0,59,95.31,31,ep? s500
1788342179,17:42:59,70.0,56.0,58.0,59,95.31,30,ep? s500
1788342184,17:43:04,64.0,57.0,58.0,60,95.31,30,ep? s500
1788342189,17:43:09,68.0,59.0,62.0,59,95.58,30,ep? s500
1788342194,17:43:14,67.0,59.0,61.0,59,95.69,31,ep? s500
1788342199,17:43:19,65.0,56.0,59.0,59,95.04,27,ep? s500
1788342204,17:43:24,65.0,58.0,58.0,59,95.31,31,ep? s500
1788342209,17:43:29,65.0,62.0,61.0,59,95.14,23,ep? s500
1788342214,17:43:34,65.0,56.0,58.0,60,97.15,24,ep? s500
1788342219,17:43:39,69.0,56.0,59.0,59,95.05,34,ep? s500
1788342224,17:43:44,71.0,65.0,61.0,59,94.97,26,ep? s550
1788342229,17:43:49,70.0,66.0,65.0,59,98.39,34,ep? s550
1788342234,17:43:54,72.0,62.0,58.0,59,88.91,28,ep? s550
1788342239,17:43:59,67.0,61.0,58.0,60,94.34,29,ep? s550
1788342244,17:44:04,67.0,59.0,59.0,60,95.59,29,ep? s550
1788342249,17:44:09,64.0,63.0,58.0,59,95.30,30,ep? s550
1788342254,17:44:14,67.0,61.0,67.0,59,95.51,30,ep? s550
1788342259,17:44:19,65.0,60.0,58.0,59,95.38,30,ep? s550
1788342265,17:44:25,67.0,60.0,62.0,59,95.38,30,ep? s550
1788342270,17:44:30,65.0,59.0,65.0,59,95.29,30,ep? s550
1788342275,17:44:35,65.0,59.0,59.0,59,95.31,30,ep? s600
1788342280,17:44:40,65.0,58.0,61.0,59,95.87,30,ep? s600
1788342285,17:44:45,64.0,60.0,59.0,59,95.60,30,ep? s600
1788342290,17:44:50,67.0,60.0,67.0,59,95.69,31,ep? s600
1788342295,17:44:55,65.0,59.0,61.0,59,95.53,29,ep? s600
1788342300,17:45:00,71.0,60.0,61.0,59,95.39,30,ep? s600
1788342305,17:45:05,65.0,60.0,62.0,59,96.79,29,ep? s600
1788342310,17:45:10,73.0,62.0,62.0,59,95.13,27,ep? s600
1788342315,17:45:15,80.0,61.0,66.0,60,95.44,32,ep? s600
1788342320,17:45:20,67.0,61.0,59.0,60,96.82,27,ep? s600
1788342325,17:45:25,68.0,59.0,65.0,60,95.55,32,ep? s650
1788342330,17:45:30,70.0,62.0,62.0,59,94.55,34,ep? s650
1788342335,17:45:35,72.0,59.0,59.0,59,93.65,33,ep? s650
1788342340,17:45:40,71.0,59.0,66.0,59,97.64,34,ep? s650
1788342345,17:45:45,68.0,61.0,63.0,60,93.63,29,ep? s650
1788342350,17:45:50,67.0,59.0,59.0,60,95.39,29,ep? s650
1788342355,17:45:55,67.0,60.0,58.0,60,95.36,29,ep? s650
1788342361,17:46:01,67.0,61.0,59.0,59,95.47,30,ep? s650
1788342366,17:46:06,67.0,59.0,61.0,59,95.23,30,ep? s650
1788342371,17:46:11,67.0,57.0,58.0,59,95.20,30,ep? s650
1788342376,17:46:16,67.0,62.0,58.0,59,95.11,30,ep? s700
1788342381,17:46:21,68.0,62.0,62.0,59,95.46,30,ep? s700
1788342386,17:46:26,67.0,62.0,63.0,59,95.18,30,ep? s700
1788342391,17:46:31,67.0,60.0,63.0,59,95.41,30,ep? s700
1788342396,17:46:36,67.0,58.0,66.0,59,95.50,30,ep? s700
1788342401,17:46:41,65.0,59.0,62.0,59,95.51,31,ep? s700
1788342406,17:46:46,65.0,61.0,59.0,59,95.08,30,ep? s700
1788342411,17:46:51,66.0,66.0,59.0,59,94.33,31,ep? s700
1788342416,17:46:56,65.0,58.0,59.0,60,95.45,28,ep? s700
1788342421,17:47:01,65.0,61.0,61.0,59,96.63,24,ep? s700
1788342426,17:47:06,67.0,67.0,62.0,59,96.61,28,ep? s750
1788342431,17:47:11,67.0,59.0,59.0,60,96.72,25,ep? s750
1788342436,17:47:16,67.0,65.0,61.0,60,94.38,33,ep? s750
1788342441,17:47:21,70.0,61.0,67.0,60,95.42,24,ep? s750
1788342447,17:47:27,73.0,61.0,61.0,59,94.54,33,ep? s750
1788342452,17:47:32,72.0,62.0,59.0,59,94.86,34,ep? s750
1788342457,17:47:37,73.0,61.0,59.0,59,94.95,33,ep? s750
1788342462,17:47:42,67.0,62.0,62.0,59,96.07,31,ep? s750
1788342467,17:47:47,65.0,59.0,61.0,59,95.93,30,ep? s750
1788342472,17:47:52,67.0,60.0,61.0,59,95.70,31,ep? s750
1788342477,17:47:57,65.0,58.0,61.0,59,95.76,30,ep? s800
1788342482,17:48:02,65.0,60.0,63.0,60,95.46,31,ep? s800
1788342488,17:48:08,67.0,63.0,62.0,59,95.55,28,ep? s800
1788342493,17:48:13,71.0,60.0,63.0,60,96.45,25,ep? s800
1788342498,17:48:18,65.0,59.0,62.0,60,97.70,28,ep? s800
1788342503,17:48:23,67.0,60.0,58.0,60,94.93,25,ep? s800
1788342508,17:48:28,68.0,62.0,59.0,59,94.50,33,ep? s800
1788342513,17:48:33,68.0,59.0,63.0,59,95.45,35,ep? s800
1788342518,17:48:38,70.0,61.0,58.0,59,94.93,33,ep? s800
1788342523,17:48:43,68.0,60.0,62.0,59,98.43,35,ep? s800
1788342528,17:48:48,69.0,65.0,59.0,60,98.37,30,ep? s850
1788342533,17:48:53,64.0,59.0,63.0,59,95.54,30,ep? s850
1788342538,17:48:58,66.0,60.0,57.0,59,95.59,30,ep? s850
1788342543,17:49:03,66.0,62.0,57.0,59,95.58,30,ep? s850
1788342548,17:49:08,66.0,61.0,63.0,59,95.71,30,ep? s850
1788342553,17:49:13,66.0,59.0,61.0,59,95.58,31,ep? s850
1788342558,17:49:18,69.0,59.0,61.0,59,95.83,30,ep? s850
1788342563,17:49:23,67.0,59.0,61.0,59,95.75,31,ep? s850
1788342568,17:49:28,67.0,61.0,59.0,59,95.90,30,ep? s850
1788342573,17:49:33,67.0,61.0,59.0,59,95.75,31,ep? s850
1788342578,17:49:38,67.0,60.0,59.0,59,95.54,30,ep? s850
1788342583,17:49:43,67.0,59.0,59.0,59,94.70,33,ep? s900
1788342589,17:49:49,85.0,58.0,85.0,59,96.10,31,ep? s900
1788342594,17:49:54,66.0,59.0,58.0,59,96.18,33,ep? s900
1788342599,17:49:59,66.0,60.0,62.0,60,95.65,31,ep? s900
1788342604,17:50:04,66.0,59.0,59.0,59,94.69,20,ep? s900
1788342609,17:50:09,66.0,60.0,62.0,59,97.75,25,ep? s900
1788342614,17:50:14,67.0,59.0,63.0,59,97.43,28,ep? s900
1788342619,17:50:19,67.0,61.0,59.0,60,95.26,25,ep? s900
1788342624,17:50:24,68.0,59.0,57.0,59,94.38,25,ep? s900
1788342629,17:50:29,67.0,60.0,63.0,59,95.25,35,ep? s900
1788342634,17:50:34,72.0,60.0,65.0,59,95.23,28,ep? s950
1788342639,17:50:39,71.0,59.0,65.0,59,98.56,34,ep? s950
1788342644,17:50:44,72.0,58.0,58.0,59,95.38,36,ep? s950
1788342649,17:50:49,67.0,60.0,61.0,60,96.22,30,ep? s950
1788342654,17:50:54,65.0,60.0,59.0,60,98.68,35,ep? s950
1788342659,17:50:59,66.0,59.0,61.0,59,95.56,30,ep? s950
1788342664,17:51:04,66.0,58.0,58.0,59,95.61,30,ep? s950
1788342669,17:51:09,68.0,60.0,59.0,59,95.81,29,ep? s950
1788342674,17:51:14,67.0,60.0,59.0,59,96.08,30,ep? s950
1788342679,17:51:19,67.0,61.0,61.0,59,94.68,30,ep? s950
1788342685,17:51:25,63.0,58.0,63.0,59,95.65,31,ep? s1000
1788342690,17:51:30,68.0,60.0,61.0,59,96.10,30,ep? s1000
1788342695,17:51:35,67.0,61.0,58.0,59,95.64,31,ep? s1000
1788342700,17:51:40,67.0,60.0,61.0,59,94.39,30,ep? s1000
1788342705,17:51:45,66.0,61.0,59.0,59,95.82,30,ep? s1000
1788342710,17:51:50,66.0,56.0,61.0,59,95.37,30,ep? s1000
1788342715,17:51:55,67.0,59.0,58.0,60,95.74,33,ep? s1000
1788342720,17:52:00,67.0,59.0,58.0,59,94.28,30,ep? s1000
1788342725,17:52:05,67.0,56.0,58.0,59,95.60,30,ep? s1000
1788342730,17:52:10,66.0,58.0,61.0,60,94.41,24,ep? s1000
1788342735,17:52:15,66.0,59.0,66.0,60,95.31,27,ep? s1050
1788342740,17:52:20,66.0,61.0,61.0,59,94.99,31,ep? s1050
1788342745,17:52:25,66.0,59.0,58.0,60,96.61,28,ep? s1050
1788342750,17:52:30,67.0,58.0,59.0,60,96.18,25,ep? s1050
1788342755,17:52:35,71.0,60.0,61.0,60,93.82,33,ep? s1050
1788342760,17:52:40,67.0,59.0,58.0,60,95.10,24,ep? s1050
1788342766,17:52:46,66.0,59.0,61.0,59,95.00,30,ep? s1050
1788342771,17:52:51,66.0,61.0,61.0,59,95.18,30,ep? s1050
1788342776,17:52:56,66.0,59.0,66.0,59,95.40,30,ep? s1050
1788342781,17:53:01,67.0,61.0,59.0,59,95.44,30,ep? s1050
1788342786,17:53:06,66.0,62.0,59.0,59,95.25,30,ep? s1100
1788342791,17:53:11,67.0,59.0,61.0,59,95.41,30,ep? s1100
1788342796,17:53:16,67.0,61.0,58.0,59,95.49,29,ep? s1100
1788342801,17:53:21,67.0,60.0,62.0,59,95.64,30,ep? s1100
1788342806,17:53:26,67.0,59.0,62.0,60,94.00,25,ep? s1100
1788342811,17:53:31,68.0,60.0,65.0,59,95.36,28,ep? s1100
1788342816,17:53:36,67.0,59.0,58.0,59,94.95,17,ep? s1100
1788342822,17:53:42,64.0,58.0,59.0,59,96.26,28,ep? s1100
1788342827,17:53:47,66.0,59.0,58.0,59,96.87,27,ep? s1100
1788342832,17:53:52,68.0,54.0,59.0,60,95.30,33,ep? s1100
1788342837,17:53:57,80.0,62.0,61.0,60,97.05,27,ep? s1150
1788342842,17:54:02,65.0,65.0,59.0,59,94.29,27,ep? s1150
1788342847,17:54:07,64.0,59.0,59.0,60,94.28,33,ep? s1150
1788342852,17:54:12,69.0,63.0,57.0,59,94.34,25,ep? s1150
1788342857,17:54:17,71.0,58.0,57.0,59,94.48,33,ep? s1150
1788342862,17:54:22,70.0,59.0,58.0,59,94.50,35,ep? s1150
1788342867,17:54:27,68.0,58.0,65.0,59,97.76,29,ep? s1150
1788342872,17:54:32,61.0,59.0,57.0,60,97.54,35,ep? s1150
1788342877,17:54:37,67.0,60.0,59.0,60,97.86,30,ep? s1150
1788342882,17:54:42,64.0,59.0,62.0,59,95.07,30,ep? s1150
1788342887,17:54:47,66.0,58.0,62.0,59,95.02,29,ep? s1200
1788342892,17:54:52,67.0,61.0,62.0,59,93.96,30,ep? s1200
1788342897,17:54:57,67.0,56.0,62.0,59,95.15,30,ep? s1200
1788342902,17:55:02,67.0,59.0,61.0,59,95.13,30,ep? s1200
1788342907,17:55:07,66.0,58.0,57.0,59,94.95,30,ep? s1200
1788342913,17:55:13,66.0,58.0,62.0,59,94.15,30,ep? s1200
1788342918,17:55:18,66.0,63.0,58.0,59,95.46,30,ep? s1200
1788342923,17:55:23,67.0,61.0,62.0,59,94.31,31,ep? s1200
1788342928,17:55:28,66.0,56.0,62.0,59,95.35,29,ep? s1200
1788342933,17:55:33,66.0,56.0,59.0,59,95.62,30,ep? s1200
1788342938,17:55:38,81.0,56.0,61.0,60,95.45,29,ep? s1250
1788342943,17:55:43,64.0,56.0,59.0,59,95.04,27,ep? s1250
1788342948,17:55:48,63.0,56.0,59.0,59,94.99,33,ep? s1250
1788342953,17:55:53,66.0,56.0,59.0,59,96.38,27,ep? s1250
1788342958,17:55:58,67.0,58.0,62.0,59,94.98,32,ep? s1250
1788342963,17:56:03,64.0,59.0,59.0,60,94.13,34,ep? s1250
1788342968,17:56:08,70.0,59.0,62.0,59,94.20,33,ep? s1250
1788342973,17:56:13,70.0,59.0,59.0,59,94.44,34,ep? s1250
1788342978,17:56:18,70.0,59.0,61.0,59,95.32,32,ep? s1250
1788342983,17:56:23,70.0,58.0,61.0,59,94.33,33,ep? s1250
1788342988,17:56:28,72.0,65.0,61.0,59,96.59,34,ep? s1300
1788342993,17:56:33,70.0,58.0,62.0,59,97.53,29,ep? s1300
1788342998,17:56:38,70.0,61.0,62.0,60,95.01,30,ep? s1300
1788343003,17:56:43,66.0,59.0,61.0,59,94.95,30,ep? s1300
1788343009,17:56:49,67.0,60.0,62.0,59,94.77,30,ep? s1300
1788343014,17:56:54,65.0,60.0,61.0,59,95.03,30,ep? s1300
1788343019,17:56:59,66.0,59.0,62.0,59,94.86,30,ep? s1300
1788343024,17:57:04,65.0,59.0,59.0,59,94.82,30,ep? s1300
1788343029,17:57:09,65.0,60.0,62.0,59,95.00,30,ep? s1300
1788343034,17:57:14,65.0,60.0,59.0,59,94.76,30,ep? s1300
1788343039,17:57:19,65.0,66.0,61.0,59,94.69,33,ep? s1350
1788343044,17:57:24,65.0,59.0,61.0,59,94.96,30,ep? s1350
1788343049,17:57:29,66.0,58.0,63.0,59,95.42,34,ep? s1350
1788343054,17:57:34,67.0,59.0,67.0,59,95.04,28,ep? s1350
1788343059,17:57:39,66.0,56.0,61.0,60,94.88,26,ep? s1350
1788343064,17:57:44,66.0,58.0,62.0,59,96.63,28,ep? s1350
1788343070,17:57:50,73.0,73.0,61.0,59,95.01,30,ep? s1350
1788343075,17:57:55,74.0,55.0,62.0,59,95.09,31,ep? s1350
1788343080,17:58:00,67.0,58.0,62.0,59,95.29,30,ep? s1350
1788343085,17:58:05,69.0,69.0,63.0,59,94.81,31,ep? s1350
1788343090,17:58:10,66.0,60.0,61.0,59,95.16,31,ep? s1400
1788343095,17:58:15,74.0,74.0,59.0,59,90.75,28,ep? s1400
1788343100,17:58:20,66.0,58.0,59.0,59,94.97,31,ep? s1400
1788343105,17:58:25,72.0,59.0,61.0,59,95.02,29,ep? s1400
1788343110,17:58:30,66.0,58.0,63.0,60,94.87,31,ep? s1400
1788343115,17:58:35,81.0,58.0,67.0,59,96.13,28,ep? s1400
1788343120,17:58:40,65.0,60.0,62.0,59,96.67,25,ep? s1400
1788343125,17:58:45,77.0,58.0,61.0,60,94.16,33,ep? s1400
1788343130,17:58:50,67.0,56.0,61.0,60,94.45,24,ep? s1400
1788343135,17:58:55,76.0,58.0,62.0,59,94.47,33,ep? s1400
1788343140,17:59:00,75.0,62.0,62.0,59,93.77,35,ep? s1450
1788343145,17:59:05,78.0,66.0,61.0,59,97.43,30,ep? s1450
1788343150,17:59:10,69.0,62.0,62.0,60,95.08,35,ep? s1450
1788343155,17:59:15,69.0,69.0,61.0,60,94.86,30,ep? s1450
1788343161,17:59:21,66.0,59.0,62.0,60,96.58,29,ep? s1450
1788343166,17:59:26,74.0,74.0,59.0,59,95.31,31,ep? s1450
1788343171,17:59:31,65.0,59.0,61.0,59,95.19,30,ep? s1450
1788343176,17:59:36,78.0,60.0,59.0,59,95.04,30,ep? s1450
1788343181,17:59:41,67.0,63.0,62.0,59,95.36,30,ep? s1450
1788343186,17:59:46,79.0,60.0,62.0,59,94.87,30,ep? s1450
1788343191,17:59:51,65.0,60.0,62.0,59,95.08,30,ep? s1500
1788343196,17:59:56,68.0,60.0,62.0,59,95.21,30,ep? s1500
1788343201,18:00:01,66.0,61.0,61.0,59,95.13,30,ep? s1500
1788343206,18:00:06,82.0,59.0,82.0,59,95.37,31,ep? s1500
1788343211,18:00:11,66.0,58.0,58.0,59,95.00,30,ep? s1500
1788343216,18:00:16,83.0,58.0,67.0,59,95.42,31,ep? s1500
1788343221,18:00:21,66.0,58.0,59.0,59,95.49,30,ep? s1500
1788343226,18:00:26,78.0,66.0,63.0,59,95.85,34,ep? s1500
1788343231,18:00:31,66.0,60.0,65.0,59,94.89,31,ep? s1500
1788343236,18:00:36,76.0,59.0,76.0,59,93.74,26,ep? s1500
1788343241,18:00:41,67.0,59.0,59.0,59,96.64,25,ep? s1550
1788343246,18:00:46,71.0,71.0,63.0,60,96.31,27,ep? s1550
1788343251,18:00:51,65.0,58.0,58.0,60,94.73,25,ep? s1550
1788343256,18:00:56,73.0,61.0,59.0,59,93.73,34,ep? s1550
1788343262,18:01:02,70.0,58.0,59.0,59,94.66,35,ep? s1550
1788343267,18:01:07,76.0,67.0,57.0,59,94.35,33,ep? s1550
1788343272,18:01:12,69.0,58.0,66.0,59,97.50,34,ep? s1550
1788343277,18:01:17,73.0,55.0,65.0,59,94.54,32,ep? s1550
1788343282,18:01:22,65.0,56.0,61.0,60,97.85,30,ep? s1550
1788343287,18:01:27,70.0,65.0,65.0,60,94.95,29,ep? s1550
1788343292,18:01:32,66.0,59.0,61.0,59,95.27,30,ep? s1550
1788343297,18:01:37,82.0,62.0,82.0,59,94.87,31,ep? s1600
1788343302,18:01:42,63.0,60.0,59.0,59,95.14,30,ep? s1600
1788343307,18:01:47,73.0,59.0,65.0,59,95.04,30,ep? s1600
1788343312,18:01:52,65.0,58.0,65.0,59,95.35,30,ep? s1600
1788343317,18:01:57,84.0,60.0,75.0,59,95.49,30,ep? s1600
1788343322,18:02:02,67.0,61.0,61.0,59,93.86,32,ep? s1600
1788343327,18:02:07,70.0,60.0,62.0,60,95.02,30,ep? s1600
1788343332,18:02:12,66.0,62.0,62.0,59,94.21,33,ep? s1600
1788343337,18:02:17,82.0,59.0,69.0,59,95.21,31,ep? s1600
1788343342,18:02:22,68.0,61.0,61.0,59,95.19,28,ep? s1600
1788343347,18:02:27,76.0,76.0,61.0,59,95.20,31,ep? s1650
1788343352,18:02:32,66.0,61.0,61.0,59,96.62,29,ep? s1650
1788343357,18:02:37,82.0,61.0,65.0,60,96.65,25,ep? s1650
1788343363,18:02:43,66.0,60.0,66.0,60,95.43,30,ep? s1650
1788343368,18:02:48,82.0,61.0,67.0,60,95.61,25,ep? s1650
1788343373,18:02:53,67.0,61.0,62.0,59,95.09,30,ep? s1650
1788343378,18:02:58,67.0,60.0,61.0,59,94.96,30,ep? s1650
1788343383,18:03:03,67.0,61.0,61.0,59,95.07,30,ep? s1650
1788343388,18:03:08,72.0,62.0,61.0,59,95.40,30,ep? s1650
1788343393,18:03:13,66.0,62.0,61.0,59,95.35,30,ep? s1650
1788343398,18:03:18,68.0,63.0,63.0,60,95.18,30,ep? s1700
1788343404,18:03:24,68.0,60.0,67.0,60,95.07,31,ep? s1700
1788343409,18:03:29,67.0,59.0,61.0,59,93.96,30,ep? s1700
1788343414,18:03:34,66.0,62.0,61.0,60,95.27,33,ep? s1700
1788343419,18:03:39,70.0,60.0,62.0,60,94.27,29,ep? s1700
1788343424,18:03:44,67.0,60.0,61.0,60,95.45,26,ep? s1700
1788343429,18:03:49,66.0,61.0,62.0,60,94.98,31,ep? s1700
1788343434,18:03:54,63.0,61.0,61.0,60,97.02,27,ep? s1700
1788343439,18:03:59,71.0,61.0,61.0,60,96.22,25,ep? s1700
1788343444,18:04:04,67.0,60.0,61.0,60,97.09,28,ep? s1700
1788343449,18:04:09,67.0,61.0,62.0,60,95.44,25,ep? s1750
1788343454,18:04:14,65.0,60.0,59.0,59,94.75,33,ep? s1750
1788343459,18:04:19,74.0,62.0,62.0,59,95.15,34,ep? s1750
1788343464,18:04:24,71.0,63.0,61.0,59,94.80,33,ep? s1750
1788343469,18:04:29,72.0,62.0,62.0,59,94.85,34,ep? s1750
1788343474,18:04:34,69.0,60.0,59.0,60,96.90,29,ep? s1750
1788343479,18:04:39,80.0,60.0,80.0,60,97.87,30,ep? s1750
1788343484,18:04:44,65.0,57.0,59.0,61,95.30,29,ep? s1750
1788343489,18:04:49,82.0,58.0,75.0,60,95.49,29,ep? s1750
1788343494,18:04:54,83.0,66.0,58.0,60,95.55,30,ep? s1750
1788343499,18:04:59,82.0,56.0,82.0,60,95.57,30,ep? s1800
1788343504,18:05:04,65.0,58.0,59.0,60,94.00,30,ep? s1800
1788343510,18:05:10,65.0,59.0,69.0,60,95.05,30,ep? s1800
1788343515,18:05:15,65.0,61.0,58.0,60,93.89,30,ep? s1800
1788343520,18:05:20,65.0,56.0,59.0,60,94.97,30,ep? s1800
1788343525,18:05:25,65.0,59.0,61.0,60,95.24,31,ep? s1800
1788343530,18:05:30,69.0,69.0,65.0,60,95.76,30,ep? s1800
1788343535,18:05:35,63.0,56.0,59.0,60,95.56,31,ep? s1800
1788343540,18:05:40,78.0,58.0,69.0,60,95.57,28,ep? s1800
1788343545,18:05:45,66.0,58.0,61.0,60,95.78,33,ep? s1800
1788343550,18:05:50,77.0,62.0,59.0,60,96.73,28,ep? s1850
1788343555,18:05:55,65.0,60.0,59.0,60,95.87,23,ep? s1850
1788343560,18:06:00,76.0,60.0,67.0,60,94.33,33,ep? s1850
1788343565,18:06:05,65.0,60.0,58.0,60,96.31,26,ep? s1850
1788343570,18:06:10,84.0,60.0,84.0,60,95.50,32,ep? s1850
1788343575,18:06:15,67.0,60.0,61.0,60,94.92,34,ep? s1850
1788343580,18:06:20,69.0,59.0,62.0,59,94.72,32,ep? s1850
1788343585,18:06:25,69.0,61.0,59.0,59,94.92,34,ep? s1850
1788343590,18:06:30,70.0,61.0,61.0,60,94.85,33,ep? s1850
1788343595,18:06:35,68.0,60.0,58.0,60,98.33,30,ep? s1850
1788343600,18:06:40,67.0,61.0,61.0,60,95.12,32,ep? s1900
1788343606,18:06:46,65.0,60.0,61.0,60,98.17,29,ep? s1900
1788343611,18:06:51,65.0,59.0,61.0,60,94.25,30,ep? s1900
1788343616,18:06:56,66.0,59.0,62.0,60,95.72,29,ep? s1900
1788343621,18:07:01,66.0,59.0,59.0,60,95.89,29,ep? s1900
1788343626,18:07:06,66.0,62.0,58.0,60,95.69,30,ep? s1900
1788343631,18:07:11,66.0,61.0,61.0,60,95.75,31,ep? s1900
1788343636,18:07:16,66.0,59.0,61.0,60,95.65,30,ep? s1900
1788343641,18:07:21,67.0,61.0,62.0,60,95.67,31,ep? s1900
1788343646,18:07:26,66.0,60.0,61.0,60,95.65,30,ep? s1900
1788343651,18:07:31,67.0,61.0,65.0,60,95.79,34,ep? s1950
1788343656,18:07:36,66.0,59.0,58.0,60,95.89,30,ep? s1950
1788343661,18:07:41,64.0,59.0,59.0,60,96.23,31,ep? s1950
1788343666,18:07:46,64.0,62.0,57.0,60,95.62,28,ep? s1950
1788343671,18:07:51,67.0,61.0,59.0,60,95.97,27,ep? s1950
1788343677,18:07:57,67.0,60.0,58.0,60,95.96,29,ep? s1950
1788343682,18:08:02,68.0,60.0,61.0,60,95.97,29,ep? s1950
1788343687,18:08:07,64.0,60.0,59.0,60,95.91,30,ep? s1950
1788343692,18:08:12,64.0,59.0,58.0,60,95.50,30,ep? s1950
1788343697,18:08:17,64.0,63.0,59.0,60,91.93,30,ep? s1950
1788343702,18:08:22,67.0,59.0,58.0,60,95.85,30,ep? s2000
1788343707,18:08:27,67.0,62.0,58.0,60,95.95,30,ep? s2000
1788343712,18:08:32,67.0,60.0,62.0,60,95.91,30,ep? s2000
1788343717,18:08:37,66.0,61.0,61.0,60,95.84,30,ep? s2000
1788343722,18:08:42,67.0,61.0,63.0,60,96.05,30,ep? s2000
1788343727,18:08:47,67.0,61.0,65.0,60,95.82,31,ep? s2000
1788343732,18:08:52,66.0,57.0,61.0,60,96.22,30,ep? s2000
1788343738,18:08:58,67.0,62.0,61.0,60,96.08,33,ep? s2000
1788343743,18:09:03,68.0,62.0,63.0,60,96.08,28,ep? s2000
1788343748,18:09:08,80.0,80.0,63.0,60,95.88,34,ep? s2000
1788343753,18:09:13,67.0,61.0,62.0,60,97.02,28,ep? s2050
1788343758,18:09:18,67.0,61.0,62.0,60,95.90,25,ep? s2050
1788343763,18:09:23,66.0,60.0,62.0,60,95.72,33,ep? s2050
1788343768,18:09:28,67.0,60.0,63.0,60,97.47,27,ep? s2050
1788343773,18:09:33,65.0,58.0,61.0,61,95.23,31,ep? s2050
1788343778,18:09:38,68.0,60.0,62.0,60,94.88,33,ep? s2050
1788343783,18:09:43,73.0,59.0,63.0,60,95.00,34,ep? s2050
1788343788,18:09:48,73.0,61.0,63.0,59,88.25,30,ep? s2050
1788343793,18:09:53,72.0,61.0,59.0,60,94.30,35,ep? s2050
1788343798,18:09:58,73.0,64.0,61.0,60,98.13,29,ep? s2050
1788343803,18:10:03,70.0,61.0,62.0,60,95.23,35,ep? s2100
1788343808,18:10:08,68.0,61.0,61.0,60,95.54,30,ep? s2100
1788343813,18:10:13,68.0,61.0,59.0,60,96.63,30,ep? s2100
1788343818,18:10:18,67.0,61.0,63.0,60,95.71,30,ep? s2100
1788343823,18:10:23,68.0,64.0,62.0,60,95.65,30,ep? s2100
1788343828,18:10:28,67.0,61.0,61.0,60,95.39,30,ep? s2100
1788343834,18:10:34,67.0,59.0,62.0,60,95.57,30,ep? s2100
1788343839,18:10:39,69.0,60.0,63.0,60,95.60,30,ep? s2100
1788343844,18:10:44,68.0,60.0,62.0,60,95.71,30,ep? s2100
1788343849,18:10:49,67.0,61.0,65.0,60,95.91,30,ep? s2100
1788343854,18:10:54,68.0,62.0,62.0,60,96.14,30,ep? s2150
1788343859,18:10:59,68.0,62.0,62.0,60,96.13,30,ep? s2150
1788343864,18:11:04,68.0,61.0,65.0,60,96.11,30,ep? s2150
1788343869,18:11:09,68.0,61.0,65.0,60,96.00,31,ep? s2150
1788343874,18:11:14,67.0,60.0,63.0,60,95.82,28,ep? s2150
1788343879,18:11:19,66.0,61.0,61.0,60,95.87,31,ep? s2150
1788343884,18:11:24,67.0,60.0,62.0,60,97.45,28,ep? s2150
1788343889,18:11:29,66.0,60.0,61.0,60,95.95,19,ep? s2150
1788343894,18:11:34,67.0,60.0,63.0,60,97.53,28,ep? s2150
1788343899,18:11:39,67.0,60.0,65.0,60,96.11,25,ep? s2150
1788343904,18:11:44,75.0,61.0,65.0,60,95.29,33,ep? s2200
1788343909,18:11:49,67.0,60.0,65.0,60,95.26,34,ep? s2200
1788343914,18:11:54,75.0,60.0,59.0,60,94.93,33,ep? s2200
1788343919,18:11:59,69.0,60.0,62.0,60,98.37,35,ep? s2200
1788343924,18:12:04,71.0,57.0,63.0,60,98.23,29,ep? s2200
1788343930,18:12:10,71.0,71.0,62.0,60,95.66,30,ep? s2200
1788343935,18:12:15,67.0,61.0,63.0,60,95.76,29,ep? s2200
1788343940,18:12:20,65.0,59.0,62.0,60,95.82,30,ep? s2200
1788343945,18:12:25,66.0,60.0,61.0,60,95.79,30,ep? s2200
1788343950,18:12:30,100.0,62.0,100.0,60,95.29,29,ep? s2200
1788343955,18:12:35,65.0,56.0,58.0,60,94.85,30,ep? s2250
1788343960,18:12:40,63.0,56.0,58.0,60,95.71,30,ep? s2250
1788343965,18:12:45,65.0,58.0,58.0,60,94.79,30,ep? s2250
1788343970,18:12:50,63.0,56.0,61.0,60,95.58,30,ep? s2250
1788343975,18:12:55,63.0,57.0,63.0,60,95.63,30,ep? s2250
1788343981,18:13:01,69.0,60.0,63.0,60,95.23,35,ep? s2250
1788343986,18:13:06,71.0,58.0,66.0,60,98.55,29,ep? s2250
1788343991,18:13:11,65.0,59.0,65.0,60,98.88,35,ep? s2250
1788343996,18:13:16,65.0,60.0,62.0,60,95.93,29,ep? s2250
1788344001,18:13:21,67.0,60.0,67.0,60,95.71,30,ep? s2250
1788344006,18:13:26,81.0,64.0,62.0,60,95.99,29,ep? s2300
1788344011,18:13:31,65.0,59.0,61.0,60,96.10,30,ep? s2300
1788344016,18:13:36,68.0,61.0,61.0,60,96.12,30,ep? s2300
1788344021,18:13:41,66.0,62.0,59.0,60,95.70,31,ep? s2300
1788344026,18:13:46,66.0,61.0,59.0,60,95.85,30,ep? s2300
1788344031,18:13:51,65.0,60.0,59.0,60,96.14,31,ep? s2300
1788344036,18:13:56,66.0,60.0,61.0,60,95.85,30,ep? s2300
1788344041,18:14:01,65.0,59.0,58.0,60,94.79,34,ep? s2300
1788344046,18:14:06,67.0,60.0,61.0,60,96.02,30,ep? s2300
1788344051,18:14:11,67.0,62.0,62.0,60,95.04,34,ep? s2300
1788344056,18:14:16,66.0,61.0,61.0,60,96.07,30,ep? s2350
1788344061,18:14:21,67.0,60.0,62.0,60,95.77,30,ep? s2350
1788344067,18:14:27,66.0,61.0,61.0,60,95.72,31,ep? s2350
1788344072,18:14:32,65.0,56.0,63.0,60,95.66,29,ep? s2350
1788344077,18:14:37,67.0,60.0,62.0,60,97.13,25,ep? s2350
1788344082,18:14:42,65.0,60.0,61.0,60,95.75,30,ep? s2350
1788344087,18:14:47,72.0,63.0,62.0,60,98.01,35,ep3
1788344092,18:14:52,73.0,60.0,62.0,60,95.05,35,ep3
1788344097,18:14:57,68.0,60.0,69.0,60,95.47,30,ep3
1788344102,18:15:02,67.0,62.0,61.0,61,98.50,35,ep3
1788344107,18:15:07,69.0,62.0,65.0,60,95.42,30,ep3
1788344112,18:15:12,67.0,60.0,61.0,60,95.85,30,ep3
1788344117,18:15:17,71.0,58.0,63.0,60,95.31,30,ep3
1788344122,18:15:22,66.0,61.0,61.0,60,95.49,30,ep3
1788344127,18:15:27,66.0,61.0,61.0,60,94.42,30,ep3
1788344132,18:15:32,66.0,60.0,61.0,60,95.66,30,ep3
1788344137,18:15:37,71.0,58.0,62.0,60,95.41,32,ep3
1788344142,18:15:42,66.0,60.0,61.0,60,95.28,30,ep3
1788344147,18:15:47,66.0,59.0,61.0,60,95.43,33,ep3
1788344152,18:15:52,67.0,59.0,63.0,60,95.53,30,ep3
1788344157,18:15:57,66.0,60.0,61.0,60,95.62,27,ep3
1788344162,18:16:02,66.0,59.0,61.0,60,95.61,30,ep3
1788344168,18:16:08,64.0,60.0,61.0,60,97.52,28,ep3
1788344173,18:16:13,67.0,58.0,62.0,60,96.61,27,ep3
1788344178,18:16:18,69.0,60.0,69.0,60,94.73,34,ep3
1788344183,18:16:23,70.0,60.0,61.0,60,95.00,32,ep3
1788344188,18:16:28,71.0,62.0,62.0,60,95.01,33,ep3
1788344193,18:16:33,69.0,60.0,66.0,60,95.09,34,ep3
1788344198,18:16:38,72.0,61.0,62.0,60,95.11,33,ep3
1788344203,18:16:43,68.0,56.0,58.0,60,96.82,33,ep3
1788344208,18:16:48,68.0,58.0,65.0,60,98.35,29,ep3
1788344213,18:16:53,68.0,66.0,65.0,62,97.13,30,ep3
1788344218,18:16:58,67.0,62.0,61.0,60,95.57,29,ep3
1788344223,18:17:03,66.0,59.0,61.0,60,94.51,30,ep3
1788344228,18:17:08,67.0,66.0,62.0,60,95.57,30,ep3
1788344233,18:17:13,66.0,59.0,62.0,60,94.26,30,ep3
1788344238,18:17:18,68.0,61.0,61.0,60,95.53,30,ep3
1788344243,18:17:23,66.0,60.0,59.0,60,95.25,30,ep3
1788344248,18:17:28,66.0,60.0,59.0,60,95.31,30,ep3
1788344253,18:17:33,66.0,59.0,62.0,60,95.19,30,ep3
1788344259,18:17:39,68.0,59.0,61.0,60,95.38,30,ep3
1788344264,18:17:44,68.0,59.0,61.0,60,95.49,31,ep3
1788344269,18:17:49,67.0,61.0,59.0,60,95.40,27,ep3
1788344274,18:17:54,66.0,59.0,61.0,60,95.06,31,ep3
1788344279,18:17:59,67.0,59.0,62.0,60,96.76,27,ep3
1788344284,18:18:04,67.0,59.0,59.0,60,95.22,30,ep3
1788344289,18:18:09,66.0,59.0,59.0,60,95.34,30,ep3
1788344295,18:18:15,67.0,60.0,61.0,60,95.37,30,ep3
1788344300,18:18:20,66.0,61.0,61.0,60,95.50,30,ep3
1788344305,18:18:25,67.0,57.0,58.0,60,95.71,30,ep3
1788344310,18:18:30,67.0,60.0,62.0,60,95.76,30,ep3
1788344315,18:18:35,67.0,59.0,61.0,60,95.29,30,ep3
1788344320,18:18:40,67.0,56.0,61.0,60,95.42,30,ep3
1788344325,18:18:45,66.0,59.0,59.0,60,95.65,31,ep3
1788344330,18:18:50,64.0,59.0,61.0,60,95.67,30,ep3
1788344335,18:18:55,66.0,61.0,59.0,60,95.35,31,ep3
1788344340,18:19:00,82.0,59.0,63.0,60,95.62,28,ep3
1788344345,18:19:05,67.0,58.0,61.0,60,95.48,31,ep3
1788344350,18:19:10,67.0,60.0,62.0,60,95.57,29,ep3
1788344355,18:19:15,66.0,60.0,62.0,60,96.88,26,ep3
1788344360,18:19:20,66.0,57.0,61.0,60,96.87,27,ep3
1788344365,18:19:25,67.0,59.0,62.0,61,95.83,23,ep3
1788344370,18:19:30,65.0,60.0,62.0,61,95.06,26,ep3
1788344375,18:19:35,73.0,60.0,61.0,59,95.12,35,ep3
1788344380,18:19:40,74.0,61.0,62.0,59,95.44,34,ep3
1788344385,18:19:45,72.0,60.0,62.0,60,97.09,34,ep3
1788344390,18:19:50,69.0,59.0,59.0,60,98.68,35,ep3
1788344396,18:19:56,66.0,59.0,61.0,60,94.59,29,ep3
1788344401,18:20:01,68.0,58.0,62.0,60,98.24,35,ep3
1788344406,18:20:06,67.0,61.0,63.0,59,95.53,30,ep3
1788344411,18:20:11,67.0,59.0,62.0,59,95.64,30,ep3
1788344416,18:20:16,66.0,59.0,58.0,59,95.78,30,ep3
1788344421,18:20:21,67.0,61.0,62.0,59,95.61,30,ep3
1788344426,18:20:26,67.0,60.0,62.0,60,95.60,30,ep3
1788344431,18:20:31,68.0,61.0,62.0,59,95.70,31,ep3
1788344436,18:20:36,66.0,61.0,58.0,59,92.51,30,ep3
1788344441,18:20:41,66.0,62.0,61.0,59,95.89,30,ep3
1788344446,18:20:46,66.0,60.0,58.0,60,95.78,30,ep3
1788344451,18:20:51,66.0,61.0,63.0,59,95.37,33,ep3
1788344456,18:20:56,66.0,60.0,65.0,59,95.52,30,ep3
1788344461,18:21:01,67.0,60.0,62.0,59,95.43,34,ep3
1788344466,18:21:06,66.0,57.0,62.0,59,95.69,31,ep3
1788344471,18:21:11,66.0,59.0,62.0,59,95.24,23,ep3
1788344476,18:21:16,66.0,57.0,62.0,59,92.63,25,ep3
1788344481,18:21:21,67.0,60.0,70.0,60,97.50,27,ep3
1788344487,18:21:27,66.0,56.0,63.0,60,96.70,25,ep3
1788344492,18:21:32,65.0,58.0,62.0,60,97.04,33,ep3
1788344497,18:21:37,68.0,58.0,62.0,60,94.65,25,ep3
1788344502,18:21:42,72.0,60.0,65.0,59,94.87,34,ep3
1788344507,18:21:47,72.0,58.0,61.0,59,94.89,35,ep3
1788344512,18:21:52,70.0,60.0,61.0,59,94.18,34,ep3
1788344517,18:21:57,72.0,60.0,62.0,60,98.01,35,ep3
1788344522,18:22:02,70.0,58.0,61.0,59,97.46,29,ep3
1788344527,18:22:07,68.0,59.0,62.0,59,95.37,30,ep3
1788344532,18:22:12,81.0,67.0,63.0,59,94.40,30,ep3
1788344537,18:22:17,66.0,58.0,62.0,59,95.57,30,ep3
1788344542,18:22:22,66.0,66.0,61.0,59,94.61,30,ep3
1788344547,18:22:27,67.0,62.0,61.0,59,95.66,30,ep3
1788344552,18:22:32,66.0,59.0,66.0,59,95.53,30,ep3
1788344557,18:22:37,66.0,61.0,62.0,59,95.71,30,ep3
1788344562,18:22:42,68.0,61.0,65.0,59,95.75,30,ep3
1788344567,18:22:47,66.0,61.0,61.0,60,95.29,30,ep3
1788344572,18:22:52,67.0,60.0,62.0,59,95.83,30,ep3
1788344577,18:22:57,67.0,61.0,62.0,60,95.99,31,ep3
1788344583,18:23:03,66.0,60.0,62.0,60,95.40,28,ep3
1788344588,18:23:08,66.0,58.0,62.0,60,98.40,35,ep3
1788344593,18:23:13,71.0,58.0,71.0,60,95.35,29,ep3
1788344598,18:23:18,67.0,59.0,61.0,59,95.28,30,ep3
1788344603,18:23:23,66.0,62.0,61.0,59,95.92,30,ep3
1788344608,18:23:28,66.0,59.0,61.0,59,95.84,30,ep3
1788344613,18:23:33,66.0,59.0,65.0,59,95.75,30,ep3
1788344618,18:23:38,68.0,64.0,62.0,59,94.53,30,ep3
1788344624,18:23:44,67.0,59.0,62.0,59,95.62,30,ep3
1788344629,18:23:49,66.0,61.0,62.0,60,94.22,30,ep3
1788344634,18:23:54,66.0,58.0,61.0,59,95.59,30,ep3
1788344639,18:23:59,66.0,57.0,59.0,60,95.69,31,ep3
1788344644,18:24:04,66.0,65.0,59.0,60,95.62,30,ep3
1788344649,18:24:09,66.0,58.0,59.0,60,95.28,31,ep3
1788344654,18:24:14,66.0,59.0,59.0,60,95.50,23,ep3
1788344659,18:24:19,68.0,59.0,59.0,60,95.72,25,ep3
1788344664,18:24:24,73.0,59.0,59.0,60,95.18,23,ep3
1788344669,18:24:29,69.0,58.0,58.0,60,96.71,24,ep3
1788344674,18:24:34,72.0,58.0,59.0,59,94.81,34,ep3
1788344679,18:24:39,70.0,59.0,58.0,59,94.59,27,ep3
1788344684,18:24:44,70.0,58.0,58.0,59,97.77,34,ep3
1788344689,18:24:49,70.0,59.0,61.0,59,96.17,29,ep3
1788344694,18:24:54,63.0,56.0,59.0,60,97.93,30,ep3
1788344699,18:24:59,64.0,58.0,58.0,60,95.22,29,ep3
1788344704,18:25:04,64.0,58.0,59.0,59,94.27,30,ep3
1788344709,18:25:09,64.0,63.0,61.0,59,95.65,30,ep3
1788344715,18:25:15,66.0,59.0,61.0,59,95.42,30,ep3
1788344720,18:25:20,66.0,65.0,58.0,59,95.51,30,ep3
1788344725,18:25:25,66.0,60.0,57.0,59,93.95,30,ep3
1788344730,18:25:30,67.0,61.0,62.0,59,95.29,30,ep3
1788344735,18:25:35,66.0,66.0,58.0,59,95.37,30,ep3
1788344740,18:25:40,67.0,60.0,61.0,59,95.21,30,ep3
1788344745,18:25:45,67.0,60.0,61.0,59,95.02,31,ep3
1788344750,18:25:50,66.0,58.0,61.0,60,95.04,29,ep3
1788344755,18:25:55,66.0,58.0,58.0,60,95.19,32,ep3
1788344760,18:26:00,66.0,56.0,59.0,59,96.21,28,ep3
1788344765,18:26:05,66.0,58.0,61.0,60,94.96,27,ep3
1788344770,18:26:10,66.0,58.0,59.0,60,95.10,32,ep3
1788344775,18:26:15,82.0,82.0,66.0,60,96.63,27,ep3
1788344780,18:26:20,67.0,62.0,61.0,60,95.70,28,ep3
1788344785,18:26:25,67.0,57.0,61.0,60,94.18,33,ep3
1788344790,18:26:30,73.0,67.0,62.0,59,94.28,25,ep3
1788344795,18:26:35,69.0,59.0,61.0,59,94.60,33,ep3
1788344800,18:26:40,69.0,62.0,61.0,59,93.56,35,ep3
1788344805,18:26:45,72.0,60.0,61.0,59,97.70,30,ep3
1788344811,18:26:51,69.0,60.0,61.0,59,94.87,27,ep3
1788344816,18:26:56,67.0,60.0,61.0,60,97.80,29,ep3
1788344821,18:27:01,68.0,59.0,61.0,59,93.99,30,ep3
1788344826,18:27:06,66.0,60.0,59.0,59,95.33,29,ep3
1788344831,18:27:11,67.0,60.0,61.0,59,94.34,30,ep3
1788344836,18:27:16,66.0,65.0,59.0,59,94.94,30,ep3
1788344841,18:27:21,66.0,56.0,59.0,59,95.38,30,ep3
1788344846,18:27:26,68.0,63.0,61.0,60,95.25,30,ep3
1788344851,18:27:31,68.0,60.0,62.0,60,95.40,30,ep3
1788344856,18:27:36,67.0,60.0,62.0,59,95.66,30,ep3
1788344861,18:27:41,66.0,58.0,61.0,59,95.56,30,ep3
1788344866,18:27:46,66.0,58.0,61.0,60,95.36,30,ep3
1788344871,18:27:51,67.0,58.0,59.0,60,95.56,30,ep3
1788344876,18:27:56,68.0,59.0,59.0,59,95.39,31,ep3
1788344881,18:28:01,68.0,61.0,61.0,59,95.37,30,ep3
1788344886,18:28:06,66.0,59.0,61.0,60,95.71,30,ep3
1788344892,18:28:12,68.0,58.0,59.0,59,96.32,29,ep3
1788344897,18:28:17,69.0,59.0,62.0,60,93.78,35,ep3
1788344902,18:28:22,71.0,59.0,61.0,60,95.34,29,ep3
1788344907,18:28:27,66.0,61.0,58.0,61,94.01,30,ep3
1788344912,18:28:32,72.0,61.0,66.0,59,95.02,30,ep3
1788344917,18:28:37,66.0,59.0,61.0,59,94.94,29,ep3
1788344922,18:28:42,73.0,58.0,63.0,59,94.97,30,ep3
1788344927,18:28:47,66.0,58.0,61.0,59,95.04,30,ep3
1788344932,18:28:52,79.0,74.0,62.0,59,94.69,30,ep3
1788344938,18:28:58,67.0,62.0,62.0,59,94.78,30,ep3
1788344943,18:29:03,81.0,60.0,63.0,59,94.88,30,ep3
1788344948,18:29:08,73.0,56.0,61.0,59,94.68,30,ep3
1788344953,18:29:13,74.0,66.0,65.0,60,94.80,30,ep3
1788344958,18:29:18,66.0,66.0,61.0,60,95.04,30,ep3
1788344963,18:29:23,79.0,71.0,61.0,60,95.29,31,ep3
1788344968,18:29:28,64.0,56.0,58.0,60,94.74,30,ep3
1788344973,18:29:33,76.0,56.0,65.0,60,94.49,31,ep3
1788344978,18:29:38,66.0,55.0,61.0,60,94.37,28,ep3
1788344983,18:29:43,71.0,57.0,63.0,60,93.57,18,ep3
1788344988,18:29:48,67.0,58.0,61.0,60,95.97,28,ep3
1788344993,18:29:53,82.0,61.0,67.0,60,93.51,17,ep3
1788344998,18:29:58,68.0,65.0,61.0,60,95.01,33,ep3
1788345003,18:30:03,80.0,60.0,80.0,60,94.34,34,ep3
1788345008,18:30:08,69.0,66.0,61.0,59,94.32,28,ep3
1788345013,18:30:13,81.0,61.0,62.0,59,94.63,33,ep3
1788345018,18:30:18,70.0,65.0,62.0,59,94.47,35,ep3
1788345023,18:30:23,75.0,58.0,65.0,60,97.68,29,ep3
1788345028,18:30:28,83.0,66.0,63.0,60,97.77,35,ep3
1788345033,18:30:33,72.0,60.0,62.0,60,94.79,30,ep3
1788345039,18:30:39,64.0,56.0,61.0,61,94.68,30,ep3
1788345044,18:30:44,87.0,60.0,87.0,59,94.84,30,ep3
1788345049,18:30:49,67.0,60.0,61.0,59,95.06,30,ep3
1788345054,18:30:54,79.0,69.0,62.0,60,95.13,30,ep3
1788345059,18:30:59,66.0,60.0,62.0,60,95.03,30,ep3
1788345064,18:31:04,80.0,59.0,80.0,60,95.25,30,ep3
1788345069,18:31:09,68.0,62.0,62.0,60,95.30,30,ep3
1788345074,18:31:14,73.0,63.0,65.0,60,95.02,30,ep3
1788345079,18:31:19,70.0,59.0,57.0,60,93.92,30,ep3
1788345084,18:31:24,70.0,58.0,65.0,60,95.19,31,ep3
1788345089,18:31:29,66.0,59.0,58.0,60,93.97,32,ep3
1788345094,18:31:34,74.0,61.0,61.0,60,94.71,31,ep3
1788345099,18:31:39,66.0,59.0,61.0,60,94.86,30,ep3
1788345104,18:31:44,71.0,64.0,65.0,60,95.03,33,ep3
1788345109,18:31:49,67.0,61.0,65.0,60,94.81,31,ep3
1788345114,18:31:54,78.0,61.0,70.0,60,95.14,25,ep3
1788345119,18:31:59,67.0,61.0,62.0,60,96.62,25,ep3
1788345124,18:32:04,83.0,61.0,83.0,60,96.41,27,ep3
1788345129,18:32:09,68.0,59.0,61.0,60,94.07,25,ep3
1788345135,18:32:15,77.0,64.0,66.0,59,94.32,33,ep3
1788345140,18:32:20,72.0,59.0,67.0,60,94.90,25,ep3
1788345145,18:32:25,70.0,62.0,62.0,59,94.42,33,ep3
1788345150,18:32:30,69.0,61.0,61.0,59,94.54,34,ep3
1788345155,18:32:35,75.0,59.0,67.0,59,97.33,30,ep3
1788345160,18:32:40,69.0,60.0,61.0,59,94.52,34,ep3
1788345165,18:32:45,73.0,61.0,67.0,60,93.82,30,ep3
1788345170,18:32:50,71.0,60.0,59.0,60,98.10,30,ep3
1788345175,18:32:55,80.0,56.0,80.0,60,97.54,35,ep3
1788345180,18:33:00,67.0,58.0,61.0,59,94.90,30,ep3
1788345185,18:33:05,70.0,59.0,61.0,59,93.60,30,ep3
1788345190,18:33:10,66.0,59.0,62.0,59,94.92,30,ep3
1788345196,18:33:16,77.0,60.0,61.0,60,94.49,33,ep3
1788345201,18:33:21,64.0,58.0,61.0,60,96.45,27,ep3
1788345206,18:33:26,76.0,56.0,76.0,60,96.60,25,ep3
1788345211,18:33:31,65.0,58.0,59.0,60,87.61,30,ep3
1788345216,18:33:36,69.0,62.0,61.0,60,94.25,25,ep3
1788345221,18:33:41,69.0,58.0,61.0,59,94.52,33,ep3
1788345226,18:33:46,72.0,58.0,61.0,59,94.01,35,ep3
1788345231,18:33:51,69.0,59.0,61.0,59,97.28,29,ep3
1788345236,18:33:56,77.0,77.0,62.0,60,96.85,34,ep3
1788345241,18:34:01,68.0,58.0,62.0,60,97.02,30,ep3
1788345246,18:34:06,72.0,57.0,65.0,60,96.90,30,ep3
1788345251,18:34:11,67.0,60.0,62.0,59,95.13,30,ep3
1788345256,18:34:16,82.0,56.0,66.0,59,94.82,29,ep3
1788345261,18:34:21,67.0,60.0,59.0,59,95.12,30,ep3
1788345266,18:34:26,75.0,62.0,67.0,59,94.88,30,ep3
1788345272,18:34:32,66.0,58.0,61.0,60,93.67,30,ep3
1788345277,18:34:37,76.0,76.0,61.0,59,94.99,30,ep3
1788345282,18:34:42,64.0,58.0,59.0,59,94.94,30,ep3
1788345287,18:34:47,80.0,60.0,61.0,59,94.67,30,ep3
1788345292,18:34:52,64.0,59.0,62.0,59,94.67,30,ep3
1788345297,18:34:57,69.0,69.0,66.0,59,94.80,30,ep3
1788345302,18:35:02,66.0,60.0,61.0,59,94.84,34,ep3
1788345307,18:35:07,82.0,59.0,82.0,60,94.97,28,ep3
1788345312,18:35:12,67.0,60.0,65.0,60,95.11,30,ep3
1788345317,18:35:17,73.0,66.0,61.0,60,94.98,30,ep3
1788345322,18:35:22,66.0,59.0,59.0,60,94.86,28,ep3
1788345327,18:35:27,83.0,58.0,83.0,60,96.54,25,ep3
1788345332,18:35:32,73.0,56.0,62.0,60,96.36,28,ep3
1788345337,18:35:37,77.0,68.0,62.0,60,94.36,25,ep3
1788345342,18:35:42,67.0,58.0,62.0,60,94.37,33,ep3
1788345347,18:35:47,70.0,59.0,61.0,59,94.28,28,ep3
1788345352,18:35:52,69.0,59.0,61.0,59,94.58,33,ep3
1788345357,18:35:57,67.0,64.0,62.0,59,94.66,35,ep3
1788345362,18:36:02,69.0,56.0,59.0,60,97.68,30,ep3
1788345368,18:36:08,72.0,61.0,61.0,60,95.91,35,ep3
1788345373,18:36:13,67.0,63.0,65.0,61,94.90,29,ep3
1788345378,18:36:18,70.0,59.0,66.0,59,93.95,30,ep3
1788345383,18:36:23,71.0,60.0,62.0,59,95.19,30,ep3
1788345388,18:36:28,81.0,61.0,62.0,59,93.75,30,ep3
1788345393,18:36:33,68.0,60.0,61.0,59,94.97,30,ep3
1788345398,18:36:38,78.0,61.0,61.0,59,95.20,30,ep3
1788345403,18:36:43,67.0,59.0,61.0,60,94.96,30,ep3
1788345408,18:36:48,66.0,64.0,61.0,59,95.11,30,ep3
1788345413,18:36:53,67.0,59.0,63.0,59,95.20,30,ep3
1788345418,18:36:58,74.0,58.0,62.0,59,95.23,30,ep3
1788345423,18:37:03,67.0,66.0,62.0,60,94.61,30,ep3
1788345428,18:37:08,72.0,59.0,62.0,60,94.70,30,ep3
1788345433,18:37:13,66.0,59.0,61.0,59,95.04,31,ep3
1788345438,18:37:18,69.0,58.0,61.0,59,95.21,28,ep3
1788345443,18:37:23,66.0,59.0,61.0,60,93.91,31,ep3
1788345448,18:37:28,76.0,59.0,76.0,60,95.04,30,ep3
1788345453,18:37:33,66.0,56.0,61.0,60,93.61,19,ep3
1788345458,18:37:38,75.0,58.0,61.0,60,94.97,25,ep3
1788345464,18:37:44,62.0,56.0,61.0,60,94.32,16,ep3
1788345469,18:37:49,75.0,60.0,67.0,60,96.38,24,ep3
1788345474,18:37:54,66.0,58.0,61.0,60,94.09,33,ep3
1788345479,18:37:59,77.0,63.0,62.0,59,94.39,24,ep3
1788345484,18:38:04,69.0,59.0,61.0,59,94.10,33,ep3
1788345489,18:38:09,70.0,64.0,62.0,59,94.73,35,ep3
1788345494,18:38:14,70.0,60.0,62.0,59,97.50,30,ep3
1788345499,18:38:19,66.0,56.0,63.0,59,94.82,30,ep3
1788345505,18:38:25,66.0,58.0,59.0,59,90.86,30,ep3
1788345510,18:38:30,67.0,59.0,61.0,59,95.01,31,ep3
1788345515,18:38:35,66.0,60.0,62.0,59,94.87,28,ep3
1788345520,18:38:40,66.0,59.0,61.0,59,93.85,27,ep3
1788345525,18:38:45,72.0,72.0,62.0,59,96.66,28,ep3
1788345530,18:38:50,67.0,60.0,61.0,60,95.15,17,ep3
1788345535,18:38:55,66.0,59.0,62.0,60,94.11,33,ep3
1788345540,18:39:00,69.0,61.0,62.0,60,94.71,24,ep3
1788345545,18:39:05,73.0,60.0,62.0,59,94.39,33,ep3
1788345550,18:39:10,70.0,60.0,61.0,59,94.25,34,ep3
1788345555,18:39:15,73.0,58.0,59.0,59,97.52,30,ep3
1788345560,18:39:20,72.0,60.0,59.0,60,97.22,34,ep3
1788345565,18:39:25,66.0,58.0,58.0,60,97.40,29,ep3
1788345570,18:39:30,66.0,56.0,61.0,61,94.66,30,ep3
1788345575,18:39:35,66.0,59.0,62.0,59,94.73,29,ep3
1788345580,18:39:40,66.0,58.0,61.0,59,94.65,29,ep3
1788345585,18:39:45,66.0,58.0,61.0,59,94.89,30,ep3
1788345590,18:39:50,64.0,56.0,59.0,59,95.12,30,ep3
1788345595,18:39:55,66.0,59.0,59.0,59,94.66,30,ep3
1788345600,18:40:00,66.0,58.0,61.0,59,95.06,30,ep3
1788345606,18:40:06,66.0,59.0,61.0,60,93.90,30,ep3
1788345611,18:40:11,66.0,58.0,61.0,60,94.79,33,ep3
1788345616,18:40:16,68.0,63.0,61.0,59,94.81,30,ep3
1788345621,18:40:21,66.0,60.0,65.0,59,95.33,31,ep3
1788345626,18:40:26,67.0,58.0,61.0,59,93.77,29,ep3
1788345631,18:40:31,67.0,59.0,63.0,60,95.29,30,ep3
1788345636,18:40:36,66.0,58.0,62.0,60,93.74,25,ep3
1788345641,18:40:41,66.0,58.0,61.0,59,94.93,28,ep3
1788345646,18:40:46,66.0,58.0,58.0,60,96.27,25,ep3
1788345651,18:40:51,67.0,60.0,63.0,60,96.85,28,ep3
1788345656,18:40:56,64.0,58.0,58.0,60,95.09,25,ep3
1788345661,18:41:01,78.0,59.0,78.0,60,94.94,33,ep3
1788345666,18:41:06,65.0,61.0,58.0,60,96.39,27,ep3
1788345671,18:41:11,71.0,59.0,61.0,60,94.15,29,ep3
1788345676,18:41:16,70.0,59.0,58.0,59,94.07,33,ep3
1788345681,18:41:21,70.0,60.0,59.0,59,94.13,35,ep3
1788345686,18:41:26,70.0,60.0,59.0,59,94.07,33,ep3
1788345691,18:41:31,70.0,60.0,61.0,60,96.13,35,ep3
1788345697,18:41:37,68.0,58.0,58.0,60,97.38,29,ep3
1788345702,18:41:42,68.0,60.0,58.0,60,97.57,35,ep3
1788345707,18:41:47,66.0,58.0,57.0,60,94.72,29,ep3
1788345712,18:41:52,66.0,56.0,57.0,60,94.62,30,ep3
1788345717,18:41:57,66.0,59.0,57.0,59,94.87,30,ep3
1788345722,18:42:02,71.0,58.0,65.0,59,94.34,30,ep3
1788345727,18:42:07,64.0,58.0,57.0,59,94.68,30,ep3
1788345732,18:42:12,69.0,60.0,61.0,59,94.54,30,ep3
1788345737,18:42:17,67.0,58.0,57.0,59,94.83,30,ep3
1788345742,18:42:22,64.0,59.0,57.0,59,94.69,30,ep3
1788345747,18:42:27,67.0,59.0,59.0,59,94.43,30,ep3
1788345752,18:42:32,64.0,58.0,58.0,60,94.50,30,ep3
1788345757,18:42:37,67.0,58.0,58.0,59,94.77,30,ep3
1788345762,18:42:42,66.0,57.0,58.0,59,94.79,30,ep3
1788345767,18:42:47,67.0,61.0,59.0,59,94.39,31,ep3
1788345772,18:42:52,67.0,60.0,61.0,59,94.73,29,ep3
1788345777,18:42:57,67.0,59.0,61.0,59,95.61,25,ep3
1788345782,18:43:02,66.0,55.0,58.0,59,94.51,30,ep3
1788345787,18:43:07,66.0,60.0,59.0,60,95.30,23,ep3
1788345793,18:43:13,66.0,60.0,61.0,60,96.23,25,ep3
1788345798,18:43:18,68.0,59.0,59.0,60,93.10,33,ep3
1788345803,18:43:23,67.0,56.0,61.0,59,94.58,30,ep3
1788345808,18:43:28,68.0,61.0,61.0,59,94.72,30,ep3
1788345813,18:43:33,67.0,61.0,61.0,59,94.67,30,ep3
1788345818,18:43:38,68.0,61.0,62.0,59,93.22,30,ep? s50
1788345823,18:43:43,67.0,60.0,61.0,60,94.88,31,ep? s50
1788345828,18:43:48,67.0,61.0,61.0,59,93.42,30,ep? s50
1788345833,18:43:53,70.0,61.0,62.0,59,94.70,33,ep? s50
1788345839,18:43:59,66.0,60.0,61.0,59,95.06,31,ep? s50
1788345844,18:44:04,66.0,59.0,61.0,59,94.89,30,ep? s50
1788345849,18:44:09,68.0,61.0,61.0,59,94.61,31,ep? s50
1788345854,18:44:14,67.0,60.0,58.0,59,94.79,27,ep? s50
1788345859,18:44:19,66.0,60.0,61.0,59,96.26,25,ep? s50
1788345864,18:44:24,66.0,63.0,65.0,60,96.26,28,ep? s50
1788345869,18:44:29,67.0,63.0,61.0,60,96.12,24,ep? s50
1788345874,18:44:34,65.0,60.0,62.0,60,93.87,33,ep? s50
1788345879,18:44:39,65.0,65.0,59.0,60,95.76,27,ep? s50
1788345884,18:44:44,70.0,60.0,61.0,59,93.84,33,ep? s50
1788345889,18:44:49,70.0,59.0,63.0,59,94.00,34,ep? s50
1788345894,18:44:54,69.0,60.0,59.0,59,96.14,29,ep? s50
1788345899,18:44:59,69.0,59.0,61.0,59,93.99,34,ep? s50
1788345904,18:45:04,70.0,60.0,61.0,59,97.00,35,ep? s50
1788345909,18:45:09,67.0,60.0,61.0,60,97.12,29,ep? s50
1788345914,18:45:14,66.0,60.0,62.0,60,92.58,30,ep? s50
1788345919,18:45:19,66.0,60.0,61.0,59,94.70,29,ep? s150
1788345924,18:45:24,65.0,57.0,59.0,59,94.78,30,ep? s150
1788345929,18:45:29,65.0,60.0,61.0,59,94.94,30,ep? s150
1788345935,18:45:35,66.0,59.0,61.0,59,95.15,30,ep? s150
1788345940,18:45:40,66.0,61.0,61.0,59,94.93,30,ep? s150
1788345945,18:45:45,65.0,58.0,61.0,59,94.82,30,ep? s150
1788345950,18:45:50,66.0,58.0,61.0,59,95.09,30,ep? s150
1788345955,18:45:55,65.0,58.0,61.0,59,95.07,30,ep? s150
1788345960,18:46:00,65.0,58.0,61.0,60,94.44,30,ep? s150
1788345965,18:46:05,65.0,58.0,59.0,59,94.57,30,ep? s150
1788345970,18:46:10,68.0,61.0,63.0,59,94.48,30,ep? s200
1788345975,18:46:15,67.0,58.0,61.0,59,94.70,30,ep? s200
1788345980,18:46:20,65.0,59.0,58.0,59,94.42,30,ep? s200
1788345985,18:46:25,65.0,58.0,59.0,59,94.61,28,ep? s200
1788345990,18:46:30,65.0,59.0,61.0,59,93.30,31,ep? s200
1788345995,18:46:35,65.0,56.0,57.0,59,96.48,28,ep? s200
1788346000,18:46:40,66.0,56.0,58.0,59,95.95,25,ep? s200
1788346005,18:46:45,65.0,58.0,58.0,60,96.47,28,ep? s200
1788346010,18:46:50,65.0,58.0,58.0,61,93.43,17,ep? s200
1788346015,18:46:55,64.0,58.0,59.0,59,94.20,33,ep? s200
1788346020,18:47:00,65.0,58.0,59.0,59,92.91,33,ep? s250
1788346026,18:47:06,70.0,58.0,58.0,59,93.99,33,ep? s250
1788346031,18:47:11,69.0,59.0,58.0,59,93.80,34,ep? s250
1788346036,18:47:16,68.0,56.0,58.0,59,97.07,30,ep? s250
1788346041,18:47:21,69.0,59.0,58.0,59,94.00,34,ep? s250
1788346046,18:47:26,71.0,58.0,59.0,60,94.73,29,ep? s250
1788346051,18:47:31,64.0,58.0,59.0,60,97.90,30,ep? s250
1788346056,18:47:36,65.0,59.0,58.0,59,94.63,30,ep? s250
1788346061,18:47:41,65.0,59.0,62.0,59,94.78,29,ep? s250
1788346066,18:47:46,67.0,60.0,62.0,59,93.44,30,ep? s250
1788346071,18:47:51,66.0,58.0,61.0,59,94.54,30,ep? s300
1788346076,18:47:56,65.0,63.0,61.0,59,94.83,30,ep? s300
1788346081,18:48:01,65.0,56.0,59.0,59,94.73,30,ep? s300
1788346086,18:48:06,66.0,59.0,61.0,59,94.70,30,ep? s300
1788346091,18:48:11,65.0,58.0,58.0,60,94.87,30,ep? s300
1788346096,18:48:16,66.0,56.0,57.0,59,94.47,30,ep? s300
1788346101,18:48:21,66.0,59.0,66.0,59,94.85,30,ep? s300
1788346107,18:48:27,69.0,59.0,61.0,59,93.99,35,ep? s300
1788346112,18:48:32,69.0,58.0,61.0,59,97.09,29,ep? s300
1788346117,18:48:37,69.0,58.0,61.0,59,97.47,35,ep? s300
1788346122,18:48:42,66.0,59.0,61.0,61,94.91,30,ep? s350
1788346127,18:48:47,65.0,58.0,59.0,59,94.48,30,ep? s350
1788346132,18:48:52,65.0,58.0,58.0,59,94.66,29,ep? s350
1788346137,18:48:57,65.0,58.0,61.0,59,94.96,30,ep? s350
1788346142,18:49:02,69.0,58.0,69.0,59,93.79,30,ep? s350
1788346147,18:49:07,65.0,56.0,58.0,59,94.48,30,ep? s350
1788346153,18:49:13,67.0,61.0,67.0,59,94.90,30,ep? s350
1788346158,18:49:18,66.0,59.0,59.0,59,95.18,30,ep? s350
1788346163,18:49:23,65.0,59.0,61.0,59,94.92,30,ep? s350
1788346168,18:49:28,65.0,56.0,57.0,59,94.99,34,ep? s350
1788346173,18:49:33,65.0,56.0,57.0,59,95.03,30,ep? s400
1788346178,18:49:38,63.0,56.0,59.0,59,94.80,34,ep? s400
1788346183,18:49:43,65.0,55.0,61.0,59,95.05,31,ep? s400
1788346188,18:49:48,65.0,56.0,57.0,60,94.58,23,ep? s400
1788346193,18:49:53,65.0,59.0,59.0,59,94.60,30,ep? s400
1788346198,18:49:58,66.0,60.0,61.0,59,95.83,25,ep? s400
1788346203,18:50:03,66.0,62.0,59.0,60,95.66,27,ep? s400
1788346208,18:50:08,67.0,61.0,59.0,59,94.86,25,ep? s400
1788346213,18:50:13,68.0,59.0,58.0,59,93.69,29,ep? s400
1788346218,18:50:18,73.0,59.0,61.0,59,93.91,34,ep? s400
1788346223,18:50:23,72.0,59.0,61.0,59,95.89,30,ep? s450
1788346228,18:50:28,69.0,63.0,59.0,59,96.60,34,ep? s450
1788346233,18:50:33,69.0,62.0,59.0,59,94.52,30,ep? s450
1788346238,18:50:38,65.0,59.0,59.0,60,93.29,29,ep? s450
1788346243,18:50:43,65.0,65.0,61.0,60,94.81,31,ep? s450
1788346249,18:50:49,65.0,59.0,59.0,59,93.33,30,ep? s450
1788346254,18:50:54,65.0,58.0,59.0,59,94.67,30,ep? s450
1788346259,18:50:59,66.0,59.0,58.0,59,94.60,30,ep? s450
1788346264,18:51:04,65.0,59.0,59.0,59,94.56,30,ep? s450
1788346269,18:51:09,66.0,59.0,59.0,59,94.48,30,ep? s450
1788346274,18:51:14,66.0,62.0,58.0,59,94.85,30,ep? s450
1788346279,18:51:19,66.0,60.0,61.0,59,94.87,30,ep? s500
1788346284,18:51:24,66.0,62.0,59.0,59,94.70,30,ep? s500
1788346289,18:51:29,66.0,59.0,61.0,60,94.24,32,ep? s500
1788346294,18:51:34,66.0,58.0,66.0,59,94.97,31,ep? s500
1788346299,18:51:39,65.0,59.0,61.0,59,94.72,28,ep? s500
1788346304,18:51:44,66.0,61.0,62.0,59,94.68,32,ep? s500
1788346309,18:51:49,65.0,60.0,67.0,59,94.85,30,ep? s500
1788346314,18:51:54,63.0,59.0,61.0,59,95.69,25,ep? s500
1788346319,18:51:59,65.0,56.0,61.0,59,94.46,30,ep? s500
1788346324,18:52:04,67.0,59.0,65.0,59,94.96,24,ep? s500
1788346329,18:52:09,63.0,60.0,61.0,60,95.20,27,ep? s550
1788346334,18:52:14,65.0,63.0,62.0,59,93.69,18,ep? s550
1788346339,18:52:19,67.0,62.0,61.0,59,93.47,27,ep? s550
1788346345,18:52:25,67.0,59.0,62.0,59,93.87,33,ep? s550
1788346350,18:52:30,73.0,59.0,62.0,59,93.80,36,ep? s550
1788346355,18:52:35,77.0,59.0,61.0,59,93.83,33,ep? s550
1788346360,18:52:40,73.0,59.0,61.0,59,97.22,35,ep? s550
1788346365,18:52:45,69.0,60.0,69.0,60,97.31,29,ep? s550
1788346370,18:52:50,66.0,60.0,61.0,59,89.27,27,ep? s550
1788346375,18:52:55,65.0,59.0,61.0,59,94.35,29,ep? s550
1788346380,18:53:00,66.0,61.0,62.0,59,94.48,30,ep? s600
1788346385,18:53:05,66.0,59.0,61.0,59,94.83,30,ep? s600
1788346390,18:53:10,67.0,60.0,63.0,59,94.57,30,ep? s600
1788346395,18:53:15,67.0,60.0,61.0,59,91.85,30,ep? s600
1788346400,18:53:20,66.0,60.0,61.0,59,93.65,30,ep? s600
1788346405,18:53:25,66.0,60.0,61.0,59,94.92,30,ep? s600
1788346411,18:53:31,66.0,59.0,62.0,59,93.51,25,ep? s600
1788346416,18:53:36,65.0,59.0,65.0,59,95.65,28,ep? s600
1788346421,18:53:41,79.0,60.0,62.0,60,93.69,25,ep? s600
1788346426,18:53:46,67.0,60.0,62.0,60,94.35,33,ep? s600
1788346431,18:53:51,67.0,63.0,61.0,59,93.01,34,ep? s650
1788346436,18:53:56,70.0,60.0,61.0,59,93.08,30,ep? s650
1788346441,18:54:01,73.0,60.0,61.0,59,94.04,34,ep? s650
1788346446,18:54:06,69.0,61.0,61.0,59,94.41,32,ep? s650
1788346451,18:54:11,71.0,60.0,61.0,59,94.14,34,ep? s650
1788346456,18:54:16,65.0,61.0,65.0,60,94.65,29,ep? s650
1788346461,18:54:21,61.0,59.0,61.0,60,97.61,30,ep? s650
1788346467,18:54:27,66.0,60.0,66.0,59,94.57,30,ep? s650
1788346472,18:54:32,65.0,59.0,62.0,59,94.67,30,ep? s650
1788346477,18:54:37,65.0,58.0,57.0,59,94.32,30,ep? s650
1788346482,18:54:42,65.0,59.0,61.0,59,94.32,30,ep? s700
1788346487,18:54:47,66.0,59.0,62.0,59,94.59,30,ep? s700
1788346492,18:54:52,65.0,59.0,61.0,59,94.57,30,ep? s700
1788346497,18:54:57,62.0,59.0,59.0,59,94.41,30,ep? s700
1788346502,18:55:02,66.0,59.0,58.0,59,94.73,30,ep? s700
1788346507,18:55:07,68.0,59.0,58.0,59,93.35,31,ep? s700
1788346512,18:55:12,66.0,59.0,62.0,59,94.82,30,ep? s700
1788346517,18:55:17,65.0,59.0,58.0,59,94.65,31,ep? s700
1788346522,18:55:22,65.0,59.0,58.0,59,94.30,28,ep? s700
1788346527,18:55:27,65.0,58.0,57.0,59,96.61,25,ep? s700
1788346532,18:55:32,66.0,61.0,61.0,59,95.90,29,ep? s750
1788346537,18:55:37,65.0,61.0,59.0,59,94.65,27,ep? s750
1788346542,18:55:42,65.0,61.0,58.0,59,95.64,27,ep? s750
1788346547,18:55:47,65.0,60.0,61.0,60,96.18,28,ep? s750
1788346552,18:55:52,65.0,58.0,61.0,60,93.72,25,ep? s750
1788346557,18:55:57,67.0,60.0,58.0,60,93.56,33,ep? s750
1788346563,18:56:03,72.0,60.0,62.0,59,93.78,35,ep? s750
1788346568,18:56:08,74.0,60.0,61.0,59,93.54,33,ep? s750
1788346573,18:56:13,70.0,60.0,63.0,59,89.38,30,ep? s750
1788346578,18:56:18,71.0,60.0,59.0,59,97.04,29,ep? s750
1788346583,18:56:23,66.0,59.0,62.0,60,97.26,30,ep? s800
1788346588,18:56:28,65.0,59.0,61.0,60,94.56,29,ep? s800
1788346593,18:56:33,66.0,61.0,62.0,59,94.18,30,ep? s800
1788346598,18:56:38,65.0,60.0,63.0,59,94.68,30,ep? s800
1788346603,18:56:43,66.0,60.0,62.0,59,93.20,30,ep? s800
1788346608,18:56:48,66.0,60.0,62.0,59,94.28,30,ep? s800
1788346613,18:56:53,66.0,59.0,61.0,59,94.38,30,ep? s800
1788346618,18:56:58,65.0,58.0,61.0,59,94.65,30,ep? s800
1788346623,18:57:03,65.0,58.0,61.0,59,93.28,30,ep? s800
1788346628,18:57:08,65.0,55.0,61.0,59,94.34,30,ep? s800
1788346633,18:57:13,65.0,58.0,61.0,59,94.24,30,ep? s850
1788346638,18:57:18,65.0,59.0,59.0,59,94.33,30,ep? s850
1788346643,18:57:23,65.0,56.0,59.0,59,94.14,30,ep? s850
1788346648,18:57:28,65.0,58.0,58.0,59,94.51,30,ep? s850
1788346653,18:57:33,65.0,58.0,61.0,59,94.60,28,ep? s850
1788346659,18:57:39,66.0,59.0,61.0,59,94.68,31,ep? s850
1788346664,18:57:44,65.0,60.0,61.0,59,96.12,28,ep? s850
1788346669,18:57:49,63.0,60.0,61.0,60,96.02,25,ep? s850
1788346674,18:57:54,67.0,60.0,61.0,59,96.02,28,ep? s850
1788346679,18:57:59,66.0,59.0,59.0,59,93.08,24,ep? s850
1788346684,18:58:04,72.0,59.0,62.0,59,93.63,33,ep? s900
1788346689,18:58:09,75.0,62.0,61.0,59,93.86,36,ep? s900
1788346694,18:58:14,70.0,62.0,61.0,59,93.79,33,ep? s900
1788346699,18:58:19,72.0,62.0,61.0,59,96.64,34,ep? s900
1788346704,18:58:24,68.0,58.0,62.0,59,97.22,29,ep? s900
1788346709,18:58:29,69.0,58.0,59.0,60,94.55,29,ep? s900
1788346715,18:58:35,65.0,60.0,59.0,59,94.66,30,ep? s900
1788346720,18:58:40,81.0,58.0,61.0,59,93.57,30,ep? s900
1788346725,18:58:45,66.0,59.0,66.0,59,94.59,28,ep? s900
1788346730,18:58:50,65.0,58.0,61.0,59,93.26,18,ep? s900
1788346735,18:58:55,65.0,59.0,61.0,59,95.83,28,ep? s950
1788346740,18:59:00,66.0,59.0,61.0,59,94.40,25,ep? s950
1788346745,18:59:05,67.0,56.0,59.0,60,94.33,33,ep? s950
1788346750,18:59:10,68.0,60.0,58.0,60,95.01,25,ep? s950
1788346755,18:59:15,71.0,71.0,61.0,60,94.74,33,ep? s950
1788346760,18:59:20,70.0,59.0,62.0,59,93.73,34,ep? s950
1788346765,18:59:25,68.0,59.0,59.0,59,93.79,31,ep? s950
1788346770,18:59:30,73.0,60.0,61.0,59,93.78,34,ep? s950
1788346775,18:59:35,68.0,60.0,61.0,59,93.76,33,ep? s950
1788346780,18:59:40,72.0,59.0,59.0,59,93.85,33,ep? s950
1788346786,18:59:46,66.0,56.0,57.0,60,94.82,32,ep? s1000
1788346791,18:59:51,62.0,56.0,57.0,60,97.14,29,ep? s1000
1788346796,18:59:56,63.0,58.0,58.0,59,94.31,30,ep? s1000
1788346801,19:00:01,65.0,58.0,65.0,59,94.43,29,ep? s1000
1788346806,19:00:06,63.0,58.0,57.0,59,93.88,30,ep? s1000
1788346811,19:00:11,65.0,56.0,59.0,59,94.27,30,ep? s1000
1788346816,19:00:16,64.0,55.0,59.0,59,94.30,30,ep? s1000
1788346821,19:00:21,65.0,58.0,59.0,59,94.32,30,ep? s1000
1788346826,19:00:26,63.0,58.0,57.0,59,94.38,30,ep? s1000
1788346831,19:00:31,63.0,56.0,57.0,59,94.47,30,ep? s1000
1788346836,19:00:36,65.0,59.0,61.0,59,94.17,30,ep? s1050
1788346841,19:00:41,65.0,58.0,59.0,59,94.60,30,ep? s1050
1788346846,19:00:46,66.0,61.0,61.0,59,94.51,30,ep? s1050
1788346851,19:00:51,66.0,60.0,59.0,59,94.61,30,ep? s1050
1788346856,19:00:56,65.0,57.0,62.0,59,94.58,28,ep? s1050
1788346861,19:01:01,66.0,60.0,61.0,59,94.57,31,ep? s1050
1788346866,19:01:06,65.0,58.0,61.0,59,95.74,28,ep? s1050
1788346871,19:01:11,65.0,60.0,61.0,59,96.35,25,ep? s1050
1788346876,19:01:16,66.0,58.0,61.0,59,94.37,33,ep? s1050
1788346881,19:01:21,66.0,58.0,61.0,60,94.00,26,ep? s1050
1788346887,19:01:27,67.0,59.0,67.0,59,93.71,27,ep? s1100
1788346892,19:01:32,65.0,60.0,65.0,59,92.90,33,ep? s1100
1788346897,19:01:37,72.0,58.0,63.0,59,93.86,35,ep? s1100
1788346902,19:01:42,71.0,59.0,61.0,59,93.79,33,ep? s1100
1788346907,19:01:47,72.0,58.0,59.0,59,93.97,35,ep? s1100
1788346912,19:01:52,70.0,59.0,61.0,59,97.06,30,ep? s1100
1788346917,19:01:57,82.0,58.0,67.0,60,97.16,35,ep? s1100
1788346922,19:02:02,65.0,60.0,66.0,60,94.34,29,ep? s1100
1788346927,19:02:07,62.0,58.0,59.0,59,94.50,30,ep? s1100
1788346932,19:02:12,66.0,60.0,61.0,59,94.35,30,ep? s1100
1788346937,19:02:17,67.0,67.0,62.0,59,94.53,30,ep? s1150
1788346942,19:02:22,65.0,58.0,61.0,59,94.63,30,ep? s1150
1788346947,19:02:27,63.0,60.0,59.0,59,94.70,30,ep? s1150
1788346952,19:02:32,65.0,60.0,62.0,59,94.72,30,ep? s1150
1788346957,19:02:37,63.0,58.0,58.0,59,94.86,30,ep? s1150
1788346962,19:02:42,63.0,59.0,59.0,59,94.68,30,ep? s1150
1788346967,19:02:47,65.0,59.0,62.0,59,94.58,30,ep? s1150
1788346972,19:02:52,65.0,63.0,59.0,59,94.39,30,ep? s1150
1788346977,19:02:57,68.0,68.0,58.0,59,94.69,30,ep? s1150
1788346983,19:03:03,82.0,56.0,58.0,59,94.84,31,ep? s1150
1788346988,19:03:08,65.0,58.0,58.0,59,93.77,21,ep? s1200
1788346993,19:03:13,66.0,57.0,62.0,60,94.61,31,ep? s1200
1788346998,19:03:18,67.0,58.0,59.0,59,94.46,29,ep? s1200
1788347003,19:03:23,65.0,60.0,61.0,59,95.56,25,ep? s1200
1788347008,19:03:28,64.0,55.0,61.0,59,92.80,18,ep? s1200
1788347013,19:03:33,64.0,56.0,58.0,59,94.42,25,ep? s1200
1788347018,19:03:38,67.0,60.0,61.0,59,93.21,30,ep? s1200
1788347024,19:03:44,74.0,74.0,61.0,59,94.40,31,ep? s1200
1788347029,19:03:49,65.0,56.0,58.0,59,94.55,30,ep? s1200
1788347034,19:03:54,68.0,63.0,58.0,59,94.77,30,ep? s1200
1788347039,19:03:59,65.0,61.0,59.0,59,94.42,31,ep? s1250
1788347044,19:04:04,74.0,74.0,59.0,59,94.45,31,ep? s1250
1788347049,19:04:09,65.0,60.0,58.0,59,94.57,31,ep? s1250
1788347054,19:04:14,72.0,62.0,59.0,59,94.57,30,ep? s1250
1788347059,19:04:19,63.0,58.0,57.0,59,94.29,34,ep? s1250
1788347064,19:04:24,74.0,61.0,58.0,59,94.39,29,ep? s1250
1788347069,19:04:29,65.0,58.0,58.0,59,94.48,30,ep? s1250
1788347074,19:04:34,70.0,58.0,61.0,59,95.39,29,ep? s1250
1788347079,19:04:39,62.0,60.0,59.0,59,93.95,27,ep? s1250
1788347084,19:04:44,72.0,63.0,66.0,59,94.73,30,ep? s1250
1788347089,19:04:49,61.0,61.0,58.0,59,95.87,28,ep? s1300
1788347094,19:04:54,72.0,54.0,61.0,59,92.99,22,ep? s1300
1788347099,19:04:59,68.0,55.0,58.0,59,93.40,33,ep? s1300
1788347104,19:05:04,73.0,56.0,58.0,59,92.97,34,ep? s1300
1788347109,19:05:09,68.0,55.0,58.0,59,93.55,33,ep? s1300
1788347114,19:05:14,67.0,62.0,59.0,59,93.52,31,ep? s1300
1788347119,19:05:19,65.0,59.0,61.0,60,97.35,29,ep? s1300
1788347125,19:05:25,70.0,59.0,61.0,60,94.39,31,ep? s1300
1788347130,19:05:30,69.0,59.0,61.0,59,94.73,29,ep? s1300
1788347135,19:05:35,77.0,61.0,61.0,59,94.65,30,ep? s1300
1788347140,19:05:40,66.0,60.0,61.0,59,94.73,30,ep? s1300
1788347145,19:05:45,74.0,59.0,58.0,59,95.02,31,ep? s1350
1788347150,19:05:50,63.0,59.0,59.0,59,95.11,30,ep? s1350
1788347155,19:05:55,75.0,64.0,58.0,59,94.80,30,ep? s1350
1788347160,19:06:00,65.0,59.0,62.0,59,94.55,32,ep? s1350
1788347165,19:06:05,85.0,58.0,85.0,59,94.81,30,ep? s1350
1788347170,19:06:10,65.0,59.0,59.0,59,94.98,30,ep? s1350
1788347175,19:06:15,71.0,58.0,63.0,59,95.19,31,ep? s1350
1788347180,19:06:20,65.0,62.0,61.0,59,93.60,20,ep? s1350
1788347185,19:06:25,73.0,73.0,61.0,59,94.76,31,ep? s1350
1788347190,19:06:30,66.0,60.0,61.0,59,94.78,20,ep? s1350
1788347195,19:06:35,75.0,62.0,75.0,59,96.36,24,ep? s1400
1788347200,19:06:40,63.0,58.0,61.0,59,95.82,33,ep? s1400
1788347205,19:06:45,75.0,61.0,59.0,59,93.93,25,ep? s1400
1788347210,19:06:50,65.0,58.0,59.0,59,93.25,31,ep? s1400
1788347215,19:06:55,67.0,56.0,61.0,59,94.11,35,ep? s1400
1788347221,19:07:01,70.0,59.0,59.0,59,95.57,29,ep? s1400
1788347226,19:07:06,79.0,56.0,79.0,59,96.77,35,ep? s1400
1788347231,19:07:11,71.0,59.0,59.0,59,94.55,29,ep? s1400
1788347236,19:07:16,71.0,71.0,59.0,59,93.28,30,ep? s1400
1788347241,19:07:21,63.0,55.0,58.0,59,94.36,30,ep? s1400
1788347246,19:07:26,72.0,58.0,59.0,59,94.40,30,ep? s1450
1788347251,19:07:31,65.0,58.0,61.0,59,94.15,30,ep? s1450
1788347256,19:07:36,85.0,60.0,85.0,59,94.35,31,ep? s1450
1788347261,19:07:41,68.0,61.0,62.0,59,94.78,30,ep? s1450
1788347266,19:07:46,85.0,58.0,85.0,59,94.44,30,ep? s1450
1788347271,19:07:51,67.0,58.0,61.0,59,94.55,30,ep? s1450
1788347276,19:07:56,71.0,71.0,65.0,59,94.98,31,ep? s1450
1788347281,19:08:01,66.0,60.0,61.0,59,95.05,31,ep? s1450
1788347286,19:08:06,71.0,71.0,61.0,59,94.79,30,ep? s1450
1788347291,19:08:11,66.0,59.0,59.0,59,93.50,31,ep? s1450
1788347296,19:08:16,69.0,58.0,58.0,59,94.42,29,ep? s1500
1788347301,19:08:21,66.0,60.0,61.0,59,94.57,31,ep? s1500
1788347306,19:08:26,73.0,73.0,61.0,59,95.02,29,ep? s1500
1788347311,19:08:31,63.0,56.0,61.0,59,95.64,24,ep? s1500
1788347316,19:08:36,76.0,56.0,61.0,59,94.63,32,ep? s1500
1788347322,19:08:42,66.0,60.0,61.0,59,94.88,29,ep? s1500
1788347327,19:08:47,70.0,58.0,63.0,59,94.62,30,ep? s1500
1788347332,19:08:52,66.0,59.0,58.0,59,94.87,30,ep? s1500
1788347337,19:08:57,66.0,61.0,61.0,59,94.94,30,ep? s1500
1788347342,19:09:02,64.0,58.0,61.0,59,94.91,30,ep? s1500
1788347347,19:09:07,75.0,60.0,58.0,59,94.75,30,ep? s1550
1788347352,19:09:12,64.0,56.0,58.0,59,94.51,30,ep? s1550
1788347357,19:09:17,74.0,59.0,58.0,59,94.83,31,ep? s1550
1788347362,19:09:22,66.0,59.0,59.0,59,94.71,28,ep? s1550
1788347368,19:09:28,70.0,64.0,61.0,59,93.65,30,ep? s1550
1788347373,19:09:33,67.0,59.0,67.0,59,96.24,28,ep? s1550
1788347378,19:09:38,68.0,68.0,58.0,60,95.62,28,ep? s1550
1788347383,19:09:43,71.0,58.0,61.0,59,93.86,33,ep? s1550
1788347388,19:09:48,77.0,58.0,59.0,59,93.30,25,ep? s1550
1788347393,19:09:53,71.0,58.0,59.0,59,94.02,33,ep? s1550
1788347398,19:09:58,69.0,69.0,58.0,59,94.06,34,ep? s1600
1788347403,19:10:03,71.0,57.0,58.0,59,94.04,33,ep? s1600
1788347408,19:10:08,70.0,61.0,59.0,59,94.91,34,ep? s1600
1788347413,19:10:13,71.0,59.0,61.0,59,97.21,29,ep? s1600
1788347418,19:10:18,69.0,59.0,58.0,59,94.43,30,ep? s1600
1788347423,19:10:23,64.0,59.0,58.0,59,94.89,29,ep? s1600
1788347428,19:10:28,63.0,57.0,57.0,60,94.51,29,ep? s1600
1788347433,19:10:33,66.0,60.0,61.0,59,94.90,30,ep? s1600
1788347438,19:10:38,64.0,59.0,58.0,59,94.59,30,ep? s1600
1788347443,19:10:43,66.0,59.0,59.0,59,94.83,30,ep? s1600
1788347448,19:10:48,66.0,61.0,62.0,59,94.53,30,ep? s1650
1788347453,19:10:53,66.0,59.0,61.0,59,93.36,30,ep? s1650
1788347458,19:10:58,64.0,61.0,61.0,59,94.18,30,ep? s1650
1788347464,19:11:04,64.0,58.0,62.0,59,93.68,30,ep? s1650
1788347469,19:11:09,66.0,59.0,63.0,59,94.61,30,ep? s1650
1788347474,19:11:14,66.0,60.0,62.0,59,94.72,30,ep? s1650
1788347479,19:11:19,67.0,59.0,61.0,59,94.75,30,ep? s1650
1788347484,19:11:24,64.0,58.0,59.0,59,94.66,30,ep? s1650
1788347489,19:11:29,66.0,62.0,61.0,59,95.12,30,ep? s1650
1788347494,19:11:34,64.0,58.0,61.0,59,95.06,30,ep? s1650
1788347499,19:11:39,64.0,59.0,58.0,59,95.20,31,ep? s1700
1788347504,19:11:44,64.0,59.0,58.0,59,94.87,28,ep? s1700
1788347509,19:11:49,64.0,58.0,58.0,59,94.57,31,ep? s1700
1788347514,19:11:54,68.0,59.0,59.0,59,94.88,29,ep? s1700
1788347519,19:11:59,64.0,59.0,58.0,59,96.00,25,ep? s1700
1788347524,19:12:04,66.0,60.0,62.0,59,94.58,31,ep? s1700
1788347529,19:12:09,71.0,58.0,61.0,59,94.78,25,ep? s1700
1788347534,19:12:14,65.0,59.0,57.0,60,94.09,27,ep? s1700
1788347539,19:12:19,65.0,58.0,57.0,59,93.36,26,ep? s1700
1788347544,19:12:24,68.0,58.0,58.0,59,94.28,32,ep? s1700
1788347549,19:12:29,98.0,61.0,98.0,59,93.21,33,ep? s1750
1788347555,19:12:35,87.0,59.0,69.0,60,94.86,29,ep? s1750
1788347560,19:12:40,66.0,59.0,66.0,59,93.68,30,ep? s1750
1788347565,19:12:45,67.0,60.0,61.0,59,94.91,30,ep? s1750
1788347570,19:12:50,64.0,58.0,58.0,59,94.85,30,ep? s1750
1788347575,19:12:55,64.0,56.0,59.0,59,94.68,30,ep? s1750
1788347580,19:13:00,65.0,59.0,65.0,59,94.73,30,ep? s1750
1788347585,19:13:05,66.0,58.0,61.0,59,94.72,30,ep? s1750
1788347590,19:13:10,66.0,59.0,59.0,59,95.18,30,ep? s1750
1788347595,19:13:15,64.0,59.0,59.0,59,94.57,30,ep? s1750
1788347600,19:13:20,65.0,58.0,57.0,59,95.17,30,ep? s1800
1788347605,19:13:25,63.0,58.0,65.0,59,95.19,30,ep? s1800
1788347610,19:13:30,67.0,56.0,58.0,59,94.93,30,ep? s1800
1788347615,19:13:35,63.0,58.0,57.0,59,95.05,31,ep? s1800
1788347620,19:13:40,65.0,58.0,57.0,59,95.23,29,ep? s1800
1788347626,19:13:46,65.0,60.0,58.0,59,97.54,35,ep? s1800
1788347631,19:13:51,63.0,59.0,61.0,60,94.91,29,ep? s1800
1788347636,19:13:56,65.0,59.0,61.0,59,93.78,30,ep? s1800
1788347641,19:14:01,66.0,60.0,61.0,59,94.95,30,ep? s1800
1788347646,19:14:06,65.0,58.0,61.0,59,93.79,30,ep? s1800
1788347651,19:14:11,66.0,59.0,59.0,59,94.96,30,ep? s1850
1788347656,19:14:16,65.0,59.0,57.0,59,94.75,30,ep? s1850
1788347661,19:14:21,65.0,63.0,65.0,59,95.18,30,ep? s1850
1788347666,19:14:26,65.0,61.0,62.0,59,95.11,30,ep? s1850
1788347671,19:14:31,65.0,58.0,58.0,59,95.11,30,ep? s1850
1788347676,19:14:36,65.0,65.0,59.0,59,95.37,30,ep? s1850
1788347681,19:14:41,65.0,59.0,61.0,59,95.19,30,ep? s1850
1788347686,19:14:46,65.0,60.0,65.0,59,95.14,30,ep? s1850
1788347691,19:14:51,65.0,60.0,59.0,59,95.07,31,ep? s1850
1788347697,19:14:57,65.0,59.0,59.0,60,94.88,28,ep? s1850
1788347702,19:15:02,89.0,60.0,89.0,59,96.69,25,ep? s1900
1788347707,19:15:07,66.0,60.0,62.0,59,96.20,29,ep? s1900
1788347712,19:15:12,66.0,58.0,61.0,60,94.09,25,ep? s1900
1788347717,19:15:17,66.0,59.0,61.0,60,95.21,32,ep? s1900
1788347722,19:15:22,77.0,63.0,61.0,59,94.81,35,ep? s1900
1788347727,19:15:27,70.0,59.0,62.0,59,94.56,27,ep? s1900
1788347732,19:15:32,71.0,59.0,59.0,59,93.99,34,ep? s1900
1788347737,19:15:37,67.0,59.0,59.0,59,94.88,35,ep? s1900
1788347742,19:15:42,71.0,59.0,63.0,59,93.87,34,ep? s1900
1788347747,19:15:47,68.0,65.0,62.0,59,95.55,32,ep? s1900
1788347752,19:15:52,65.0,59.0,61.0,59,93.83,30,ep? s1950
1788347757,19:15:57,65.0,63.0,61.0,59,94.95,30,ep? s1950
1788347762,19:16:02,65.0,60.0,61.0,59,94.80,29,ep? s1950
1788347767,19:16:07,63.0,58.0,61.0,59,94.75,30,ep? s1950
1788347772,19:16:12,66.0,59.0,62.0,59,95.27,30,ep? s1950
1788347777,19:16:17,65.0,58.0,61.0,59,89.93,27,ep? s1950
1788347782,19:16:22,65.0,60.0,61.0,59,95.16,30,ep? s1950
1788347787,19:16:27,65.0,59.0,61.0,59,94.92,30,ep? s1950
1788347793,19:16:33,66.0,62.0,61.0,59,95.23,30,ep? s1950
1788347798,19:16:38,63.0,59.0,61.0,59,95.09,31,ep? s1950
1788347803,19:16:43,65.0,60.0,61.0,59,95.46,30,ep? s2000
1788347808,19:16:48,66.0,59.0,61.0,60,93.89,31,ep? s2000
1788347813,19:16:53,65.0,59.0,61.0,59,95.50,30,ep? s2000
1788347818,19:16:58,63.0,59.0,58.0,59,94.19,31,ep? s2000
1788347823,19:17:03,65.0,58.0,59.0,59,95.59,30,ep? s2000
1788347828,19:17:08,66.0,58.0,59.0,59,95.41,30,ep? s2000
1788347833,19:17:13,65.0,55.0,61.0,59,95.26,30,ep? s2000
1788347838,19:17:18,65.0,56.0,61.0,60,95.43,28,ep? s2000
1788347843,19:17:23,66.0,59.0,59.0,59,96.90,25,ep? s2000
1788347848,19:17:28,66.0,59.0,59.0,59,96.92,28,ep? s2000
1788347853,19:17:33,65.0,60.0,65.0,60,96.62,25,ep? s2050
1788347858,19:17:38,67.0,60.0,59.0,60,94.49,33,ep? s2050
1788347863,19:17:43,67.0,59.0,61.0,59,94.77,25,ep? s2050
1788347868,19:17:48,68.0,59.0,58.0,60,94.82,33,ep? s2050
1788347873,19:17:53,70.0,58.0,62.0,59,94.72,35,ep? s2050
1788347879,19:17:59,70.0,58.0,61.0,59,94.72,33,ep? s2050
1788347884,19:18:04,68.0,59.0,59.0,59,98.14,35,ep? s2050
1788347889,19:18:09,69.0,59.0,58.0,59,98.01,29,ep? s2050
1788347894,19:18:14,63.0,58.0,59.0,60,97.03,35,ep? s2050
1788347899,19:18:19,65.0,56.0,61.0,60,95.39,29,ep? s2050
1788347904,19:18:24,63.0,56.0,61.0,60,95.53,30,ep? s2100
1788347909,19:18:29,65.0,58.0,61.0,59,95.27,29,ep? s2100
1788347914,19:18:34,63.0,56.0,63.0,59,93.80,30,ep? s2100
1788347919,19:18:39,65.0,57.0,61.0,59,95.14,30,ep? s2100
1788347924,19:18:44,66.0,55.0,59.0,59,93.78,30,ep? s2100
1788347930,19:18:50,66.0,58.0,59.0,59,96.07,28,ep? s2100
1788347935,19:18:55,65.0,62.0,61.0,59,96.21,26,ep? s2100
1788347940,19:19:00,69.0,56.0,59.0,60,95.48,32,ep? s2100
1788347945,19:19:05,70.0,56.0,58.0,60,95.97,26,ep? s2100
1788347950,19:19:10,74.0,56.0,61.0,59,94.71,33,ep? s2100
1788347955,19:19:15,68.0,56.0,61.0,59,94.63,34,ep? s2150
1788347960,19:19:20,69.0,58.0,58.0,59,97.62,29,ep? s2150
1788347965,19:19:25,68.0,59.0,61.0,59,97.47,34,ep? s2150
1788347970,19:19:30,69.0,58.0,61.0,60,97.61,29,ep? s2150
1788347975,19:19:35,80.0,56.0,62.0,60,95.16,30,ep? s2150
1788347980,19:19:40,63.0,55.0,61.0,59,95.24,29,ep? s2150
1788347985,19:19:45,65.0,55.0,61.0,59,95.46,29,ep? s2150
1788347990,19:19:50,65.0,59.0,61.0,59,95.32,30,ep? s2150
1788347995,19:19:55,65.0,55.0,59.0,59,95.37,30,ep? s2150
1788348001,19:20:01,65.0,56.0,65.0,59,94.44,30,ep? s2150
1788348006,19:20:06,65.0,56.0,61.0,59,95.33,30,ep? s2150
1788348011,19:20:11,65.0,56.0,61.0,59,95.24,30,ep? s2200
1788348016,19:20:16,65.0,56.0,59.0,59,94.93,30,ep? s2200
1788348021,19:20:21,65.0,59.0,61.0,59,93.68,30,ep? s2200
1788348026,19:20:26,65.0,55.0,59.0,59,95.65,30,ep? s2200
1788348031,19:20:31,66.0,59.0,59.0,59,95.32,31,ep? s2200
1788348036,19:20:36,65.0,58.0,61.0,60,95.50,28,ep? s2200
1788348041,19:20:41,65.0,56.0,59.0,59,93.97,29,ep? s2200
1788348046,19:20:46,66.0,55.0,61.0,60,95.30,24,ep? s2200
1788348051,19:20:51,67.0,59.0,62.0,60,94.96,24,ep? s2200
1788348056,19:20:56,66.0,58.0,66.0,59,95.47,24,ep? s2200
1788348061,19:21:01,66.0,59.0,61.0,60,94.67,25,ep? s2250
1788348066,19:21:06,69.0,59.0,61.0,59,94.73,34,ep? s2250
1788348071,19:21:11,68.0,60.0,61.0,59,94.94,35,ep? s2250
1788348076,19:21:16,69.0,58.0,61.0,59,94.25,32,ep? s2250
1788348081,19:21:21,68.0,63.0,61.0,59,98.00,35,ep? s2250
1788348086,19:21:26,65.0,59.0,61.0,60,97.36,29,ep? s2250
1788348091,19:21:31,65.0,58.0,59.0,60,97.97,30,ep? s2250
1788348097,19:21:37,66.0,58.0,61.0,59,94.01,29,ep? s2250
1788348102,19:21:42,66.0,59.0,62.0,59,95.75,30,ep? s2250
1788348107,19:21:47,65.0,58.0,59.0,59,95.92,30,ep? s2250
1788348112,19:21:52,66.0,58.0,61.0,59,95.55,29,ep? s2300
1788348117,19:21:57,66.0,58.0,58.0,59,94.29,30,ep? s2300
1788348122,19:22:02,66.0,58.0,61.0,59,95.75,31,ep? s2300
1788348127,19:22:07,66.0,59.0,58.0,59,95.92,30,ep? s2300
1788348132,19:22:12,67.0,60.0,58.0,59,95.72,30,ep? s2300
1788348137,19:22:17,64.0,58.0,58.0,59,94.21,30,ep? s2300
1788348142,19:22:22,62.0,58.0,58.0,59,95.38,31,ep? s2300
1788348147,19:22:27,63.0,58.0,59.0,59,94.22,22,ep? s2300
1788348152,19:22:32,65.0,56.0,57.0,60,95.26,31,ep? s2300
1788348157,19:22:37,65.0,56.0,61.0,59,95.26,30,ep? s2300
1788348162,19:22:42,62.0,56.0,61.0,59,96.81,24,ep? s2350
1788348167,19:22:47,63.0,56.0,58.0,59,96.76,25,ep? s2350
1788348172,19:22:52,68.0,56.0,58.0,61,95.28,23,ep? s2350
1788348177,19:22:57,69.0,58.0,62.0,59,94.60,24,ep? s2350
1788348182,19:23:02,67.0,60.0,62.0,59,94.74,34,ep? s2350
1788348187,19:23:07,66.0,60.0,62.0,59,89.28,31,ep4
1788348192,19:23:12,66.0,59.0,61.0,59,95.49,30,ep4
1788348198,19:23:18,65.0,57.0,61.0,59,95.51,30,ep4
1788348203,19:23:23,65.0,62.0,62.0,59,95.55,30,ep4
1788348208,19:23:28,65.0,56.0,61.0,59,95.17,30,ep4
1788348213,19:23:33,66.0,58.0,61.0,59,94.45,30,ep4
1788348218,19:23:38,65.0,60.0,61.0,59,95.30,30,ep4
1788348223,19:23:43,66.0,59.0,61.0,59,94.11,31,ep4
1788348228,19:23:48,66.0,59.0,61.0,59,95.12,29,ep4
1788348233,19:23:53,69.0,59.0,59.0,60,96.78,35,ep4
1788348239,19:23:59,66.0,58.0,59.0,60,97.77,29,ep4
1788348244,19:24:04,66.0,62.0,61.0,60,95.21,30,ep4
1788348249,19:24:09,66.0,59.0,61.0,59,89.44,27,ep4
1788348254,19:24:14,65.0,59.0,61.0,59,95.12,30,ep4
1788348259,19:24:19,65.0,65.0,61.0,59,95.03,31,ep4
1788348264,19:24:24,65.0,59.0,59.0,59,95.37,30,ep4
1788348269,19:24:29,66.0,59.0,61.0,59,94.99,30,ep4
1788348274,19:24:34,66.0,59.0,59.0,59,95.24,30,ep4
1788348279,19:24:39,65.0,59.0,59.0,59,95.31,31,ep4
1788348284,19:24:44,65.0,59.0,62.0,59,95.18,30,ep4
1788348289,19:24:49,66.0,59.0,61.0,59,94.00,29,ep4
1788348294,19:24:54,68.0,58.0,61.0,59,94.93,28,ep4
1788348299,19:24:59,66.0,59.0,62.0,59,95.35,17,ep4
1788348304,19:25:04,67.0,59.0,63.0,60,96.71,28,ep4
1788348309,19:25:09,66.0,60.0,61.0,60,94.65,25,ep4
1788348314,19:25:14,76.0,59.0,62.0,60,94.51,33,ep4
1788348319,19:25:19,69.0,58.0,67.0,59,94.75,34,ep4
1788348324,19:25:24,70.0,56.0,67.0,59,94.57,33,ep4
1788348329,19:25:29,72.0,56.0,61.0,59,94.51,34,ep4
1788348335,19:25:35,70.0,56.0,59.0,59,98.13,29,ep4
1788348340,19:25:40,70.0,55.0,61.0,60,95.43,30,ep4
1788348345,19:25:45,64.0,55.0,59.0,59,95.27,30,ep4
1788348350,19:25:50,65.0,56.0,61.0,59,95.39,30,ep4
1788348355,19:25:55,64.0,58.0,59.0,59,95.20,30,ep4
1788348360,19:26:00,65.0,58.0,57.0,59,95.17,29,ep4
1788348365,19:26:05,64.0,55.0,61.0,59,95.20,30,ep4
1788348370,19:26:10,64.0,56.0,61.0,59,95.26,30,ep4
1788348375,19:26:15,65.0,58.0,59.0,59,93.97,30,ep4
1788348380,19:26:20,65.0,58.0,61.0,59,95.75,31,ep4
1788348385,19:26:25,67.0,58.0,61.0,59,95.35,30,ep4
1788348390,19:26:30,64.0,55.0,57.0,59,95.43,31,ep4
1788348395,19:26:35,67.0,60.0,61.0,59,94.26,30,ep4
1788348400,19:26:40,68.0,59.0,61.0,59,95.17,31,ep4
1788348405,19:26:45,64.0,56.0,59.0,59,95.30,28,ep4
1788348410,19:26:50,67.0,56.0,59.0,59,97.08,25,ep4
1788348415,19:26:55,64.0,59.0,59.0,59,96.83,28,ep4
1788348420,19:27:00,67.0,57.0,61.0,60,94.50,24,ep4
1788348425,19:27:05,67.0,58.0,58.0,60,95.08,32,ep4
1788348431,19:27:11,67.0,60.0,67.0,59,95.24,25,ep4
1788348436,19:27:16,68.0,59.0,61.0,60,94.25,26,ep4
1788348441,19:27:21,69.0,59.0,61.0,59,94.73,34,ep4
1788348446,19:27:26,73.0,59.0,58.0,59,94.61,35,ep4
1788348451,19:27:31,69.0,58.0,62.0,59,94.73,34,ep4
1788348456,19:27:36,73.0,60.0,61.0,59,97.95,35,ep4
1788348461,19:27:41,69.0,62.0,62.0,60,95.20,29,ep4
1788348466,19:27:46,65.0,59.0,58.0,60,97.81,35,ep4
1788348471,19:27:51,85.0,56.0,66.0,59,93.89,29,ep4
1788348476,19:27:56,65.0,56.0,61.0,59,94.96,30,ep4
1788348481,19:28:01,65.0,58.0,59.0,59,94.87,30,ep4
1788348486,19:28:06,66.0,58.0,59.0,59,94.85,31,ep4
1788348491,19:28:11,65.0,61.0,61.0,59,93.91,30,ep4
1788348496,19:28:16,67.0,58.0,59.0,59,95.31,31,ep4
1788348501,19:28:21,65.0,58.0,61.0,59,94.11,30,ep4
1788348506,19:28:26,67.0,58.0,61.0,59,95.16,31,ep4
1788348511,19:28:31,65.0,58.0,61.0,60,94.75,30,ep4
1788348516,19:28:36,67.0,57.0,61.0,59,95.29,30,ep4
1788348521,19:28:41,66.0,58.0,61.0,59,95.20,31,ep4
1788348527,19:28:47,67.0,58.0,61.0,59,95.02,28,ep4
1788348532,19:28:52,65.0,61.0,59.0,60,94.93,31,ep4
1788348537,19:28:57,65.0,58.0,61.0,61,95.16,30,ep4
1788348542,19:29:02,67.0,57.0,67.0,59,94.86,30,ep4
1788348547,19:29:07,65.0,59.0,59.0,59,94.52,29,ep4
1788348552,19:29:12,68.0,60.0,62.0,59,94.70,29,ep4
1788348557,19:29:17,68.0,59.0,61.0,59,94.93,30,ep4
1788348562,19:29:22,65.0,60.0,61.0,59,94.67,30,ep4
1788348568,19:29:28,65.0,59.0,61.0,59,93.57,30,ep4
1788348573,19:29:33,67.0,60.0,62.0,59,94.88,30,ep4
1788348578,19:29:38,64.0,59.0,59.0,59,93.96,30,ep4
1788348583,19:29:43,65.0,58.0,59.0,59,95.17,31,ep4
1788348588,19:29:48,64.0,55.0,59.0,59,94.92,30,ep4
1788348593,19:29:53,66.0,58.0,61.0,60,94.82,31,ep4
1788348598,19:29:58,66.0,57.0,59.0,60,94.93,29,ep4
1788348603,19:30:03,67.0,60.0,62.0,59,96.56,25,ep4
1788348608,19:30:08,67.0,59.0,61.0,59,96.38,29,ep4
1788348613,19:30:13,87.0,61.0,62.0,60,94.19,24,ep4
1788348618,19:30:18,67.0,58.0,61.0,59,94.06,33,ep4
1788348623,19:30:23,73.0,59.0,61.0,59,93.50,29,ep4
1788348628,19:30:28,72.0,60.0,62.0,60,95.36,29,ep4
1788348633,19:30:33,67.0,59.0,62.0,62,94.75,29,ep4
1788348638,19:30:38,66.0,58.0,62.0,59,94.80,30,ep4
1788348643,19:30:43,66.0,56.0,61.0,59,94.82,30,ep4
1788348648,19:30:48,66.0,58.0,59.0,59,95.03,29,ep4
1788348653,19:30:53,66.0,58.0,59.0,59,94.88,30,ep4
1788348658,19:30:58,67.0,62.0,62.0,59,94.86,30,ep4
1788348663,19:31:03,66.0,58.0,61.0,59,92.07,30,ep4
1788348669,19:31:09,66.0,56.0,62.0,59,94.83,30,ep4
1788348674,19:31:14,67.0,56.0,61.0,59,95.27,30,ep4
1788348679,19:31:19,66.0,58.0,59.0,59,94.87,33,ep4
1788348684,19:31:24,63.0,55.0,59.0,59,95.37,30,ep4
1788348689,19:31:29,67.0,59.0,61.0,59,95.27,31,ep4
1788348694,19:31:34,66.0,58.0,61.0,59,95.14,30,ep4
1788348699,19:31:39,66.0,56.0,59.0,59,95.73,23,ep4
1788348704,19:31:44,70.0,56.0,58.0,59,94.99,31,ep4
1788348709,19:31:49,66.0,58.0,61.0,59,95.01,27,ep4
1788348714,19:31:54,66.0,55.0,59.0,59,96.93,25,ep4
1788348719,19:31:59,67.0,58.0,58.0,60,94.30,24,ep4
1788348724,19:32:04,69.0,56.0,59.0,60,96.81,25,ep4
1788348729,19:32:09,69.0,56.0,61.0,59,94.13,34,ep4
1788348734,19:32:14,65.0,58.0,57.0,59,94.25,34,ep4
1788348739,19:32:19,69.0,58.0,58.0,59,94.37,33,ep4
1788348744,19:32:24,69.0,55.0,57.0,59,94.83,32,ep4
1788348749,19:32:29,68.0,56.0,58.0,60,97.93,29,ep4
1788348754,19:32:34,66.0,56.0,57.0,59,94.94,29,ep4
1788348760,19:32:40,64.0,55.0,61.0,59,94.72,30,ep4
1788348765,19:32:45,66.0,58.0,63.0,59,94.90,30,ep4
1788348770,19:32:50,66.0,59.0,62.0,59,94.73,30,ep4
1788348775,19:32:55,66.0,58.0,59.0,59,95.16,30,ep4
1788348780,19:33:00,67.0,59.0,65.0,59,95.40,30,ep4
1788348785,19:33:05,67.0,59.0,61.0,59,95.19,30,ep4
1788348790,19:33:10,66.0,56.0,61.0,59,94.89,30,ep4
1788348795,19:33:15,68.0,60.0,62.0,59,95.21,30,ep4
1788348800,19:33:20,66.0,55.0,63.0,59,95.11,30,ep4
1788348805,19:33:25,66.0,56.0,58.0,59,95.19,31,ep4
1788348810,19:33:30,68.0,59.0,62.0,59,94.75,28,ep4
1788348815,19:33:35,66.0,62.0,59.0,60,93.55,30,ep4
1788348820,19:33:40,66.0,59.0,63.0,60,95.43,28,ep4
1788348825,19:33:45,68.0,61.0,62.0,59,97.15,25,ep4
1788348830,19:33:50,67.0,61.0,62.0,59,96.42,29,ep4
1788348835,19:33:55,66.0,59.0,59.0,59,97.26,25,ep4
1788348841,19:34:01,66.0,58.0,61.0,59,95.25,30,ep4
1788348846,19:34:06,66.0,59.0,59.0,59,95.39,30,ep4
1788348851,19:34:11,66.0,59.0,62.0,59,95.12,30,ep4
1788348856,19:34:16,66.0,59.0,59.0,59,95.25,30,ep4
1788348861,19:34:21,77.0,58.0,67.0,59,95.69,30,ep4
1788348866,19:34:26,66.0,60.0,63.0,59,95.37,30,ep4
1788348871,19:34:31,67.0,65.0,67.0,59,95.05,30,ep4
1788348876,19:34:36,68.0,60.0,63.0,60,95.23,30,ep4
1788348881,19:34:41,80.0,60.0,66.0,59,95.10,30,ep4
1788348886,19:34:46,66.0,56.0,61.0,59,95.19,30,ep4
1788348892,19:34:52,71.0,71.0,61.0,59,95.35,30,ep4
1788348897,19:34:57,66.0,58.0,62.0,60,95.09,28,ep4
1788348902,19:35:02,68.0,59.0,63.0,59,96.48,25,ep4
1788348907,19:35:07,66.0,59.0,61.0,59,96.51,28,ep4
1788348912,19:35:12,64.0,61.0,62.0,60,93.72,25,ep4
1788348917,19:35:17,65.0,56.0,62.0,60,95.58,33,ep4
1788348922,19:35:22,70.0,59.0,61.0,59,94.06,35,ep4
1788348927,19:35:27,71.0,58.0,61.0,59,94.88,29,ep4
1788348932,19:35:32,75.0,58.0,75.0,59,94.87,33,ep4
1788348937,19:35:37,68.0,58.0,62.0,59,94.84,33,ep4
1788348942,19:35:42,77.0,58.0,62.0,59,94.67,29,ep4
1788348947,19:35:47,68.0,56.0,59.0,60,97.70,35,ep4
1788348952,19:35:52,80.0,60.0,63.0,60,97.73,29,ep4
1788348957,19:35:57,67.0,57.0,61.0,59,95.31,30,ep4
1788348962,19:36:02,70.0,59.0,67.0,59,94.92,29,ep4
1788348967,19:36:07,69.0,69.0,61.0,59,94.60,30,ep4
1788348972,19:36:12,75.0,58.0,67.0,59,94.81,30,ep4
1788348977,19:36:17,66.0,58.0,59.0,59,95.00,30,ep4
1788348982,19:36:22,70.0,61.0,58.0,59,94.93,30,ep4
1788348987,19:36:27,64.0,59.0,59.0,59,95.00,30,ep4
1788348992,19:36:32,63.0,56.0,62.0,59,95.26,30,ep4
1788348998,19:36:38,64.0,58.0,61.0,59,95.35,30,ep4
1788349003,19:36:43,72.0,60.0,62.0,59,95.21,30,ep4
1788349008,19:36:48,64.0,59.0,59.0,60,95.14,30,ep4
1788349013,19:36:53,77.0,77.0,61.0,59,95.40,28,ep4
1788349018,19:36:58,64.0,59.0,61.0,59,96.85,24,ep4
1788349023,19:37:03,81.0,60.0,67.0,59,97.32,28,ep4
1788349028,19:37:08,66.0,59.0,61.0,60,96.75,25,ep4
1788349033,19:37:13,81.0,58.0,67.0,59,94.47,33,ep4
1788349038,19:37:18,75.0,58.0,61.0,59,94.55,34,ep4
1788349043,19:37:23,71.0,56.0,62.0,59,94.32,33,ep4
1788349048,19:37:28,73.0,59.0,61.0,59,93.62,34,ep4
1788349053,19:37:33,70.0,56.0,61.0,59,96.36,29,ep4
1788349058,19:37:38,73.0,59.0,61.0,59,96.45,34,ep4
1788349063,19:37:43,72.0,60.0,66.0,60,95.11,29,ep4
1788349068,19:37:48,64.0,58.0,59.0,60,95.02,29,ep4
1788349073,19:37:53,72.0,58.0,61.0,59,95.14,30,ep4
1788349078,19:37:58,67.0,58.0,61.0,59,95.09,30,ep4
1788349083,19:38:03,73.0,58.0,69.0,59,95.09,30,ep4
1788349089,19:38:09,65.0,58.0,65.0,59,95.29,30,ep4
1788349094,19:38:14,78.0,65.0,59.0,59,95.12,31,ep4
1788349099,19:38:19,65.0,56.0,59.0,59,95.27,30,ep4
1788349104,19:38:24,78.0,62.0,67.0,60,94.90,30,ep4
1788349109,19:38:29,67.0,58.0,67.0,59,94.97,32,ep4
1788349114,19:38:34,72.0,59.0,66.0,59,95.07,28,ep4
1788349119,19:38:39,65.0,58.0,58.0,59,94.83,30,ep4
1788349124,19:38:44,82.0,60.0,82.0,59,93.63,29,ep4
1788349129,19:38:49,66.0,58.0,66.0,59,94.90,25,ep4
1788349134,19:38:54,82.0,61.0,82.0,59,96.73,25,ep4
1788349139,19:38:59,67.0,62.0,58.0,60,95.94,27,ep4
1788349145,19:39:05,83.0,83.0,78.0,59,93.86,30,ep4
1788349150,19:39:10,65.0,59.0,58.0,59,94.90,30,ep4
1788349155,19:39:15,81.0,60.0,58.0,59,93.50,30,ep4
1788349160,19:39:20,67.0,60.0,62.0,59,94.68,31,ep4
1788349165,19:39:25,79.0,79.0,67.0,59,94.98,30,ep4
1788349170,19:39:30,65.0,59.0,61.0,59,94.87,31,ep4
1788349175,19:39:35,76.0,61.0,62.0,59,94.83,30,ep4
1788349180,19:39:40,65.0,59.0,62.0,59,94.79,31,ep4
1788349185,19:39:45,79.0,79.0,61.0,59,95.22,29,ep4
1788349190,19:39:50,67.0,60.0,63.0,59,95.72,25,ep4
1788349195,19:39:55,82.0,60.0,82.0,59,95.26,28,ep4
1788349200,19:40:00,65.0,57.0,61.0,60,94.38,24,ep4
1788349205,19:40:05,69.0,69.0,61.0,60,94.96,32,ep4
1788349210,19:40:10,71.0,56.0,61.0,59,94.32,34,ep4
1788349215,19:40:15,76.0,57.0,59.0,59,94.09,31,ep4
1788349220,19:40:20,70.0,56.0,59.0,59,93.35,34,ep4
1788349225,19:40:25,74.0,62.0,59.0,59,94.54,31,ep4
1788349231,19:40:31,72.0,58.0,58.0,59,93.22,27,ep4
1788349236,19:40:36,77.0,60.0,62.0,60,94.60,30,ep4
1788349241,19:40:41,67.0,61.0,66.0,61,93.44,30,ep4
1788349246,19:40:46,79.0,56.0,62.0,59,94.52,30,ep4
1788349251,19:40:51,65.0,58.0,58.0,59,93.49,29,ep4
1788349256,19:40:56,73.0,56.0,59.0,59,94.35,30,ep4
1788349261,19:41:01,67.0,60.0,62.0,59,94.63,30,ep4
1788349266,19:41:06,80.0,61.0,59.0,59,95.05,30,ep4
1788349271,19:41:11,67.0,60.0,62.0,59,94.74,30,ep4
1788349276,19:41:16,73.0,61.0,61.0,59,94.49,30,ep4
1788349281,19:41:21,65.0,59.0,62.0,59,94.32,30,ep4
1788349286,19:41:26,78.0,58.0,78.0,59,94.77,31,ep4
1788349291,19:41:31,65.0,59.0,58.0,59,94.58,30,ep4
1788349296,19:41:36,71.0,62.0,61.0,59,94.42,31,ep4
1788349301,19:41:41,65.0,56.0,62.0,59,94.89,29,ep4
1788349306,19:41:46,76.0,58.0,67.0,59,94.92,31,ep4
1788349311,19:41:51,65.0,60.0,62.0,60,94.84,30,ep4
1788349316,19:41:56,70.0,59.0,59.0,59,95.78,25,ep4
1788349321,19:42:01,71.0,59.0,71.0,59,94.61,30,ep4
1788349327,19:42:07,76.0,59.0,59.0,60,94.04,17,ep4
1788349332,19:42:12,64.0,58.0,61.0,60,96.15,25,ep4
1788349337,19:42:17,79.0,61.0,62.0,59,93.58,31,ep4
1788349342,19:42:22,68.0,56.0,59.0,59,94.29,25,ep4
1788349347,19:42:27,81.0,58.0,66.0,59,94.54,33,ep4
1788349352,19:42:32,72.0,55.0,58.0,59,94.03,35,ep4
1788349357,19:42:37,74.0,60.0,58.0,59,96.96,29,ep4
1788349362,19:42:42,65.0,60.0,62.0,60,97.03,35,ep4
1788349367,19:42:47,78.0,60.0,70.0,61,95.06,29,ep4
1788349372,19:42:52,65.0,58.0,62.0,59,95.05,30,ep4
1788349377,19:42:57,76.0,72.0,66.0,59,95.08,30,ep4
1788349382,19:43:02,65.0,58.0,61.0,59,95.09,30,ep4
1788349387,19:43:07,72.0,62.0,59.0,59,95.04,30,ep4
1788349392,19:43:12,65.0,54.0,61.0,59,94.90,30,ep4
1788349397,19:43:17,75.0,56.0,75.0,59,92.06,30,ep4
1788349402,19:43:22,65.0,60.0,63.0,59,95.06,30,ep4
1788349407,19:43:27,82.0,59.0,67.0,59,95.26,30,ep4
1788349412,19:43:32,65.0,58.0,62.0,59,93.90,31,ep4
1788349417,19:43:37,77.0,58.0,61.0,59,94.79,30,ep4
1788349423,19:43:43,65.0,58.0,62.0,59,95.25,30,ep4
1788349428,19:43:48,72.0,72.0,65.0,59,96.36,29,ep4
1788349433,19:43:53,65.0,55.0,59.0,59,93.79,17,ep4
1788349438,19:43:58,73.0,73.0,61.0,59,94.89,32,ep4
1788349443,19:44:03,66.0,59.0,61.0,60,93.77,18,ep4
1788349448,19:44:08,66.0,59.0,61.0,59,95.19,30,ep4
1788349453,19:44:13,65.0,60.0,61.0,59,95.27,30,ep4
1788349458,19:44:18,67.0,61.0,62.0,59,95.22,30,ep4
1788349463,19:44:23,65.0,60.0,61.0,59,95.57,30,ep4
1788349469,19:44:29,66.0,60.0,65.0,59,95.08,30,ep4
1788349474,19:44:34,66.0,60.0,61.0,59,95.13,34,ep4
1788349479,19:44:39,65.0,59.0,61.0,59,95.05,30,ep4
1788349484,19:44:44,65.0,60.0,61.0,59,95.21,32,ep4
1788349489,19:44:49,65.0,59.0,59.0,60,95.12,28,ep4
1788349494,19:44:54,65.0,60.0,62.0,59,95.04,27,ep4
1788349499,19:44:59,65.0,60.0,61.0,59,95.33,29,ep4
1788349504,19:45:04,65.0,59.0,63.0,60,96.73,27,ep4
1788349509,19:45:09,67.0,59.0,62.0,59,94.67,33,ep4
1788349514,19:45:14,68.0,59.0,62.0,59,94.31,34,ep4
1788349519,19:45:19,71.0,60.0,58.0,59,94.15,29,ep4
1788349524,19:45:24,69.0,59.0,59.0,59,94.41,35,ep4
1788349529,19:45:29,70.0,59.0,59.0,59,94.14,34,ep4
1788349534,19:45:34,68.0,63.0,61.0,60,97.25,34,ep4
1788349539,19:45:39,68.0,59.0,63.0,60,96.70,34,ep4
1788349544,19:45:44,66.0,60.0,62.0,59,94.72,30,ep4
1788349549,19:45:49,65.0,59.0,65.0,59,94.73,30,ep4
1788349554,19:45:54,65.0,59.0,58.0,59,94.96,30,ep4
1788349559,19:45:59,67.0,60.0,62.0,59,94.79,30,ep4
1788349565,19:46:05,65.0,65.0,61.0,59,94.96,30,ep4
1788349570,19:46:10,66.0,62.0,61.0,59,95.03,30,ep4
1788349575,19:46:15,65.0,56.0,61.0,59,95.20,30,ep4
1788349580,19:46:20,67.0,60.0,61.0,59,95.19,30,ep4
1788349585,19:46:25,65.0,59.0,61.0,59,95.00,30,ep4
1788349590,19:46:30,66.0,60.0,61.0,59,90.88,27,ep4
1788349595,19:46:35,66.0,60.0,62.0,59,95.27,30,ep4
1788349600,19:46:40,66.0,60.0,61.0,59,95.04,32,ep4
1788349605,19:46:45,66.0,60.0,61.0,59,94.90,28,ep4
1788349610,19:46:50,65.0,60.0,62.0,59,94.98,34,ep4
1788349615,19:46:55,65.0,59.0,61.0,59,93.81,22,ep4
1788349620,19:47:00,65.0,59.0,59.0,59,95.26,26,ep4
1788349625,19:47:05,63.0,58.0,61.0,60,94.53,18,ep4
1788349630,19:47:10,67.0,56.0,61.0,60,96.46,27,ep4
1788349635,19:47:15,67.0,56.0,63.0,60,96.82,25,ep4
1788349640,19:47:20,66.0,66.0,59.0,60,94.51,34,ep4
1788349645,19:47:25,69.0,58.0,59.0,60,94.48,25,ep4
1788349650,19:47:30,71.0,58.0,61.0,59,94.49,33,ep4
1788349655,19:47:35,72.0,59.0,63.0,59,94.56,35,ep4
1788349661,19:47:41,70.0,60.0,62.0,59,97.58,29,ep4
1788349666,19:47:46,70.0,58.0,59.0,60,97.74,35,ep4
1788349671,19:47:51,65.0,56.0,61.0,60,95.29,30,ep4
1788349676,19:47:56,65.0,58.0,59.0,60,94.90,29,ep4
1788349681,19:48:01,67.0,58.0,61.0,59,95.44,29,ep4
1788349686,19:48:06,65.0,60.0,61.0,59,95.18,30,ep4
1788349691,19:48:11,65.0,61.0,61.0,59,95.60,30,ep4
1788349696,19:48:16,65.0,56.0,62.0,59,95.49,30,ep4
1788349701,19:48:21,65.0,56.0,57.0,59,93.97,30,ep4
1788349706,19:48:26,64.0,56.0,61.0,59,95.47,30,ep4
1788349711,19:48:31,65.0,56.0,61.0,59,95.60,30,ep4
1788349716,19:48:36,67.0,58.0,61.0,59,95.51,30,ep4
1788349721,19:48:41,68.0,58.0,62.0,59,94.21,30,ep4
1788349726,19:48:46,65.0,58.0,61.0,60,95.05,30,ep4
1788349731,19:48:51,65.0,59.0,61.0,59,93.97,30,ep4
1788349736,19:48:56,64.0,56.0,61.0,59,95.26,30,ep4
1788349741,19:49:01,66.0,58.0,61.0,59,95.20,31,ep4
1788349747,19:49:07,65.0,56.0,59.0,60,95.10,27,ep4
1788349752,19:49:12,65.0,58.0,61.0,60,97.90,35,ep4
1788349757,19:49:17,65.0,62.0,61.0,59,95.26,30,ep4
1788349762,19:49:22,65.0,56.0,59.0,59,94.94,30,ep4
1788349767,19:49:27,64.0,56.0,59.0,59,94.84,30,ep4
1788349772,19:49:32,65.0,59.0,61.0,59,94.86,30,ep4
1788349777,19:49:37,65.0,56.0,61.0,59,94.72,30,ep4
1788349783,19:49:43,65.0,58.0,65.0,59,94.72,30,ep4
1788349788,19:49:48,63.0,57.0,59.0,59,95.23,30,ep4
1788349793,19:49:53,65.0,56.0,59.0,59,95.22,30,ep4
1788349798,19:49:58,64.0,56.0,61.0,60,94.93,31,ep4
1788349803,19:50:03,65.0,56.0,61.0,59,95.07,30,ep4
1788349808,19:50:08,65.0,58.0,59.0,59,94.13,31,ep4
1788349813,19:50:13,65.0,56.0,59.0,59,95.14,31,ep4
1788349818,19:50:18,67.0,59.0,61.0,59,93.58,19,ep4
1788349823,19:50:23,65.0,58.0,59.0,59,95.03,31,ep4
1788349828,19:50:28,67.0,59.0,61.0,59,96.47,28,ep4
1788349833,19:50:33,68.0,58.0,61.0,60,95.50,28,ep4
1788349838,19:50:38,69.0,58.0,61.0,60,96.72,33,ep4
1788349843,19:50:43,67.0,59.0,57.0,59,93.39,25,ep4
1788349848,19:50:48,71.0,59.0,58.0,59,94.28,33,ep4
1788349853,19:50:53,70.0,59.0,58.0,59,94.39,33,ep4
1788349858,19:50:58,72.0,60.0,57.0,59,94.62,33,ep4
1788349863,19:51:03,67.0,58.0,61.0,60,97.22,34,ep4
1788349868,19:51:08,67.0,59.0,66.0,60,97.78,29,ep4
1788349873,19:51:13,67.0,60.0,61.0,62,94.82,30,ep4
1788349879,19:51:19,65.0,58.0,61.0,60,94.97,30,ep4
1788349884,19:51:24,65.0,59.0,61.0,59,95.35,30,ep4
1788349889,19:51:29,78.0,58.0,63.0,59,95.14,30,ep4
1788349894,19:51:34,65.0,56.0,59.0,59,94.22,30,ep4
1788349899,19:51:39,65.0,55.0,58.0,59,95.00,30,ep4
1788349904,19:51:44,67.0,59.0,62.0,59,95.42,30,ep4
1788349909,19:51:49,65.0,55.0,59.0,59,95.36,30,ep4
1788349914,19:51:54,65.0,60.0,62.0,59,94.13,31,ep4
1788349919,19:51:59,65.0,58.0,58.0,59,95.15,30,ep4
1788349924,19:52:04,67.0,55.0,59.0,59,91.32,30,ep? s50
1788349929,19:52:09,64.0,56.0,59.0,59,95.17,30,ep? s50
1788349934,19:52:14,68.0,60.0,61.0,59,94.99,27,ep? s50
1788349939,19:52:19,65.0,60.0,59.0,59,95.42,29,ep? s50
1788349944,19:52:24,65.0,58.0,58.0,59,95.33,28,ep? s50
1788349949,19:52:29,64.0,60.0,62.0,59,96.29,25,ep? s50
1788349954,19:52:34,65.0,59.0,58.0,59,96.99,28,ep? s50
1788349959,19:52:39,67.0,60.0,58.0,60,94.06,25,ep? s50
1788349964,19:52:44,68.0,58.0,58.0,60,94.38,33,ep? s50
1788349969,19:52:49,68.0,60.0,61.0,59,94.45,25,ep? s50
1788349975,19:52:55,73.0,59.0,61.0,59,94.61,33,ep? s50
1788349980,19:53:00,70.0,62.0,61.0,59,94.62,35,ep? s50
1788349985,19:53:05,70.0,58.0,58.0,59,97.97,30,ep? s50
1788349990,19:53:10,65.0,56.0,61.0,59,93.72,30,ep? s50
1788349995,19:53:15,63.0,55.0,61.0,59,95.30,30,ep? s50
1788350000,19:53:20,65.0,58.0,59.0,59,95.32,30,ep? s50
1788350005,19:53:25,64.0,58.0,59.0,59,94.95,30,ep? s50
1788350010,19:53:30,65.0,59.0,61.0,59,93.97,30,ep? s50
1788350015,19:53:35,65.0,56.0,61.0,59,95.17,30,ep? s50
1788350020,19:53:40,64.0,56.0,59.0,59,94.31,30,ep? s50
1788350025,19:53:45,64.0,58.0,57.0,59,95.08,30,ep? s150
1788350030,19:53:50,64.0,56.0,57.0,59,91.18,27,ep? s150
1788350035,19:53:55,64.0,57.0,58.0,59,95.11,30,ep? s150
1788350040,19:54:00,64.0,61.0,59.0,59,94.87,33,ep? s150
1788350045,19:54:05,77.0,62.0,58.0,59,94.94,28,ep? s150
1788350050,19:54:10,64.0,58.0,59.0,60,95.18,24,ep? s150
1788350056,19:54:16,64.0,55.0,63.0,59,95.17,30,ep? s150
1788350061,19:54:21,65.0,65.0,58.0,59,95.03,30,ep? s150
1788350066,19:54:26,63.0,56.0,59.0,59,94.66,30,ep? s150
1788350071,19:54:31,63.0,59.0,59.0,59,92.22,30,ep? s150
1788350076,19:54:36,64.0,63.0,59.0,59,95.35,30,ep? s200
1788350081,19:54:41,64.0,56.0,58.0,59,94.79,31,ep? s200
1788350086,19:54:46,64.0,55.0,59.0,59,94.91,30,ep? s200
1788350091,19:54:51,64.0,59.0,59.0,59,95.07,30,ep? s200
1788350096,19:54:56,64.0,60.0,61.0,59,93.83,30,ep? s200
1788350101,19:55:01,81.0,54.0,59.0,59,95.17,31,ep? s200
1788350106,19:55:06,64.0,58.0,62.0,59,93.93,28,ep? s200
1788350111,19:55:11,65.0,56.0,59.0,59,94.90,30,ep? s200
1788350117,19:55:17,64.0,56.0,59.0,59,94.88,30,ep? s200
1788350122,19:55:22,65.0,56.0,58.0,59,96.56,25,ep? s200
1788350127,19:55:27,64.0,56.0,59.0,59,94.91,33,ep? s250
1788350132,19:55:32,67.0,58.0,59.0,60,94.15,25,ep? s250
1788350137,19:55:37,68.0,60.0,58.0,59,94.16,33,ep? s250
1788350142,19:55:42,73.0,58.0,61.0,59,94.21,35,ep? s250
1788350147,19:55:47,68.0,58.0,59.0,59,96.14,29,ep? s250
1788350152,19:55:52,70.0,60.0,61.0,59,97.57,35,ep? s250
1788350157,19:55:57,67.0,55.0,59.0,60,94.86,29,ep? s250
1788350162,19:56:02,64.0,56.0,59.0,60,94.88,30,ep? s250
1788350167,19:56:07,64.0,59.0,61.0,59,95.08,30,ep? s250
1788350172,19:56:12,65.0,59.0,61.0,59,95.32,30,ep? s250
1788350177,19:56:17,65.0,60.0,62.0,59,95.11,30,ep? s300
1788350182,19:56:22,67.0,59.0,61.0,59,94.12,30,ep? s300
1788350187,19:56:27,64.0,59.0,61.0,59,94.96,30,ep? s300
1788350192,19:56:32,78.0,62.0,61.0,59,94.56,30,ep? s300
1788350197,19:56:37,64.0,58.0,61.0,59,94.58,30,ep? s300
1788350202,19:56:42,64.0,58.0,58.0,59,93.38,34,ep? s300
1788350207,19:56:47,64.0,55.0,59.0,59,94.91,31,ep? s300
1788350212,19:56:52,65.0,58.0,65.0,59,93.77,34,ep? s300
1788350218,19:56:58,64.0,55.0,58.0,59,94.91,30,ep? s300
1788350223,19:57:03,63.0,55.0,59.0,59,94.73,27,ep? s300
1788350228,19:57:08,65.0,59.0,58.0,59,90.00,29,ep? s350
1788350233,19:57:13,65.0,58.0,58.0,59,96.22,27,ep? s350
1788350238,19:57:18,72.0,58.0,59.0,60,94.59,30,ep? s350
1788350243,19:57:23,69.0,56.0,62.0,60,96.33,34,ep? s350
1788350248,19:57:28,73.0,59.0,59.0,60,93.97,29,ep? s350
1788350253,19:57:33,67.0,65.0,58.0,60,93.90,33,ep? s350
1788350258,19:57:38,70.0,56.0,58.0,59,94.50,32,ep? s350
1788350263,19:57:43,68.0,56.0,58.0,59,94.25,34,ep? s350
1788350268,19:57:48,70.0,56.0,57.0,59,95.55,31,ep? s350
1788350273,19:57:53,67.0,56.0,57.0,59,97.60,30,ep? s350
1788350278,19:57:58,64.0,59.0,61.0,61,95.96,32,ep? s400
1788350283,19:58:03,65.0,55.0,59.0,59,94.35,29,ep? s400
1788350288,19:58:08,63.0,58.0,57.0,61,94.71,30,ep? s400
1788350293,19:58:13,64.0,59.0,61.0,59,94.81,30,ep? s400
1788350298,19:58:18,64.0,58.0,61.0,59,94.66,30,ep? s400
1788350303,19:58:23,64.0,56.0,57.0,59,94.64,30,ep? s400
1788350309,19:58:29,64.0,57.0,59.0,59,94.75,30,ep? s400
1788350314,19:58:34,63.0,56.0,57.0,59,95.16,30,ep? s400
1788350319,19:58:39,64.0,56.0,59.0,59,94.97,30,ep? s400
1788350324,19:58:44,65.0,59.0,61.0,60,94.86,30,ep? s400
1788350329,19:58:49,64.0,59.0,59.0,59,94.96,31,ep? s450
1788350334,19:58:54,64.0,56.0,61.0,59,95.25,30,ep? s450
1788350339,19:58:59,65.0,58.0,61.0,59,95.59,33,ep? s450
1788350344,19:59:04,65.0,56.0,59.0,59,95.09,28,ep? s450
1788350349,19:59:09,64.0,56.0,61.0,59,96.60,25,ep? s450
1788350354,19:59:14,67.0,60.0,61.0,59,96.61,28,ep? s450
1788350360,19:59:20,65.0,58.0,61.0,59,94.98,30,ep? s450
1788350365,19:59:25,65.0,61.0,59.0,59,94.90,30,ep? s450
1788350370,19:59:30,64.0,58.0,61.0,59,91.98,30,ep? s450
1788350375,19:59:35,64.0,56.0,59.0,59,94.73,30,ep? s450
1788350380,19:59:40,68.0,56.0,61.0,59,94.98,30,ep? s500
1788350385,19:59:45,65.0,56.0,61.0,59,94.69,30,ep? s500
1788350390,19:59:50,65.0,55.0,61.0,59,94.88,30,ep? s500
1788350395,19:59:55,65.0,58.0,61.0,59,94.88,30,ep? s500
1788350400,20:00:00,65.0,55.0,61.0,59,94.90,30,ep? s500
1788350405,20:00:05,71.0,59.0,61.0,59,94.56,30,ep? s500
1788350410,20:00:10,65.0,55.0,59.0,59,94.91,30,ep? s500
1788350415,20:00:15,67.0,57.0,61.0,59,95.18,30,ep? s500
1788350420,20:00:20,65.0,57.0,61.0,59,95.15,30,ep? s500
1788350425,20:00:25,65.0,58.0,61.0,59,95.08,28,ep? s500
1788350430,20:00:30,65.0,60.0,61.0,59,94.98,31,ep? s550
1788350435,20:00:35,66.0,59.0,59.0,59,95.93,28,ep? s550
1788350440,20:00:40,63.0,60.0,61.0,59,96.71,25,ep? s550
1788350445,20:00:45,67.0,59.0,61.0,59,94.54,33,ep? s550
1788350451,20:00:51,64.0,59.0,61.0,60,93.60,17,ep? s550
1788350456,20:00:56,65.0,58.0,61.0,60,94.17,33,ep? s550
1788350461,20:01:01,67.0,57.0,61.0,59,93.97,33,ep? s550
1788350466,20:01:06,69.0,59.0,63.0,59,93.96,27,ep? s550
1788350471,20:01:11,71.0,60.0,57.0,59,94.30,32,ep? s550
1788350476,20:01:16,70.0,56.0,61.0,59,94.27,35,ep? s550
1788350481,20:01:21,71.0,59.0,61.0,59,97.52,29,ep? s600
1788350486,20:01:26,66.0,60.0,58.0,59,90.31,30,ep? s600
1788350491,20:01:31,66.0,60.0,61.0,60,94.80,29,ep? s600
1788350496,20:01:36,66.0,58.0,61.0,59,95.15,30,ep? s600
1788350501,20:01:41,66.0,59.0,59.0,59,94.90,29,ep? s600
1788350506,20:01:46,66.0,59.0,59.0,59,94.87,29,ep? s600
1788350511,20:01:51,65.0,59.0,59.0,59,94.79,30,ep? s600
1788350516,20:01:56,66.0,66.0,61.0,59,95.02,30,ep? s600
1788350521,20:02:01,66.0,60.0,66.0,59,94.85,30,ep? s600
1788350526,20:02:06,66.0,60.0,61.0,59,94.10,30,ep? s600
1788350531,20:02:11,65.0,55.0,59.0,59,94.96,30,ep? s650
1788350536,20:02:16,66.0,58.0,61.0,59,94.71,30,ep? s650
1788350542,20:02:22,65.0,63.0,61.0,59,95.04,31,ep? s650
1788350547,20:02:27,66.0,65.0,61.0,59,95.02,30,ep? s650
1788350552,20:02:32,65.0,58.0,59.0,59,94.53,32,ep? s650
1788350557,20:02:37,65.0,58.0,59.0,59,94.83,30,ep? s650
1788350562,20:02:42,66.0,59.0,59.0,59,94.65,34,ep? s650
1788350567,20:02:47,63.0,56.0,58.0,59,95.02,31,ep? s650
1788350572,20:02:52,65.0,59.0,59.0,59,94.60,25,ep? s650
1788350577,20:02:57,65.0,59.0,61.0,59,94.83,31,ep? s650
1788350582,20:03:02,65.0,57.0,61.0,59,96.68,27,ep? s700
1788350587,20:03:07,66.0,60.0,61.0,59,96.60,25,ep? s700
1788350592,20:03:12,65.0,55.0,59.0,60,96.47,27,ep? s700
1788350597,20:03:17,67.0,56.0,57.0,60,94.33,25,ep? s700
1788350602,20:03:22,68.0,56.0,59.0,59,94.22,34,ep? s700
1788350607,20:03:27,74.0,59.0,61.0,59,94.13,35,ep? s700
1788350612,20:03:32,69.0,63.0,59.0,59,94.51,33,ep? s700
1788350617,20:03:37,69.0,56.0,61.0,59,94.22,34,ep? s700
1788350622,20:03:42,68.0,55.0,61.0,59,93.48,29,ep? s700
1788350627,20:03:47,70.0,56.0,61.0,59,94.75,34,ep? s700
1788350633,20:03:53,68.0,59.0,61.0,60,93.38,29,ep? s750
1788350638,20:03:58,81.0,60.0,61.0,60,97.27,29,ep? s750
1788350643,20:04:03,63.0,58.0,59.0,60,97.33,35,ep? s750
1788350648,20:04:08,63.0,59.0,59.0,59,94.46,30,ep? s750
1788350653,20:04:13,63.0,58.0,57.0,59,95.08,30,ep? s750
1788350658,20:04:18,65.0,59.0,58.0,59,94.81,30,ep? s750
1788350664,20:04:24,65.0,59.0,57.0,59,93.99,30,ep? s750
1788350669,20:04:29,63.0,58.0,58.0,59,94.65,30,ep? s750
1788350674,20:04:34,66.0,57.0,61.0,59,93.64,30,ep? s750
1788350679,20:04:39,65.0,56.0,59.0,59,94.76,30,ep? s750
1788350684,20:04:44,65.0,55.0,59.0,59,94.44,31,ep? s800
1788350689,20:04:49,65.0,57.0,59.0,59,94.75,29,ep? s800
1788350694,20:04:54,63.0,57.0,61.0,59,95.12,30,ep? s800
1788350699,20:04:59,65.0,56.0,59.0,60,94.66,30,ep? s800
1788350704,20:05:04,65.0,58.0,61.0,59,94.60,28,ep? s800
1788350709,20:05:09,65.0,58.0,62.0,59,94.83,31,ep? s800
1788350714,20:05:14,65.0,60.0,61.0,59,95.65,28,ep? s800
1788350719,20:05:19,63.0,59.0,61.0,59,96.65,25,ep? s800
1788350724,20:05:24,69.0,57.0,61.0,59,95.17,33,ep? s800
1788350729,20:05:29,64.0,59.0,61.0,59,96.70,27,ep? s800
1788350735,20:05:35,65.0,55.0,59.0,59,95.07,30,ep? s850
1788350740,20:05:40,67.0,60.0,59.0,59,93.67,34,ep? s850
1788350745,20:05:45,71.0,56.0,59.0,59,94.39,26,ep? s850
1788350750,20:05:50,70.0,56.0,59.0,59,94.40,33,ep? s850
1788350755,20:05:55,71.0,59.0,58.0,59,94.36,34,ep? s850
1788350760,20:06:00,71.0,59.0,59.0,59,97.55,30,ep? s850
1788350765,20:06:05,63.0,56.0,58.0,60,96.94,34,ep? s850
1788350770,20:06:10,65.0,58.0,61.0,60,95.07,29,ep? s850
1788350775,20:06:15,65.0,59.0,58.0,59,94.73,30,ep? s850
1788350780,20:06:20,68.0,68.0,57.0,59,94.63,29,ep? s850
1788350785,20:06:25,65.0,58.0,59.0,59,94.86,30,ep? s850
1788350790,20:06:30,65.0,61.0,61.0,59,95.14,30,ep? s900
1788350795,20:06:35,65.0,58.0,59.0,59,93.85,30,ep? s900
1788350800,20:06:40,65.0,56.0,58.0,59,94.62,30,ep? s900
1788350805,20:06:45,65.0,59.0,57.0,59,94.66,30,ep? s900
1788350810,20:06:50,65.0,58.0,57.0,59,94.91,30,ep? s900
1788350815,20:06:55,65.0,60.0,58.0,59,95.00,30,ep? s900
1788350820,20:07:00,65.0,62.0,58.0,59,95.06,30,ep? s900
1788350826,20:07:06,75.0,59.0,58.0,59,94.77,34,ep? s900
1788350831,20:07:11,65.0,59.0,58.0,59,94.86,28,ep? s900
1788350836,20:07:16,66.0,60.0,61.0,59,95.13,34,ep? s900
1788350841,20:07:21,67.0,59.0,61.0,59,95.87,28,ep? s950
1788350846,20:07:26,65.0,60.0,61.0,59,95.61,23,ep? s950
1788350851,20:07:31,62.0,58.0,61.0,60,94.19,33,ep? s950
1788350856,20:07:36,67.0,58.0,62.0,60,94.81,23,ep? s950
1788350861,20:07:41,65.0,59.0,59.0,59,94.14,32,ep? s950
1788350866,20:07:46,69.0,61.0,61.0,59,94.03,34,ep? s950
1788350871,20:07:51,71.0,58.0,59.0,59,97.40,29,ep? s950
1788350876,20:07:56,73.0,58.0,61.0,59,94.47,34,ep? s950
1788350881,20:08:01,70.0,58.0,61.0,59,96.78,29,ep? s950
1788350886,20:08:06,67.0,55.0,58.0,60,96.40,29,ep? s950
1788350891,20:08:11,66.0,61.0,61.0,59,93.79,30,ep? s1000
1788350896,20:08:16,65.0,59.0,57.0,59,94.76,29,ep? s1000
1788350901,20:08:21,65.0,58.0,59.0,59,93.64,30,ep? s1000
1788350906,20:08:26,65.0,59.0,61.0,59,94.76,30,ep? s1000
1788350911,20:08:31,65.0,58.0,59.0,59,94.43,31,ep? s1000
1788350916,20:08:36,81.0,56.0,59.0,59,94.93,30,ep? s1000
1788350921,20:08:41,65.0,56.0,59.0,59,94.98,31,ep? s1000
1788350927,20:08:47,70.0,60.0,61.0,59,94.78,30,ep? s1000
1788350932,20:08:52,63.0,58.0,66.0,59,94.73,30,ep? s1000
1788350937,20:08:57,66.0,58.0,62.0,59,95.07,30,ep? s1000
1788350942,20:09:02,65.0,59.0,61.0,59,94.88,34,ep? s1050
1788350947,20:09:07,63.0,58.0,61.0,59,94.47,28,ep? s1050
1788350952,20:09:12,66.0,58.0,61.0,59,94.66,27,ep? s1050
1788350957,20:09:17,63.0,56.0,59.0,59,95.71,29,ep? s1050
1788350962,20:09:22,63.0,58.0,58.0,59,94.49,28,ep? s1050
1788350968,20:09:28,63.0,56.0,57.0,59,94.43,30,ep? s1050
1788350973,20:09:33,75.0,60.0,61.0,59,94.39,30,ep? s1050
1788350978,20:09:38,65.0,59.0,58.0,59,94.49,30,ep? s1050
1788350983,20:09:43,68.0,57.0,63.0,59,94.76,31,ep? s1050
1788350988,20:09:48,63.0,59.0,61.0,59,93.51,30,ep? s1050
1788350993,20:09:53,70.0,59.0,62.0,59,94.73,30,ep? s1100
1788350998,20:09:58,65.0,57.0,63.0,59,94.90,30,ep? s1100
1788351003,20:10:03,72.0,72.0,58.0,59,94.99,31,ep? s1100
1788351008,20:10:08,64.0,55.0,61.0,59,94.70,31,ep? s1100
1788351013,20:10:13,69.0,56.0,61.0,59,94.76,30,ep? s1100
1788351018,20:10:18,66.0,60.0,62.0,59,94.96,30,ep? s1100
1788351023,20:10:23,73.0,57.0,63.0,59,94.93,31,ep? s1100
1788351028,20:10:28,66.0,59.0,61.0,59,95.31,28,ep? s1100
1788351033,20:10:33,74.0,74.0,63.0,59,95.11,30,ep? s1100
1788351038,20:10:38,66.0,66.0,62.0,59,96.99,28,ep? s1100
1788351043,20:10:43,75.0,61.0,62.0,59,96.92,25,ep? s1150
1788351048,20:10:48,68.0,59.0,62.0,59,88.29,29,ep? s1150
1788351053,20:10:53,84.0,56.0,84.0,59,94.36,25,ep? s1150
1788351058,20:10:58,75.0,58.0,59.0,59,94.59,33,ep? s1150
1788351063,20:11:03,87.0,60.0,87.0,59,94.37,35,ep? s1150
1788351069,20:11:09,71.0,56.0,61.0,59,97.89,30,ep? s1150
1788351074,20:11:14,78.0,65.0,62.0,60,97.75,36,ep? s1150
1788351079,20:11:19,74.0,68.0,62.0,60,94.88,29,ep? s1150
1788351084,20:11:24,75.0,59.0,63.0,59,93.84,31,ep? s1150
1788351089,20:11:29,68.0,56.0,59.0,59,95.03,30,ep? s1150
1788351094,20:11:34,83.0,56.0,83.0,59,95.12,30,ep? s1200
1788351099,20:11:39,65.0,58.0,61.0,59,95.32,30,ep? s1200
1788351104,20:11:44,80.0,57.0,80.0,59,94.84,31,ep? s1200
1788351109,20:11:49,63.0,56.0,59.0,59,94.99,30,ep? s1200
1788351114,20:11:54,71.0,59.0,62.0,59,94.79,31,ep? s1200
1788351119,20:11:59,63.0,58.0,59.0,59,95.09,30,ep? s1200
1788351124,20:12:04,76.0,57.0,59.0,59,95.29,31,ep? s1200
1788351129,20:12:09,63.0,57.0,61.0,59,95.07,31,ep? s1200
1788351134,20:12:14,68.0,63.0,62.0,59,95.17,31,ep? s1200
1788351139,20:12:19,67.0,58.0,61.0,59,95.40,31,ep? s1200
1788351144,20:12:24,68.0,58.0,65.0,59,95.14,29,ep? s1250
1788351149,20:12:29,100.0,61.0,100.0,59,95.03,29,ep? s1250
1788351154,20:12:34,70.0,58.0,59.0,59,94.92,28,ep? s1250
1788351159,20:12:39,63.0,59.0,59.0,59,93.74,22,ep? s1250
1788351165,20:12:45,75.0,62.0,67.0,59,96.67,28,ep? s1250
1788351170,20:12:50,64.0,62.0,61.0,60,96.55,25,ep? s1250
1788351175,20:12:55,70.0,62.0,61.0,60,94.22,33,ep? s1250
1788351180,20:13:00,75.0,60.0,61.0,59,86.96,25,ep? s1250
1788351185,20:13:05,78.0,59.0,59.0,59,94.67,33,ep? s1250
1788351190,20:13:10,70.0,59.0,58.0,59,94.36,34,ep? s1250
1788351195,20:13:15,72.0,60.0,58.0,59,97.70,30,ep? s1300
1788351200,20:13:20,69.0,58.0,59.0,59,96.17,34,ep? s1300
1788351205,20:13:25,72.0,55.0,58.0,60,95.13,30,ep? s1300
1788351210,20:13:30,65.0,59.0,58.0,59,95.00,30,ep? s1300
1788351215,20:13:35,77.0,59.0,58.0,59,95.02,31,ep? s1300
1788351220,20:13:40,66.0,62.0,59.0,59,95.19,30,ep? s1300
1788351225,20:13:45,82.0,63.0,82.0,59,95.10,31,ep? s1300
1788351230,20:13:50,65.0,59.0,61.0,59,95.16,30,ep? s1300
1788351235,20:13:55,80.0,61.0,70.0,59,95.23,31,ep? s1300
1788351240,20:14:00,65.0,59.0,61.0,59,94.91,30,ep? s1300
1788351245,20:14:05,68.0,59.0,62.0,59,94.83,30,ep? s1350
1788351250,20:14:10,65.0,66.0,61.0,59,95.08,30,ep? s1350
1788351255,20:14:15,70.0,60.0,62.0,59,93.80,26,ep? s1350
1788351260,20:14:20,65.0,56.0,61.0,59,95.08,28,ep? s1350
1788351265,20:14:25,70.0,70.0,66.0,59,94.01,31,ep? s1350
1788351271,20:14:31,67.0,59.0,67.0,59,94.98,29,ep? s1350
1788351276,20:14:36,69.0,61.0,59.0,59,93.94,30,ep? s1350
1788351281,20:14:41,65.0,60.0,62.0,59,95.20,30,ep? s1350
1788351286,20:14:46,71.0,64.0,61.0,59,95.23,30,ep? s1350
1788351291,20:14:51,66.0,60.0,61.0,59,94.90,30,ep? s1350
1788351296,20:14:56,71.0,61.0,61.0,59,93.71,30,ep? s1400
1788351301,20:15:01,67.0,59.0,61.0,59,94.77,30,ep? s1400
1788351306,20:15:06,69.0,69.0,61.0,59,93.70,30,ep? s1400
1788351312,20:15:12,65.0,56.0,61.0,59,94.60,30,ep? s1400
1788351317,20:15:17,79.0,60.0,79.0,59,94.86,34,ep? s1400
1788351322,20:15:22,66.0,59.0,61.0,59,95.33,29,ep? s1400
1788351327,20:15:27,75.0,60.0,67.0,59,95.19,30,ep? s1400
1788351332,20:15:32,65.0,59.0,58.0,59,95.06,30,ep? s1400
1788351337,20:15:37,72.0,72.0,65.0,59,94.81,28,ep? s1400
1788351342,20:15:42,64.0,58.0,61.0,59,95.00,32,ep? s1400
1788351347,20:15:47,68.0,58.0,59.0,59,96.38,28,ep? s1450
1788351352,20:15:52,65.0,58.0,61.0,59,87.55,26,ep? s1450
1788351357,20:15:57,83.0,59.0,83.0,60,94.55,33,ep? s1450
1788351362,20:16:02,69.0,59.0,57.0,59,94.33,35,ep? s1450
1788351367,20:16:07,72.0,72.0,59.0,59,94.26,33,ep? s1450
1788351372,20:16:12,69.0,59.0,58.0,59,97.67,35,ep? s1450
1788351377,20:16:17,77.0,66.0,61.0,60,97.31,30,ep? s1450
1788351382,20:16:22,69.0,60.0,69.0,60,94.76,29,ep? s1450
1788351387,20:16:27,72.0,58.0,59.0,59,94.76,30,ep? s1450
1788351392,20:16:32,64.0,58.0,61.0,59,94.90,29,ep? s1450
1788351397,20:16:37,80.0,60.0,80.0,59,94.83,30,ep? s1500
1788351402,20:16:42,64.0,56.0,58.0,59,94.51,30,ep? s1500
1788351407,20:16:47,71.0,62.0,61.0,59,94.92,30,ep? s1500
1788351413,20:16:53,63.0,59.0,57.0,59,94.99,30,ep? s1500
1788351418,20:16:58,77.0,64.0,62.0,59,94.95,30,ep? s1500
1788351423,20:17:03,65.0,61.0,61.0,59,94.72,30,ep? s1500
1788351428,20:17:08,76.0,59.0,61.0,59,94.61,30,ep? s1500
1788351433,20:17:13,64.0,59.0,61.0,59,94.61,33,ep? s1500
1788351438,20:17:18,73.0,60.0,61.0,59,94.92,28,ep? s1500
1788351443,20:17:23,63.0,59.0,61.0,59,95.67,33,ep? s1500
1788351448,20:17:28,87.0,60.0,76.0,59,96.12,28,ep? s1550
1788351453,20:17:33,65.0,61.0,62.0,60,97.28,23,ep? s1550
1788351458,20:17:38,76.0,59.0,76.0,61,93.55,34,ep? s1550
1788351463,20:17:43,71.0,64.0,62.0,60,93.95,31,ep? s1550
1788351468,20:17:48,70.0,60.0,61.0,59,93.73,33,ep? s1550
1788351473,20:17:53,69.0,59.0,61.0,59,93.75,36,ep? s1550
1788351478,20:17:58,75.0,60.0,59.0,59,97.87,36,ep? s1550
1788351483,20:18:03,65.0,60.0,69.0,59,95.74,29,ep? s1550
1788351488,20:18:08,81.0,64.0,71.0,60,102.55,36,ep? s1550
1788351493,20:18:13,65.0,60.0,63.0,60,101.62,37,ep? s1550
1788351498,20:18:18,82.0,68.0,66.0,61,116.09,35,ep? s1550
1788351503,20:18:23,67.0,60.0,65.0,61,111.22,36,ep? s1600
1788351508,20:18:28,69.0,65.0,62.0,60,99.40,37,ep? s1600
