ts,time,pkg,core16,core20,gpu_temp,gpu_power,gpu_util,train_tag
1788336691,16:11:31,80.0,61.0,63.0,57,99.60,38,ep? s3250
1788336696,16:11:36,64.0,59.0,59.0,58,113.82,35,ep? s3250
1788336701,16:11:41,65.0,60.0,65.0,57,104.55,31,ep? s3250
1788336706,16:11:46,66.0,60.0,61.0,59,97.86,32,ep? s3250
1788336711,16:11:51,67.0,60.0,62.0,57,94.06,40,ep? s3250
1788336716,16:11:56,70.0,60.0,62.0,57,97.53,36,ep? s3250
1788336721,16:12:01,65.0,60.0,62.0,58,99.71,35,ep? s3250
1788336726,16:12:06,65.0,61.0,62.0,57,95.56,35,ep? s3250
1788336731,16:12:11,67.0,58.0,61.0,57,94.90,37,ep? s3250
1788336736,16:12:16,69.0,59.0,69.0,57,94.60,37,ep? s3250
1788336741,16:12:21,65.0,59.0,61.0,57,97.36,38,ep? s3300
1788336746,16:12:26,65.0,60.0,62.0,57,96.28,34,ep? s3300
1788336752,16:12:32,66.0,61.0,66.0,57,95.61,23,ep? s3300
1788336757,16:12:37,75.0,61.0,65.0,57,96.51,35,ep? s3300
1788336762,16:12:42,68.0,58.0,65.0,57,91.68,36,ep? s3300
1788336767,16:12:47,85.0,60.0,69.0,57,95.85,30,ep? s3300
1788336772,16:12:52,70.0,55.0,59.0,57,96.04,35,ep? s3300
1788336777,16:12:57,64.0,59.0,61.0,57,96.00,29,ep? s3300
1788336782,16:13:02,67.0,58.0,67.0,58,93.42,30,ep? s3300
1788336787,16:13:07,67.0,58.0,67.0,57,93.64,30,ep? s3300
1788336792,16:13:12,62.0,56.0,61.0,57,93.32,31,ep? s3350
1788336797,16:13:17,61.0,60.0,59.0,57,93.48,31,ep? s3350
1788336802,16:13:22,62.0,59.0,59.0,57,93.38,30,ep? s3350
1788336807,16:13:27,62.0,59.0,61.0,57,93.70,30,ep? s3350
1788336812,16:13:32,64.0,59.0,61.0,57,93.45,30,ep? s3350
1788336817,16:13:37,62.0,58.0,59.0,57,93.00,33,ep? s3350
1788336822,16:13:42,62.0,58.0,59.0,57,93.50,30,ep? s3350
1788336827,16:13:47,62.0,55.0,58.0,57,93.28,34,ep? s3350
1788336832,16:13:52,62.0,61.0,59.0,57,94.12,30,ep? s3350
1788336837,16:13:57,62.0,56.0,59.0,57,94.56,25,ep? s3350
1788336843,16:14:03,64.0,56.0,59.0,57,93.63,30,ep? s3400
1788336848,16:14:08,65.0,56.0,59.0,57,92.52,25,ep? s3400
1788336853,16:14:13,71.0,56.0,58.0,57,93.50,33,ep? s3400
1788336858,16:14:18,65.0,59.0,57.0,57,92.81,25,ep? s3400
1788336863,16:14:23,72.0,60.0,59.0,57,93.93,39,ep? s3400
1788336868,16:14:28,65.0,58.0,58.0,56,92.80,34,ep? s3400
1788336873,16:14:33,70.0,55.0,65.0,57,96.63,29,ep? s3400
1788336878,16:14:38,62.0,58.0,59.0,57,96.57,35,ep? s3400
1788336883,16:14:43,62.0,56.0,59.0,57,94.04,29,ep? s3400
1788336888,16:14:48,73.0,61.0,61.0,57,93.49,30,ep? s3400
1788336893,16:14:53,64.0,59.0,61.0,57,93.50,31,ep? s3400
1788336898,16:14:58,64.0,60.0,61.0,57,93.27,30,ep? s3450
1788336903,16:15:03,61.0,56.0,58.0,57,93.69,30,ep? s3450
1788336908,16:15:08,62.0,56.0,58.0,57,94.28,30,ep? s3450
1788336913,16:15:13,65.0,57.0,65.0,57,93.66,30,ep? s3450
1788336918,16:15:18,62.0,56.0,59.0,57,94.21,30,ep? s3450
1788336923,16:15:23,61.0,59.0,59.0,57,94.31,31,ep? s3450
1788336929,16:15:29,63.0,57.0,63.0,57,93.84,30,ep? s3450
1788336934,16:15:34,64.0,58.0,63.0,57,93.91,30,ep? s3450
1788336939,16:15:39,64.0,55.0,59.0,57,93.89,28,ep? s3450
1788336944,16:15:44,63.0,56.0,58.0,57,93.10,32,ep? s3450
1788336949,16:15:49,60.0,57.0,59.0,57,88.32,28,ep? s3500
1788336954,16:15:54,67.0,59.0,61.0,57,93.14,29,ep? s3500
1788336959,16:15:59,69.0,60.0,67.0,57,93.10,34,ep? s3500
1788336964,16:16:04,69.0,55.0,58.0,57,92.53,32,ep? s3500
1788336969,16:16:09,69.0,56.0,61.0,57,93.50,33,ep? s3500
1788336974,16:16:14,70.0,56.0,59.0,57,93.14,34,ep? s3500
1788336979,16:16:19,65.0,55.0,59.0,57,96.22,29,ep? s3500
1788336984,16:16:24,69.0,57.0,59.0,57,95.90,34,ep? s3500
1788336989,16:16:29,63.0,56.0,59.0,57,93.55,30,ep? s3500
1788336995,16:16:35,74.0,65.0,57.0,57,93.82,31,ep? s3500
1788337000,16:16:40,64.0,56.0,59.0,57,93.25,27,ep? s3550
1788337005,16:16:45,72.0,72.0,61.0,57,95.19,25,ep? s3550
1788337010,16:16:50,80.0,62.0,80.0,57,94.90,27,ep? s3550
1788337015,16:16:55,64.0,60.0,61.0,58,92.99,25,ep? s3550
1788337020,16:17:00,74.0,56.0,58.0,57,92.40,34,ep? s3550
1788337025,16:17:05,71.0,61.0,57.0,57,93.04,36,ep? s3550
1788337030,16:17:10,70.0,54.0,57.0,57,92.38,34,ep? s3550
1788337035,16:17:15,72.0,61.0,72.0,57,95.79,35,ep? s3550
1788337040,16:17:20,62.0,61.0,61.0,57,92.67,30,ep? s3550
1788337045,16:17:25,69.0,57.0,63.0,57,93.98,31,ep? s3550
1788337050,16:17:30,64.0,59.0,58.0,57,93.59,29,ep? s3600
1788337055,16:17:35,76.0,56.0,59.0,57,93.74,31,ep? s3600
1788337060,16:17:40,63.0,54.0,57.0,57,94.01,30,ep? s3600
1788337065,16:17:45,72.0,54.0,57.0,57,93.94,31,ep? s3600
1788337070,16:17:50,63.0,56.0,57.0,57,94.06,30,ep? s3600
1788337076,16:17:56,75.0,61.0,58.0,57,94.18,31,ep? s3600
1788337081,16:18:01,64.0,60.0,61.0,57,94.59,30,ep? s3600
1788337086,16:18:06,73.0,59.0,58.0,57,94.30,30,ep? s3600
1788337091,16:18:11,64.0,60.0,57.0,57,94.00,30,ep? s3600
1788337096,16:18:16,76.0,61.0,59.0,57,92.77,23,ep? s3600
1788337101,16:18:21,64.0,58.0,57.0,57,93.29,27,ep? s3650
1788337106,16:18:26,75.0,56.0,65.0,57,92.11,29,ep? s3650
1788337111,16:18:31,72.0,61.0,72.0,57,95.03,27,ep? s3650
1788337116,16:18:36,69.0,69.0,62.0,57,95.49,25,ep? s3650
1788337121,16:18:41,66.0,56.0,57.0,58,92.88,34,ep? s3650
1788337126,16:18:46,82.0,58.0,67.0,57,92.66,35,ep? s3650
1788337131,16:18:51,66.0,54.0,59.0,57,92.89,34,ep? s3650
1788337136,16:18:56,69.0,61.0,63.0,57,93.21,35,ep? s3650
1788337141,16:19:01,81.0,59.0,65.0,57,96.52,30,ep? s3650
1788337146,16:19:06,84.0,57.0,84.0,57,96.57,35,ep? s3650
1788337151,16:19:11,62.0,56.0,58.0,59,93.81,30,ep? s3700
1788337156,16:19:16,70.0,57.0,58.0,57,93.68,30,ep? s3700
1788337161,16:19:21,62.0,56.0,59.0,57,93.55,30,ep? s3700
1788337166,16:19:26,63.0,61.0,59.0,57,93.69,31,ep? s3700
1788337172,16:19:32,64.0,59.0,59.0,57,93.97,30,ep? s3700
1788337177,16:19:37,76.0,56.0,76.0,57,93.73,31,ep? s3700
1788337182,16:19:42,63.0,60.0,58.0,57,93.94,30,ep? s3700
1788337187,16:19:47,78.0,72.0,78.0,57,93.66,31,ep? s3700
1788337192,16:19:52,63.0,58.0,61.0,57,92.23,31,ep? s3700
1788337197,16:19:57,69.0,58.0,58.0,57,94.11,31,ep? s3700
1788337202,16:20:02,67.0,67.0,61.0,57,94.12,30,ep? s3750
1788337207,16:20:07,68.0,56.0,57.0,57,94.13,31,ep? s3750
1788337212,16:20:12,62.0,54.0,57.0,57,93.58,28,ep? s3750
1788337217,16:20:17,75.0,54.0,65.0,57,93.76,31,ep? s3750
1788337222,16:20:22,63.0,58.0,59.0,57,95.69,28,ep? s3750
1788337227,16:20:27,70.0,68.0,61.0,58,95.27,25,ep? s3750
1788337232,16:20:32,69.0,56.0,58.0,58,92.75,33,ep? s3750
1788337237,16:20:37,77.0,55.0,65.0,57,92.52,25,ep? s3750
1788337242,16:20:42,71.0,58.0,58.0,57,92.83,33,ep? s3750
1788337247,16:20:47,76.0,58.0,61.0,57,92.57,36,ep? s3750
1788337252,16:20:52,75.0,56.0,62.0,57,92.70,33,ep? s3800
1788337258,16:20:58,75.0,59.0,59.0,57,92.99,35,ep? s3800
1788337263,16:21:03,69.0,59.0,58.0,57,96.43,30,ep? s3800
1788337268,16:21:08,75.0,58.0,65.0,57,96.22,34,ep? s3800
1788337273,16:21:13,67.0,59.0,61.0,57,87.93,27,ep? s3800
1788337278,16:21:18,76.0,59.0,76.0,57,93.88,30,ep? s3800
1788337283,16:21:23,65.0,60.0,61.0,57,93.61,30,ep? s3800
1788337288,16:21:28,76.0,59.0,76.0,57,93.81,30,ep? s3800
1788337293,16:21:33,65.0,58.0,61.0,57,93.94,30,ep? s3800
1788337298,16:21:38,72.0,55.0,72.0,57,92.60,29,ep? s3800
1788337304,16:21:44,69.0,56.0,63.0,57,93.02,34,ep? s3850
1788337309,16:21:49,73.0,58.0,59.0,57,96.14,29,ep? s3850
1788337314,16:21:54,69.0,59.0,59.0,57,96.26,35,ep? s3850
1788337319,16:21:59,78.0,58.0,65.0,58,93.81,29,ep? s3850
1788337324,16:22:04,64.0,59.0,63.0,57,93.78,30,ep? s3850
1788337329,16:22:09,82.0,58.0,65.0,57,93.73,29,ep? s3850
1788337334,16:22:14,64.0,63.0,59.0,57,88.42,27,ep? s3850
1788337339,16:22:19,64.0,61.0,59.0,57,93.82,30,ep? s3850
1788337344,16:22:24,67.0,58.0,59.0,57,92.54,30,ep? s3850
1788337349,16:22:29,64.0,59.0,66.0,57,93.86,30,ep? s3850
1788337354,16:22:34,72.0,58.0,59.0,57,92.25,30,ep? s3900
1788337359,16:22:39,65.0,63.0,59.0,57,94.01,30,ep? s3900
1788337364,16:22:44,65.0,58.0,63.0,57,94.74,31,ep? s3900
1788337369,16:22:49,64.0,57.0,66.0,57,94.04,30,ep? s3900
1788337374,16:22:54,65.0,60.0,59.0,57,94.04,31,ep? s3900
1788337379,16:22:59,65.0,60.0,61.0,57,93.80,27,ep? s3900
1788337384,16:23:04,67.0,59.0,67.0,57,95.32,25,ep? s3900
1788337389,16:23:09,69.0,59.0,61.0,58,95.37,27,ep? s3900
1788337394,16:23:14,66.0,61.0,59.0,58,93.42,25,ep? s3900
1788337399,16:23:19,73.0,59.0,61.0,57,93.36,34,ep? s3900
1788337405,16:23:25,72.0,58.0,62.0,57,93.22,25,ep? s3950
1788337410,16:23:30,71.0,59.0,61.0,57,93.06,34,ep? s3950
1788337415,16:23:35,70.0,58.0,62.0,57,93.26,35,ep? s3950
1788337420,16:23:40,69.0,58.0,59.0,58,92.43,29,ep? s3950
1788337425,16:23:45,67.0,59.0,67.0,58,96.35,35,ep? s3950
1788337430,16:23:50,63.0,58.0,58.0,57,92.63,30,ep? s3950
1788337435,16:23:55,63.0,56.0,57.0,57,93.95,30,ep? s3950
1788337440,16:24:00,66.0,60.0,59.0,57,92.80,29,ep? s3950
1788337445,16:24:05,64.0,58.0,58.0,57,93.87,30,ep? s3950
1788337450,16:24:10,64.0,58.0,61.0,57,93.85,30,ep? s3950
1788337455,16:24:15,80.0,61.0,59.0,57,93.83,30,ep? s50
1788337460,16:24:20,65.0,62.0,65.0,57,93.32,30,ep? s50
1788337465,16:24:25,64.0,58.0,62.0,58,93.93,30,ep? s50
1788337470,16:24:30,62.0,60.0,58.0,57,93.78,30,ep? s50
1788337475,16:24:35,64.0,59.0,61.0,58,93.99,29,ep? s50
1788337480,16:24:40,66.0,60.0,59.0,58,93.76,30,ep? s50
1788337485,16:24:45,63.0,59.0,59.0,58,93.55,29,ep? s50
1788337490,16:24:50,64.0,58.0,61.0,58,93.59,27,ep? s50
1788337496,16:24:56,66.0,59.0,61.0,58,93.79,32,ep? s50
1788337501,16:25:01,64.0,60.0,58.0,58,95.79,27,ep? s50
1788337506,16:25:06,65.0,59.0,59.0,58,94.02,32,ep? s50
1788337511,16:25:11,66.0,58.0,57.0,58,92.75,34,ep? s50
1788337516,16:25:16,69.0,60.0,57.0,58,93.27,25,ep? s50
1788337521,16:25:21,70.0,61.0,57.0,58,93.57,34,ep? s50
1788337526,16:25:26,70.0,61.0,61.0,59,110.53,33,ep? s50
1788337531,16:25:31,64.0,59.0,59.0,58,94.60,31,ep? s50
1788337536,16:25:36,64.0,58.0,59.0,58,95.71,34,ep? s50
1788337541,16:25:41,64.0,60.0,59.0,58,94.15,30,ep? s50
1788337546,16:25:46,64.0,60.0,58.0,58,94.10,30,ep? s50
1788337551,16:25:51,67.0,60.0,67.0,58,93.73,29,ep? s50
1788337556,16:25:56,66.0,58.0,61.0,58,94.26,30,ep? s50
1788337561,16:26:01,64.0,56.0,62.0,58,93.03,30,ep? s50
1788337566,16:26:06,66.0,59.0,61.0,58,94.59,30,ep? s50
1788337571,16:26:11,66.0,58.0,61.0,58,94.18,30,ep? s50
1788337576,16:26:16,66.0,62.0,62.0,59,94.57,30,ep? s50
1788337581,16:26:21,63.0,60.0,61.0,58,94.55,31,ep? s50
1788337586,16:26:26,64.0,60.0,62.0,58,94.01,29,ep? s50
1788337592,16:26:32,67.0,60.0,62.0,58,93.15,31,ep? s50
1788337597,16:26:37,64.0,60.0,58.0,59,95.55,28,ep? s50
1788337602,16:26:42,76.0,59.0,69.0,58,93.57,30,ep? s50
1788337607,16:26:47,64.0,58.0,61.0,59,94.62,30,ep? s50
1788337612,16:26:52,66.0,60.0,61.0,59,93.18,30,ep? s50
1788337617,16:26:57,64.0,58.0,61.0,59,94.76,30,ep? s50
1788337622,16:27:02,66.0,62.0,62.0,59,95.09,30,ep? s50
1788337627,16:27:07,62.0,56.0,57.0,59,94.86,30,ep? s50
1788337632,16:27:12,69.0,58.0,58.0,59,94.83,31,ep? s50
1788337638,16:27:18,62.0,60.0,58.0,59,94.54,30,ep? s50
1788337643,16:27:23,69.0,59.0,63.0,59,94.99,30,ep? s50
1788337648,16:27:28,66.0,58.0,66.0,59,94.82,30,ep? s50
1788337653,16:27:33,64.0,59.0,61.0,59,95.23,30,ep? s50
1788337658,16:27:38,63.0,58.0,61.0,59,95.18,30,ep? s50
1788337663,16:27:43,80.0,58.0,65.0,59,95.17,28,ep? s50
1788337668,16:27:48,64.0,58.0,62.0,59,95.20,31,ep? s50
1788337673,16:27:53,63.0,58.0,61.0,59,96.95,28,ep? s50
1788337678,16:27:58,67.0,58.0,63.0,59,96.59,25,ep? s50
1788337683,16:28:03,65.0,56.0,65.0,59,96.72,28,ep? s50
1788337688,16:28:08,65.0,55.0,59.0,60,93.61,24,ep? s50
1788337693,16:28:13,70.0,55.0,59.0,59,94.20,33,ep? s50
1788337698,16:28:18,68.0,55.0,66.0,59,93.60,34,ep? s50
1788337703,16:28:23,72.0,60.0,63.0,59,94.42,33,ep? s50
1788337708,16:28:28,71.0,63.0,59.0,59,93.83,31,ep? s50
1788337713,16:28:33,64.0,61.0,61.0,59,97.98,30,ep? s150
1788337719,16:28:39,71.0,62.0,61.0,59,97.94,35,ep? s150
1788337724,16:28:44,66.0,59.0,61.0,60,95.24,30,ep? s150
1788337729,16:28:49,64.0,58.0,62.0,59,95.19,30,ep? s150
1788337734,16:28:54,66.0,58.0,61.0,59,95.19,30,ep? s150
1788337739,16:28:59,63.0,58.0,62.0,59,94.83,30,ep? s150
1788337744,16:29:04,63.0,58.0,59.0,59,95.06,30,ep? s150
1788337749,16:29:09,76.0,56.0,61.0,59,94.85,31,ep? s150
1788337754,16:29:14,64.0,63.0,59.0,59,95.13,30,ep? s150
1788337759,16:29:19,66.0,59.0,63.0,59,94.91,30,ep? s150
1788337764,16:29:24,67.0,59.0,62.0,59,95.28,30,ep? s200
1788337769,16:29:29,64.0,59.0,61.0,59,95.10,31,ep? s200
1788337774,16:29:34,64.0,59.0,63.0,59,95.08,25,ep? s200
1788337779,16:29:39,64.0,60.0,62.0,59,90.43,31,ep? s200
1788337784,16:29:44,66.0,60.0,62.0,59,94.30,20,ep? s200
1788337789,16:29:49,62.0,59.0,62.0,59,96.48,25,ep? s200
1788337794,16:29:54,65.0,60.0,67.0,59,94.11,33,ep? s200
1788337799,16:29:59,68.0,60.0,63.0,60,94.28,25,ep? s200
1788337804,16:30:04,71.0,66.0,61.0,59,94.51,33,ep? s200
1788337809,16:30:09,72.0,58.0,61.0,59,93.25,35,ep? s200
1788337814,16:30:14,81.0,63.0,67.0,59,97.70,30,ep? s250
1788337819,16:30:19,72.0,59.0,62.0,59,97.75,34,ep? s250
1788337825,16:30:25,64.0,60.0,62.0,60,94.77,29,ep? s250
1788337830,16:30:30,66.0,60.0,62.0,60,94.88,30,ep? s250
1788337835,16:30:35,64.0,58.0,61.0,59,94.94,29,ep? s250
1788337840,16:30:40,64.0,65.0,62.0,59,95.02,30,ep? s250
1788337845,16:30:45,64.0,58.0,61.0,59,95.15,30,ep? s250
1788337850,16:30:50,66.0,62.0,61.0,59,95.25,31,ep? s250
1788337855,16:30:55,64.0,59.0,63.0,59,95.19,30,ep? s250
1788337860,16:31:00,64.0,59.0,61.0,59,95.41,31,ep? s250
1788337865,16:31:05,66.0,59.0,59.0,59,94.95,30,ep? s300
1788337870,16:31:10,66.0,60.0,58.0,59,94.99,31,ep? s300
1788337875,16:31:15,64.0,58.0,63.0,59,94.98,27,ep? s300
1788337880,16:31:20,66.0,59.0,59.0,59,95.21,31,ep? s300
1788337885,16:31:25,66.0,58.0,62.0,59,94.07,27,ep? s300
1788337890,16:31:30,66.0,58.0,65.0,59,96.41,25,ep? s300
1788337895,16:31:35,67.0,59.0,62.0,59,96.60,27,ep? s300
1788337900,16:31:40,68.0,59.0,63.0,60,96.63,25,ep? s300
1788337906,16:31:46,63.0,56.0,63.0,59,95.36,30,ep? s300
1788337911,16:31:51,63.0,55.0,58.0,59,95.35,30,ep? s300
1788337916,16:31:56,64.0,55.0,57.0,59,94.99,30,ep? s350
1788337921,16:32:01,64.0,55.0,58.0,59,94.66,30,ep? s350
1788337926,16:32:06,66.0,56.0,59.0,59,94.96,30,ep? s350
1788337931,16:32:11,66.0,59.0,62.0,59,95.03,30,ep? s350
1788337936,16:32:16,72.0,60.0,72.0,59,94.95,28,ep? s350
1788337941,16:32:21,64.0,59.0,61.0,59,94.67,31,ep? s350
1788337946,16:32:26,64.0,56.0,58.0,59,96.87,28,ep? s350
1788337951,16:32:31,64.0,60.0,59.0,59,96.52,25,ep? s350
1788337956,16:32:36,82.0,58.0,59.0,59,96.61,28,ep? s350
1788337961,16:32:41,72.0,59.0,61.0,59,94.29,25,ep? s350
1788337967,16:32:47,68.0,59.0,62.0,59,94.03,33,ep? s400
1788337972,16:32:52,70.0,59.0,62.0,59,94.06,30,ep? s400
1788337977,16:32:57,67.0,59.0,61.0,59,87.78,30,ep? s400
1788337982,16:33:02,68.0,66.0,61.0,59,93.40,33,ep? s400
1788337987,16:33:07,69.0,59.0,61.0,59,97.56,29,ep? s400
1788337992,16:33:12,68.0,59.0,59.0,59,96.96,33,ep? s400
1788337997,16:33:17,66.0,61.0,62.0,59,95.04,29,ep? s400
1788338002,16:33:22,70.0,56.0,61.0,59,94.85,30,ep? s400
1788338007,16:33:27,70.0,58.0,61.0,59,94.70,30,ep? s400
1788338012,16:33:32,64.0,59.0,62.0,59,94.58,29,ep? s400
1788338017,16:33:37,64.0,60.0,62.0,59,94.78,30,ep? s450
1788338022,16:33:42,64.0,60.0,61.0,59,94.53,31,ep? s450
1788338027,16:33:47,66.0,60.0,65.0,59,94.39,30,ep? s450
1788338032,16:33:52,66.0,60.0,66.0,59,95.08,30,ep? s450
1788338037,16:33:57,64.0,60.0,61.0,59,94.96,30,ep? s450
1788338042,16:34:02,83.0,60.0,62.0,59,94.55,34,ep? s450
1788338047,16:34:07,64.0,61.0,61.0,59,95.08,30,ep? s450
1788338052,16:34:12,64.0,58.0,61.0,59,94.86,32,ep? s450
1788338057,16:34:17,67.0,58.0,58.0,59,94.81,28,ep? s450
1788338063,16:34:23,64.0,58.0,61.0,59,94.83,26,ep? s450
1788338068,16:34:28,64.0,59.0,61.0,59,95.99,28,ep? s500
1788338073,16:34:33,64.0,60.0,61.0,59,94.74,27,ep? s500
1788338078,16:34:38,67.0,59.0,59.0,59,94.18,18,ep? s500
1788338083,16:34:43,69.0,59.0,59.0,60,96.17,27,ep? s500
1788338088,16:34:48,68.0,57.0,61.0,60,96.51,25,ep? s500
1788338093,16:34:53,69.0,59.0,59.0,60,93.77,34,ep? s500
1788338098,16:34:58,76.0,60.0,62.0,59,93.50,18,ep? s500
1788338103,16:35:03,73.0,58.0,61.0,59,96.37,34,ep? s500
1788338108,16:35:08,69.0,60.0,61.0,59,94.25,35,ep? s500
1788338113,16:35:13,71.0,59.0,61.0,60,95.05,30,ep? s500
1788338118,16:35:18,62.0,56.0,59.0,60,97.54,35,ep? s550
1788338123,16:35:23,64.0,56.0,61.0,59,94.70,30,ep? s550
1788338128,16:35:28,63.0,56.0,61.0,59,94.80,30,ep? s550
1788338133,16:35:33,63.0,56.0,61.0,59,94.59,30,ep? s550
1788338138,16:35:38,64.0,58.0,61.0,59,94.78,30,ep? s550
1788338143,16:35:43,66.0,60.0,63.0,59,95.12,30,ep? s550
1788338148,16:35:48,81.0,56.0,61.0,59,94.79,31,ep? s550
1788338154,16:35:54,66.0,59.0,63.0,59,93.66,30,ep? s550
1788338159,16:35:59,66.0,60.0,61.0,59,94.91,30,ep? s550
1788338164,16:36:04,66.0,60.0,61.0,59,94.84,30,ep? s550
1788338169,16:36:09,66.0,60.0,61.0,59,94.93,31,ep? s600
1788338174,16:36:14,64.0,55.0,61.0,59,94.83,31,ep? s600
1788338179,16:36:19,64.0,55.0,61.0,59,94.99,30,ep? s600
1788338184,16:36:24,64.0,56.0,59.0,59,94.81,31,ep? s600
1788338189,16:36:29,66.0,56.0,61.0,60,94.83,27,ep? s600
1788338194,16:36:34,66.0,59.0,61.0,59,94.88,31,ep? s600
1788338199,16:36:39,65.0,59.0,62.0,59,96.68,28,ep? s600
1788338204,16:36:44,66.0,58.0,61.0,59,96.02,25,ep? s600
1788338210,16:36:50,64.0,56.0,61.0,59,93.84,30,ep? s600
1788338215,16:36:55,64.0,56.0,61.0,59,89.98,27,ep? s600
1788338220,16:37:00,63.0,59.0,61.0,59,95.23,30,ep? s650
1788338225,16:37:05,63.0,55.0,58.0,59,95.00,30,ep? s650
1788338230,16:37:10,64.0,56.0,59.0,59,94.94,30,ep? s650
1788338235,16:37:15,64.0,56.0,57.0,59,94.72,34,ep? s650
1788338240,16:37:20,65.0,59.0,61.0,59,94.82,30,ep? s650
1788338245,16:37:25,63.0,58.0,61.0,59,95.09,34,ep? s650
1788338250,16:37:30,63.0,56.0,59.0,60,95.03,30,ep? s650
1788338255,16:37:35,63.0,55.0,59.0,59,94.79,25,ep? s650
1788338260,16:37:40,66.0,59.0,59.0,59,96.51,25,ep? s650
1788338265,16:37:45,63.0,54.0,59.0,59,95.79,27,ep? s650
1788338270,16:37:50,63.0,56.0,58.0,59,96.39,25,ep? s700
1788338275,16:37:55,64.0,61.0,57.0,60,94.13,34,ep? s700
1788338280,16:38:00,68.0,59.0,59.0,60,94.00,25,ep? s700
1788338285,16:38:05,69.0,59.0,61.0,59,93.64,33,ep? s700
1788338290,16:38:10,67.0,57.0,61.0,59,94.12,35,ep? s700
1788338295,16:38:15,68.0,62.0,61.0,59,93.60,29,ep? s700
1788338301,16:38:21,72.0,60.0,63.0,59,97.98,41,ep? s700
1788338306,16:38:26,68.0,58.0,61.0,59,94.94,30,ep? s700
1788338311,16:38:31,68.0,59.0,62.0,61,94.80,30,ep? s700
1788338316,16:38:36,66.0,60.0,62.0,60,95.57,32,ep? s700
1788338321,16:38:41,66.0,59.0,62.0,59,94.77,30,ep? s700
1788338326,16:38:46,64.0,59.0,61.0,59,94.68,30,ep? s750
1788338331,16:38:51,66.0,59.0,62.0,59,94.82,30,ep? s750
1788338336,16:38:56,66.0,60.0,62.0,59,94.69,30,ep? s750
1788338341,16:39:01,64.0,59.0,59.0,59,94.60,30,ep? s750
1788338346,16:39:06,64.0,58.0,59.0,59,94.59,30,ep? s750
1788338351,16:39:11,66.0,55.0,62.0,59,95.27,30,ep? s750
1788338356,16:39:16,63.0,58.0,61.0,59,94.96,31,ep? s750
1788338361,16:39:21,63.0,56.0,61.0,59,93.60,30,ep? s750
1788338366,16:39:26,66.0,59.0,61.0,59,95.24,33,ep? s750
1788338371,16:39:31,64.0,58.0,61.0,59,94.99,30,ep? s750
1788338376,16:39:36,63.0,58.0,61.0,59,94.88,34,ep? s800
1788338381,16:39:41,64.0,58.0,59.0,59,93.93,26,ep? s800
1788338386,16:39:46,64.0,56.0,58.0,59,95.56,33,ep? s800
1788338392,16:39:52,65.0,55.0,61.0,59,95.09,31,ep? s800
1788338397,16:39:57,63.0,55.0,58.0,59,94.82,24,ep? s800
1788338402,16:40:02,64.0,61.0,59.0,59,94.09,28,ep? s800
1788338407,16:40:07,66.0,58.0,57.0,59,96.10,26,ep? s800
1788338412,16:40:12,63.0,58.0,63.0,60,94.28,24,ep? s800
1788338417,16:40:17,66.0,59.0,58.0,60,96.16,27,ep? s800
1788338422,16:40:22,66.0,59.0,66.0,59,93.93,25,ep? s800
1788338427,16:40:27,66.0,58.0,62.0,59,94.01,34,ep? s850
1788338432,16:40:32,64.0,56.0,59.0,59,94.51,35,ep? s850
1788338437,16:40:37,71.0,54.0,57.0,59,94.34,34,ep? s850
1788338442,16:40:42,71.0,56.0,58.0,59,94.21,35,ep? s850
1788338447,16:40:47,70.0,55.0,66.0,59,96.07,30,ep? s850
1788338452,16:40:52,64.0,55.0,58.0,60,97.76,35,ep? s850
1788338457,16:40:57,63.0,55.0,58.0,59,94.76,30,ep? s850
1788338462,16:41:02,66.0,60.0,62.0,59,94.74,30,ep? s850
1788338467,16:41:07,64.0,56.0,62.0,59,94.79,30,ep? s850
1788338472,16:41:12,64.0,59.0,62.0,59,95.16,30,ep? s850
1788338478,16:41:18,64.0,60.0,62.0,59,95.44,30,ep? s900
1788338483,16:41:23,66.0,59.0,62.0,59,95.21,30,ep? s900
1788338488,16:41:28,66.0,59.0,62.0,59,93.79,30,ep? s900
1788338493,16:41:33,64.0,58.0,62.0,59,94.79,31,ep? s900
1788338498,16:41:38,64.0,60.0,61.0,59,93.55,30,ep? s900
1788338503,16:41:43,64.0,59.0,61.0,59,94.84,32,ep? s900
1788338508,16:41:48,66.0,60.0,62.0,59,95.07,30,ep? s900
1788338513,16:41:53,69.0,59.0,59.0,59,97.78,35,ep? s900
1788338519,16:41:59,69.0,61.0,59.0,59,95.47,33,ep? s900
1788338524,16:42:04,66.0,61.0,59.0,60,95.21,30,ep? s900
1788338529,16:42:09,64.0,61.0,59.0,60,97.61,35,ep? s950
1788338534,16:42:14,64.0,61.0,59.0,59,95.25,29,ep? s950
1788338539,16:42:19,64.0,58.0,59.0,59,94.98,30,ep? s950
1788338544,16:42:24,64.0,58.0,59.0,59,95.04,30,ep? s950
1788338549,16:42:29,68.0,64.0,59.0,59,95.19,30,ep? s950
1788338554,16:42:34,64.0,63.0,62.0,59,95.27,30,ep? s950
1788338559,16:42:39,66.0,59.0,59.0,59,95.45,30,ep? s950
1788338564,16:42:44,63.0,55.0,58.0,59,95.33,30,ep? s950
1788338569,16:42:49,68.0,58.0,57.0,59,95.13,30,ep? s950
1788338574,16:42:54,66.0,59.0,62.0,59,95.18,30,ep? s950
1788338579,16:42:59,66.0,59.0,66.0,59,95.02,31,ep? s1000
1788338584,16:43:04,64.0,58.0,59.0,59,93.69,27,ep? s1000
1788338589,16:43:09,64.0,59.0,61.0,59,94.62,31,ep? s1000
1788338594,16:43:14,63.0,56.0,59.0,59,94.64,27,ep? s1000
1788338599,16:43:19,64.0,59.0,61.0,59,94.54,25,ep? s1000
1788338604,16:43:24,64.0,60.0,61.0,59,93.49,23,ep? s1000
1788338609,16:43:29,62.0,59.0,61.0,59,95.68,25,ep? s1000
1788338615,16:43:35,64.0,59.0,61.0,59,96.24,27,ep? s1000
1788338620,16:43:40,64.0,59.0,61.0,59,94.91,34,ep? s1000
1788338625,16:43:45,64.0,55.0,59.0,61,93.97,25,ep? s1000
1788338630,16:43:50,65.0,58.0,61.0,59,93.85,34,ep? s1050
1788338635,16:43:55,69.0,59.0,66.0,59,93.65,35,ep? s1050
1788338640,16:44:00,69.0,60.0,62.0,59,94.11,34,ep? s1050
1788338645,16:44:05,67.0,60.0,61.0,59,94.01,35,ep? s1050
1788338650,16:44:10,68.0,59.0,61.0,59,97.63,29,ep? s1050
1788338655,16:44:15,69.0,59.0,61.0,59,97.24,35,ep? s1050
1788338660,16:44:20,64.0,60.0,65.0,60,93.67,29,ep? s1050
1788338665,16:44:25,66.0,60.0,61.0,60,94.80,30,ep? s1050
1788338670,16:44:30,66.0,60.0,62.0,59,94.53,29,ep? s1050
1788338675,16:44:35,66.0,59.0,62.0,59,94.75,29,ep? s1050
1788338680,16:44:40,66.0,60.0,62.0,59,93.79,30,ep? s1100
1788338685,16:44:45,64.0,59.0,58.0,59,94.63,30,ep? s1100
1788338690,16:44:50,65.0,59.0,61.0,59,94.73,30,ep? s1100
1788338695,16:44:55,64.0,63.0,61.0,59,95.00,30,ep? s1100
1788338700,16:45:00,64.0,59.0,62.0,59,93.83,30,ep? s1100
1788338706,16:45:06,65.0,65.0,61.0,59,94.58,30,ep? s1100
1788338711,16:45:11,73.0,60.0,61.0,59,94.86,30,ep? s1100
1788338716,16:45:16,65.0,60.0,62.0,59,94.88,30,ep? s1100
1788338721,16:45:21,65.0,58.0,61.0,59,94.90,31,ep? s1100
1788338726,16:45:26,70.0,58.0,61.0,59,94.87,27,ep? s1100
1788338731,16:45:31,64.0,65.0,61.0,59,94.69,31,ep? s1150
1788338736,16:45:36,63.0,58.0,61.0,59,94.48,27,ep? s1150
1788338741,16:45:41,64.0,58.0,61.0,59,95.92,25,ep? s1150
1788338746,16:45:46,67.0,59.0,63.0,59,96.17,27,ep? s1150
1788338751,16:45:51,63.0,59.0,59.0,60,93.74,25,ep? s1150
1788338756,16:45:56,68.0,59.0,61.0,60,93.99,34,ep? s1150
1788338761,16:46:01,72.0,59.0,63.0,59,94.04,25,ep? s1150
1788338766,16:46:06,67.0,59.0,61.0,59,94.41,34,ep? s1150
1788338771,16:46:11,68.0,58.0,61.0,59,94.52,35,ep? s1150
1788338776,16:46:16,68.0,59.0,61.0,59,96.28,30,ep? s1150
1788338781,16:46:21,71.0,59.0,61.0,59,97.43,35,ep? s1200
1788338786,16:46:26,70.0,58.0,61.0,59,94.61,29,ep? s1200
1788338791,16:46:31,71.0,57.0,61.0,59,94.51,30,ep? s1200
1788338797,16:46:37,64.0,58.0,59.0,59,93.57,30,ep? s1200
1788338802,16:46:42,67.0,57.0,63.0,59,94.82,30,ep? s1200
1788338807,16:46:47,64.0,58.0,58.0,59,93.34,30,ep? s1200
1788338812,16:46:52,64.0,58.0,61.0,59,94.43,31,ep? s1200
1788338817,16:46:57,65.0,58.0,59.0,60,93.64,33,ep? s1200
1788338822,16:47:02,70.0,63.0,61.0,59,93.90,25,ep? s1200
1788338827,16:47:07,71.0,58.0,61.0,59,93.84,33,ep? s1200
1788338832,16:47:12,70.0,58.0,61.0,59,93.98,34,ep? s1250
1788338838,16:47:18,71.0,59.0,62.0,59,93.87,33,ep? s1250
1788338843,16:47:23,79.0,59.0,62.0,59,94.71,31,ep? s1250
1788338848,16:47:28,67.0,59.0,62.0,60,97.32,29,ep? s1250
1788338853,16:47:33,80.0,59.0,61.0,59,94.31,31,ep? s1250
1788338858,16:47:38,63.0,57.0,61.0,59,94.71,29,ep? s1250
1788338863,16:47:43,83.0,60.0,83.0,59,93.62,30,ep? s1250
1788338868,16:47:48,62.0,57.0,59.0,59,94.77,30,ep? s1250
1788338873,16:47:53,80.0,58.0,80.0,59,93.51,31,ep? s1250
1788338878,16:47:58,63.0,56.0,59.0,59,95.00,30,ep? s1250
1788338883,16:48:03,69.0,61.0,61.0,59,94.91,31,ep? s1300
1788338888,16:48:08,66.0,59.0,61.0,59,94.66,30,ep? s1300
1788338893,16:48:13,69.0,64.0,65.0,59,94.50,32,ep? s1300
1788338898,16:48:18,67.0,61.0,63.0,59,95.29,35,ep? s1300
1788338903,16:48:23,74.0,64.0,62.0,59,94.85,32,ep? s1300
1788338908,16:48:28,67.0,58.0,65.0,59,94.58,28,ep? s1300
1788338913,16:48:33,73.0,60.0,61.0,59,96.15,25,ep? s1300
1788338918,16:48:38,66.0,58.0,58.0,59,96.42,28,ep? s1300
1788338923,16:48:43,78.0,59.0,63.0,59,94.81,24,ep? s1300
1788338928,16:48:48,67.0,60.0,59.0,59,94.01,33,ep? s1300
1788338933,16:48:53,76.0,61.0,67.0,60,94.29,35,ep? s1350
1788338939,16:48:59,69.0,59.0,61.0,59,94.26,33,ep? s1350
1788338944,16:49:04,70.0,60.0,62.0,59,94.45,35,ep? s1350
1788338949,16:49:09,69.0,58.0,61.0,59,97.08,29,ep? s1350
1788338954,16:49:14,68.0,62.0,57.0,59,95.43,29,ep? s1350
1788338959,16:49:19,68.0,57.0,63.0,59,97.10,35,ep? s1350
1788338964,16:49:24,74.0,74.0,58.0,60,96.29,30,ep? s1350
1788338969,16:49:29,64.0,58.0,59.0,60,97.49,35,ep? s1350
1788338974,16:49:34,73.0,73.0,59.0,59,94.50,30,ep? s1350
1788338979,16:49:39,66.0,58.0,65.0,59,94.71,30,ep? s1350
1788338984,16:49:44,68.0,59.0,62.0,59,94.61,31,ep? s1400
1788338989,16:49:49,64.0,58.0,61.0,59,94.79,30,ep? s1400
1788338994,16:49:54,71.0,60.0,61.0,59,94.84,31,ep? s1400
1788338999,16:49:59,63.0,58.0,59.0,59,95.22,30,ep? s1400
1788339004,16:50:04,77.0,59.0,59.0,59,94.76,31,ep? s1400
1788339009,16:50:09,64.0,58.0,58.0,59,94.53,30,ep? s1400
1788339014,16:50:14,76.0,62.0,76.0,60,94.71,31,ep? s1400
1788339019,16:50:19,65.0,59.0,57.0,59,94.70,31,ep? s1400
1788339024,16:50:24,72.0,72.0,57.0,59,93.85,25,ep? s1400
1788339029,16:50:29,67.0,60.0,66.0,59,95.04,31,ep? s1400
1788339035,16:50:35,75.0,64.0,58.0,59,94.04,21,ep? s1450
1788339040,16:50:40,65.0,60.0,58.0,59,96.30,25,ep? s1450
1788339045,16:50:45,75.0,61.0,75.0,59,96.32,27,ep? s1450
1788339050,16:50:50,64.0,58.0,58.0,59,95.10,24,ep? s1450
1788339055,16:50:55,69.0,59.0,57.0,60,94.10,26,ep? s1450
1788339060,16:51:00,75.0,58.0,58.0,59,94.39,35,ep? s1450
1788339065,16:51:05,72.0,58.0,59.0,59,94.37,35,ep? s1450
1788339070,16:51:10,68.0,56.0,59.0,59,94.35,34,ep? s1450
1788339075,16:51:15,70.0,56.0,61.0,59,97.70,36,ep? s1450
1788339080,16:51:20,64.0,58.0,58.0,60,94.26,29,ep? s1450
1788339085,16:51:25,73.0,73.0,59.0,60,97.80,35,ep? s1500
1788339090,16:51:30,64.0,60.0,61.0,59,93.90,30,ep? s1500
1788339095,16:51:35,85.0,58.0,85.0,59,94.78,31,ep? s1500
1788339100,16:51:40,64.0,60.0,59.0,59,95.11,30,ep? s1500
1788339105,16:51:45,81.0,59.0,66.0,59,95.43,29,ep? s1500
1788339110,16:51:50,63.0,58.0,62.0,59,95.18,30,ep? s1500
1788339115,16:51:55,80.0,58.0,59.0,59,95.61,31,ep? s1500
1788339121,16:52:01,68.0,61.0,61.0,59,94.42,33,ep? s1500
1788339126,16:52:06,80.0,59.0,59.0,59,94.51,35,ep? s1500
1788339131,16:52:11,65.0,58.0,59.0,59,94.36,33,ep? s1500
1788339136,16:52:16,76.0,60.0,62.0,59,97.90,35,ep? s1550
1788339141,16:52:21,72.0,59.0,59.0,59,97.71,29,ep? s1550
1788339146,16:52:26,76.0,62.0,76.0,60,94.99,30,ep? s1550
1788339151,16:52:31,62.0,59.0,61.0,60,96.07,32,ep? s1550
1788339156,16:52:36,73.0,62.0,62.0,60,95.26,30,ep? s1550
1788339161,16:52:41,63.0,59.0,62.0,59,95.24,30,ep? s1550
1788339166,16:52:46,74.0,59.0,61.0,59,95.46,30,ep? s1550
1788339171,16:52:51,64.0,61.0,61.0,59,95.36,30,ep? s1550
1788339177,16:52:57,67.0,61.0,61.0,59,93.82,30,ep? s1550
1788339182,16:53:02,64.0,60.0,62.0,59,95.19,31,ep? s1550
1788339187,16:53:07,70.0,60.0,59.0,59,95.12,30,ep? s1550
1788339192,16:53:12,65.0,61.0,65.0,59,95.41,31,ep? s1600
1788339197,16:53:17,68.0,68.0,65.0,59,94.04,30,ep? s1600
1788339202,16:53:22,64.0,59.0,61.0,59,95.12,31,ep? s1600
1788339207,16:53:27,75.0,62.0,58.0,59,94.70,30,ep? s1600
1788339212,16:53:32,64.0,58.0,59.0,59,94.83,31,ep? s1600
1788339217,16:53:37,80.0,65.0,61.0,59,94.85,28,ep? s1600
1788339222,16:53:42,64.0,59.0,59.0,59,96.59,25,ep? s1600
1788339227,16:53:47,69.0,69.0,58.0,59,95.76,28,ep? s1600
1788339232,16:53:52,82.0,60.0,59.0,60,93.97,25,ep? s1600
1788339237,16:53:57,68.0,68.0,58.0,60,94.10,33,ep? s1600
1788339242,16:54:02,72.0,60.0,59.0,59,94.28,35,ep? s1650
1788339247,16:54:07,78.0,60.0,78.0,59,94.20,33,ep? s1650
1788339252,16:54:12,64.0,59.0,61.0,59,94.32,35,ep? s1650
1788339257,16:54:17,76.0,59.0,61.0,59,94.50,33,ep? s1650
1788339262,16:54:22,69.0,59.0,58.0,59,90.18,30,ep? s1650
1788339267,16:54:27,73.0,59.0,69.0,60,97.63,29,ep? s1650
1788339273,16:54:33,64.0,60.0,62.0,59,93.94,30,ep? s1650
1788339278,16:54:38,80.0,60.0,61.0,59,95.07,29,ep? s1650
1788339283,16:54:43,62.0,60.0,61.0,59,95.23,30,ep? s1650
1788339288,16:54:48,73.0,61.0,67.0,59,95.00,30,ep? s1650
1788339293,16:54:53,64.0,60.0,61.0,59,94.79,30,ep? s1700
1788339298,16:54:58,71.0,71.0,61.0,59,94.93,30,ep? s1700
1788339303,16:55:03,67.0,61.0,62.0,59,94.85,30,ep? s1700
1788339308,16:55:08,77.0,59.0,59.0,59,95.29,30,ep? s1700
1788339313,16:55:13,67.0,60.0,62.0,59,94.76,30,ep? s1700
1788339318,16:55:18,80.0,60.0,80.0,59,95.16,31,ep? s1700
1788339323,16:55:23,75.0,61.0,59.0,59,94.59,30,ep? s1700
1788339328,16:55:28,75.0,61.0,67.0,59,94.51,31,ep? s1700
1788339333,16:55:33,67.0,64.0,61.0,59,91.71,24,ep? s1700
1788339338,16:55:38,74.0,74.0,59.0,59,96.66,25,ep? s1700
1788339343,16:55:43,67.0,60.0,59.0,59,96.18,29,ep? s1750
1788339348,16:55:48,75.0,62.0,61.0,59,93.35,17,ep? s1750
1788339353,16:55:53,68.0,65.0,59.0,59,94.58,33,ep? s1750
1788339358,16:55:58,70.0,70.0,66.0,60,96.35,27,ep? s1750
1788339363,16:56:03,69.0,59.0,58.0,59,93.32,29,ep? s1750
1788339368,16:56:08,78.0,58.0,61.0,59,93.28,33,ep? s1750
1788339374,16:56:14,70.0,58.0,58.0,59,94.23,26,ep? s1750
1788339379,16:56:19,64.0,59.0,58.0,59,94.06,33,ep? s1750
1788339384,16:56:24,72.0,58.0,65.0,59,94.52,35,ep? s1750
1788339389,16:56:29,73.0,60.0,61.0,59,97.76,29,ep? s1750
1788339394,16:56:34,67.0,59.0,61.0,60,96.76,35,ep? s1800
1788339399,16:56:39,75.0,58.0,66.0,60,97.70,29,ep? s1800
1788339404,16:56:44,64.0,58.0,58.0,59,94.92,30,ep? s1800
1788339409,16:56:49,67.0,60.0,58.0,59,94.81,29,ep? s1800
1788339414,16:56:54,65.0,60.0,58.0,59,95.11,30,ep? s1800
1788339419,16:56:59,64.0,58.0,61.0,59,95.26,30,ep? s1800
1788339425,16:57:05,67.0,58.0,66.0,59,96.87,25,ep? s1800
1788339430,16:57:10,66.0,58.0,66.0,59,95.30,33,ep? s1800
1788339435,16:57:15,67.0,60.0,65.0,60,94.10,25,ep? s1800
1788339440,16:57:20,73.0,62.0,59.0,60,94.19,33,ep? s1800
1788339445,16:57:25,71.0,60.0,65.0,59,94.28,35,ep? s1850
1788339450,16:57:30,72.0,61.0,65.0,59,97.37,29,ep? s1850
1788339455,16:57:35,66.0,59.0,65.0,59,94.57,34,ep? s1850
1788339460,16:57:40,71.0,59.0,63.0,59,96.48,29,ep? s1850
1788339465,16:57:45,71.0,62.0,61.0,59,98.15,29,ep? s1850
1788339470,16:57:50,67.0,59.0,61.0,60,96.33,33,ep? s1850
1788339475,16:57:55,67.0,58.0,61.0,61,94.90,29,ep? s1850
1788339480,16:58:00,65.0,58.0,67.0,59,95.16,30,ep? s1850
1788339485,16:58:05,67.0,59.0,61.0,59,95.27,30,ep? s1850
1788339490,16:58:10,65.0,56.0,61.0,59,94.99,30,ep? s1850
1788339495,16:58:15,65.0,59.0,67.0,59,94.86,30,ep? s1900
1788339500,16:58:20,72.0,61.0,61.0,59,95.19,30,ep? s1900
1788339506,16:58:26,67.0,58.0,62.0,59,94.71,30,ep? s1900
1788339511,16:58:31,65.0,58.0,61.0,59,95.23,30,ep? s1900
1788339516,16:58:36,65.0,60.0,61.0,59,95.36,30,ep? s1900
1788339521,16:58:41,67.0,61.0,62.0,59,91.16,31,ep? s1900
1788339526,16:58:46,64.0,56.0,61.0,59,95.18,30,ep? s1900
1788339531,16:58:51,65.0,56.0,62.0,59,95.35,31,ep? s1900
1788339536,16:58:56,66.0,58.0,66.0,59,95.49,30,ep? s1900
1788339541,16:59:01,65.0,58.0,62.0,59,96.30,25,ep? s1900
1788339546,16:59:06,67.0,56.0,63.0,59,95.52,29,ep? s1950
1788339551,16:59:11,67.0,57.0,61.0,60,93.56,25,ep? s1950
1788339556,16:59:16,69.0,59.0,63.0,59,95.34,32,ep? s1950
1788339561,16:59:21,69.0,58.0,67.0,59,93.64,35,ep? s1950
1788339566,16:59:26,70.0,61.0,62.0,59,94.40,32,ep? s1950
1788339571,16:59:31,71.0,59.0,65.0,59,93.73,35,ep? s1950
1788339576,16:59:36,70.0,58.0,61.0,59,95.98,31,ep? s1950
1788339581,16:59:41,69.0,58.0,62.0,59,97.83,29,ep? s1950
1788339586,16:59:46,64.0,59.0,67.0,60,96.07,33,ep? s1950
1788339591,16:59:51,65.0,59.0,62.0,60,97.56,29,ep? s1950
1788339596,16:59:56,67.0,59.0,63.0,59,94.95,30,ep? s2000
1788339601,17:00:01,65.0,58.0,63.0,59,94.86,29,ep? s2000
1788339607,17:00:07,66.0,59.0,63.0,59,95.03,30,ep? s2000
1788339612,17:00:12,66.0,59.0,61.0,59,94.84,30,ep? s2000
1788339617,17:00:17,66.0,59.0,61.0,59,94.73,30,ep? s2000
1788339622,17:00:22,66.0,59.0,61.0,59,94.89,30,ep? s2000
1788339627,17:00:27,66.0,58.0,62.0,59,94.91,30,ep? s2000
1788339632,17:00:32,66.0,58.0,59.0,59,94.80,30,ep? s2000
1788339637,17:00:37,66.0,55.0,59.0,59,93.89,30,ep? s2000
1788339642,17:00:42,66.0,59.0,62.0,59,95.31,30,ep? s2000
1788339647,17:00:47,66.0,56.0,59.0,59,93.90,31,ep? s2050
1788339652,17:00:52,66.0,56.0,62.0,59,95.19,30,ep? s2050
1788339657,17:00:57,66.0,56.0,59.0,59,94.97,30,ep? s2050
1788339662,17:01:02,66.0,59.0,61.0,59,95.00,29,ep? s2050
1788339667,17:01:07,67.0,59.0,62.0,59,95.09,27,ep? s2050
1788339672,17:01:12,65.0,65.0,61.0,59,95.12,30,ep? s2050
1788339677,17:01:17,66.0,60.0,61.0,59,95.02,28,ep? s2050
1788339682,17:01:22,66.0,59.0,62.0,59,96.77,25,ep? s2050
1788339687,17:01:27,66.0,61.0,59.0,59,96.11,29,ep? s2050
1788339693,17:01:33,67.0,60.0,61.0,60,96.78,25,ep? s2050
1788339698,17:01:38,66.0,59.0,61.0,60,95.09,33,ep? s2100
1788339703,17:01:43,70.0,59.0,61.0,60,95.86,25,ep? s2100
1788339708,17:01:48,69.0,59.0,62.0,59,94.15,33,ep? s2100
1788339713,17:01:53,77.0,55.0,62.0,59,93.59,34,ep? s2100
1788339718,17:01:58,69.0,63.0,61.0,59,96.64,29,ep? s2100
1788339723,17:02:03,72.0,62.0,61.0,59,94.23,34,ep? s2100
1788339728,17:02:08,68.0,55.0,62.0,59,94.77,30,ep? s2100
1788339734,17:02:14,65.0,56.0,61.0,59,94.99,33,ep? s2100
1788339739,17:02:19,67.0,58.0,65.0,59,94.89,29,ep? s2100
1788339744,17:02:24,65.0,56.0,61.0,59,94.84,34,ep? s2100
1788339749,17:02:29,65.0,58.0,59.0,59,96.55,28,ep? s2150
1788339754,17:02:34,66.0,58.0,62.0,59,95.97,24,ep? s2150
1788339759,17:02:39,67.0,59.0,61.0,60,94.36,33,ep? s2150
1788339764,17:02:44,69.0,59.0,62.0,60,95.33,23,ep? s2150
1788339769,17:02:49,69.0,60.0,61.0,59,95.03,33,ep? s2150
1788339774,17:02:54,70.0,60.0,66.0,59,94.62,34,ep? s2150
1788339779,17:02:59,69.0,66.0,61.0,59,97.22,29,ep? s2150
1788339784,17:03:04,72.0,60.0,62.0,59,94.68,34,ep? s2150
1788339789,17:03:09,69.0,60.0,62.0,59,88.37,27,ep? s2150
1788339794,17:03:14,66.0,59.0,61.0,60,97.89,30,ep? s2150
1788339799,17:03:19,65.0,60.0,61.0,60,97.44,29,ep? s2200
1788339804,17:03:24,64.0,58.0,61.0,59,95.30,30,ep? s2200
1788339809,17:03:29,65.0,59.0,62.0,59,94.19,30,ep? s2200
1788339814,17:03:34,65.0,58.0,63.0,59,95.22,30,ep? s2200
1788339819,17:03:39,67.0,58.0,62.0,59,93.77,30,ep? s2200
1788339824,17:03:44,65.0,55.0,65.0,59,95.36,30,ep? s2200
1788339829,17:03:49,67.0,59.0,63.0,59,95.41,31,ep? s2200
1788339835,17:03:55,65.0,58.0,61.0,60,95.43,30,ep? s2200
1788339840,17:04:00,67.0,59.0,62.0,59,95.17,31,ep? s2200
1788339845,17:04:05,67.0,59.0,61.0,59,95.26,30,ep? s2200
1788339850,17:04:10,65.0,58.0,62.0,59,95.22,32,ep? s2250
1788339855,17:04:15,65.0,59.0,61.0,59,94.97,29,ep? s2250
1788339860,17:04:20,64.0,54.0,61.0,60,94.82,23,ep? s2250
1788339865,17:04:25,65.0,58.0,59.0,59,95.94,28,ep? s2250
1788339870,17:04:30,65.0,58.0,61.0,59,95.02,23,ep? s2250
1788339875,17:04:35,69.0,59.0,59.0,60,94.19,33,ep? s2250
1788339880,17:04:40,67.0,57.0,63.0,60,94.18,34,ep? s2250
1788339885,17:04:45,68.0,55.0,57.0,59,94.14,33,ep? s2250
1788339890,17:04:50,69.0,56.0,61.0,59,96.84,34,ep? s2250
1788339895,17:04:55,68.0,58.0,58.0,59,94.60,33,ep? s2250
1788339900,17:05:00,66.0,59.0,63.0,59,97.65,35,ep? s2300
1788339905,17:05:05,67.0,65.0,62.0,60,95.12,29,ep? s2300
1788339910,17:05:10,65.0,58.0,63.0,60,95.27,30,ep? s2300
1788339915,17:05:15,67.0,59.0,62.0,59,95.23,30,ep? s2300
1788339920,17:05:20,66.0,59.0,61.0,59,95.13,30,ep? s2300
1788339925,17:05:25,66.0,59.0,61.0,59,95.07,30,ep? s2300
1788339931,17:05:31,67.0,58.0,61.0,59,94.96,30,ep? s2300
1788339936,17:05:36,66.0,58.0,61.0,59,95.07,30,ep? s2300
1788339941,17:05:41,66.0,59.0,61.0,59,93.96,30,ep? s2300
1788339946,17:05:46,66.0,59.0,59.0,59,94.90,31,ep? s2300
1788339951,17:05:51,71.0,60.0,62.0,59,95.15,30,ep? s2300
1788339956,17:05:56,66.0,56.0,62.0,59,95.60,31,ep? s2350
1788339961,17:06:01,67.0,59.0,61.0,59,95.34,30,ep? s2350
1788339966,17:06:06,67.0,58.0,62.0,59,95.12,31,ep? s2350
1788339971,17:06:11,66.0,58.0,61.0,59,95.22,30,ep? s2350
1788339976,17:06:16,67.0,58.0,61.0,59,95.27,33,ep? s2350
1788339981,17:06:21,65.0,59.0,58.0,59,93.61,33,ep2
1788339986,17:06:26,69.0,58.0,61.0,59,94.41,34,ep2
1788339991,17:06:31,70.0,57.0,58.0,59,94.30,25,ep2
1788339996,17:06:36,72.0,59.0,65.0,59,94.34,34,ep2
1788340001,17:06:41,71.0,59.0,61.0,59,94.59,35,ep2
1788340006,17:06:46,70.0,58.0,62.0,60,94.30,30,ep2
1788340011,17:06:51,66.0,59.0,62.0,60,96.22,33,ep2
1788340016,17:06:56,67.0,65.0,62.0,59,95.38,29,ep2
1788340022,17:07:02,67.0,58.0,61.0,59,95.23,30,ep2
1788340027,17:07:07,65.0,58.0,63.0,59,94.94,30,ep2
1788340032,17:07:12,67.0,58.0,58.0,60,96.82,33,ep2
1788340037,17:07:17,64.0,56.0,59.0,59,94.23,25,ep2
1788340042,17:07:22,69.0,60.0,58.0,59,94.68,34,ep2
1788340047,17:07:27,68.0,57.0,57.0,59,94.36,35,ep2
1788340052,17:07:32,69.0,56.0,62.0,60,94.88,29,ep2
1788340057,17:07:37,64.0,56.0,59.0,60,96.64,34,ep2
1788340062,17:07:42,72.0,72.0,59.0,59,95.08,29,ep2
1788340068,17:07:48,67.0,60.0,62.0,59,95.52,37,ep2
1788340073,17:07:53,65.0,56.0,62.0,59,95.23,30,ep2
1788340078,17:07:58,65.0,56.0,63.0,59,94.83,30,ep2
1788340083,17:08:03,67.0,55.0,65.0,59,93.62,30,ep2
1788340088,17:08:08,65.0,55.0,59.0,59,94.91,30,ep2
1788340093,17:08:13,65.0,56.0,59.0,59,95.21,30,ep2
1788340098,17:08:18,65.0,60.0,61.0,59,95.43,30,ep2
1788340103,17:08:23,67.0,59.0,63.0,59,95.29,31,ep2
1788340108,17:08:28,65.0,59.0,62.0,59,95.20,30,ep2
1788340113,17:08:33,67.0,59.0,59.0,59,94.79,31,ep2
1788340118,17:08:38,67.0,59.0,61.0,59,94.79,28,ep2
1788340123,17:08:43,67.0,59.0,59.0,59,96.36,25,ep2
1788340128,17:08:48,62.0,59.0,57.0,60,96.91,28,ep2
1788340133,17:08:53,69.0,59.0,61.0,60,94.38,25,ep2
1788340138,17:08:58,71.0,60.0,62.0,59,94.32,34,ep2
1788340143,17:09:03,69.0,60.0,59.0,59,94.39,35,ep2
1788340148,17:09:08,71.0,59.0,62.0,59,95.08,34,ep2
1788340153,17:09:13,68.0,59.0,58.0,59,97.92,35,ep2
1788340158,17:09:18,67.0,59.0,59.0,60,95.09,30,ep2
1788340164,17:09:24,65.0,58.0,58.0,60,94.71,30,ep2
1788340169,17:09:29,64.0,55.0,58.0,59,94.86,30,ep2
1788340174,17:09:34,65.0,55.0,59.0,59,94.58,30,ep2
1788340179,17:09:39,64.0,56.0,59.0,59,93.52,30,ep2
1788340184,17:09:44,66.0,56.0,66.0,59,94.83,30,ep2
1788340189,17:09:49,64.0,56.0,59.0,59,95.25,30,ep2
1788340194,17:09:54,64.0,60.0,59.0,59,95.10,30,ep2
1788340199,17:09:59,64.0,61.0,61.0,59,94.28,31,ep2
1788340204,17:10:04,67.0,67.0,61.0,59,95.22,30,ep2
1788340209,17:10:09,64.0,58.0,57.0,59,95.41,31,ep2
1788340214,17:10:14,68.0,59.0,58.0,59,95.48,23,ep2
1788340219,17:10:19,64.0,56.0,59.0,59,93.87,28,ep2
1788340224,17:10:24,62.0,59.0,57.0,60,95.38,24,ep2
1788340229,17:10:29,65.0,58.0,58.0,59,94.33,27,ep2
1788340234,17:10:34,69.0,59.0,58.0,59,94.54,34,ep2
1788340239,17:10:39,67.0,58.0,57.0,59,94.37,27,ep2
1788340244,17:10:44,69.0,58.0,57.0,59,97.30,34,ep2
1788340249,17:10:49,68.0,59.0,58.0,59,97.72,29,ep2
1788340254,17:10:54,64.0,59.0,61.0,60,95.28,30,ep2
1788340260,17:11:00,67.0,59.0,61.0,60,95.58,29,ep2
1788340265,17:11:05,67.0,59.0,61.0,59,95.12,30,ep2
1788340270,17:11:10,65.0,66.0,59.0,59,95.11,30,ep2
1788340275,17:11:15,68.0,59.0,65.0,59,94.03,29,ep2
1788340280,17:11:20,67.0,59.0,62.0,59,95.39,30,ep2
1788340285,17:11:25,81.0,59.0,61.0,59,95.19,30,ep2
1788340290,17:11:30,67.0,58.0,69.0,59,95.43,30,ep2
1788340295,17:11:35,67.0,58.0,59.0,59,95.53,31,ep2
1788340300,17:11:40,64.0,58.0,58.0,60,95.29,30,ep2
1788340305,17:11:45,67.0,56.0,59.0,59,95.32,30,ep2
1788340310,17:11:50,64.0,58.0,57.0,59,95.44,30,ep2
1788340315,17:11:55,65.0,58.0,59.0,59,95.19,30,ep2
1788340320,17:12:00,67.0,59.0,57.0,59,95.36,30,ep2
1788340325,17:12:05,69.0,59.0,69.0,59,95.13,27,ep2
1788340330,17:12:10,65.0,60.0,62.0,60,96.10,27,ep2
1788340336,17:12:16,68.0,59.0,61.0,59,97.84,30,ep2
1788340341,17:12:21,67.0,59.0,58.0,60,95.18,29,ep2
1788340346,17:12:26,65.0,56.0,59.0,60,97.45,30,ep2
1788340351,17:12:31,67.0,58.0,61.0,59,94.20,30,ep2
1788340356,17:12:36,65.0,62.0,59.0,59,95.18,29,ep2
1788340361,17:12:41,67.0,58.0,61.0,59,95.52,30,ep2
1788340366,17:12:46,65.0,59.0,61.0,59,95.60,30,ep2
1788340371,17:12:51,67.0,59.0,61.0,59,95.38,30,ep2
1788340377,17:12:57,66.0,60.0,61.0,59,95.65,30,ep2
1788340382,17:13:02,66.0,59.0,61.0,59,95.09,31,ep2
1788340387,17:13:07,67.0,63.0,62.0,59,95.64,30,ep2
1788340392,17:13:12,67.0,59.0,61.0,59,95.09,30,ep2
1788340397,17:13:17,73.0,73.0,59.0,60,95.36,30,ep2
1788340402,17:13:22,67.0,59.0,62.0,59,95.12,30,ep2
1788340407,17:13:27,67.0,58.0,61.0,59,95.43,29,ep2
1788340412,17:13:32,65.0,58.0,62.0,59,95.14,30,ep2
1788340417,17:13:37,67.0,59.0,61.0,60,94.88,30,ep2
1788340422,17:13:42,65.0,56.0,65.0,59,94.83,27,ep2
1788340427,17:13:47,67.0,59.0,62.0,59,92.32,25,ep2
1788340432,17:13:52,67.0,56.0,65.0,59,96.42,28,ep2
1788340437,17:13:57,64.0,57.0,62.0,60,96.47,26,ep2
1788340442,17:14:02,64.0,58.0,62.0,60,96.59,28,ep2
1788340447,17:14:07,67.0,60.0,61.0,60,93.48,25,ep2
1788340452,17:14:12,67.0,57.0,62.0,60,93.80,33,ep2
1788340457,17:14:17,71.0,58.0,61.0,59,93.40,35,ep2
1788340462,17:14:22,81.0,64.0,62.0,59,94.14,33,ep2
1788340467,17:14:27,71.0,58.0,62.0,59,97.17,34,ep2
1788340473,17:14:33,69.0,58.0,61.0,60,97.69,29,ep2
1788340478,17:14:38,67.0,58.0,61.0,60,94.88,30,ep2
1788340483,17:14:43,66.0,59.0,59.0,59,95.08,30,ep2
1788340488,17:14:48,72.0,63.0,61.0,59,94.89,29,ep2
1788340493,17:14:53,66.0,59.0,63.0,59,94.74,30,ep2
1788340498,17:14:58,66.0,59.0,61.0,59,94.87,30,ep2
1788340503,17:15:03,66.0,56.0,59.0,59,94.96,30,ep2
1788340508,17:15:08,64.0,58.0,61.0,59,94.91,30,ep2
1788340513,17:15:13,73.0,73.0,63.0,59,95.14,30,ep2
1788340518,17:15:18,67.0,61.0,61.0,59,94.88,30,ep2
1788340523,17:15:23,67.0,59.0,62.0,59,94.57,30,ep2
1788340528,17:15:28,66.0,65.0,59.0,59,94.89,30,ep2
1788340533,17:15:33,67.0,58.0,61.0,59,94.71,30,ep2
1788340538,17:15:38,71.0,71.0,61.0,59,94.60,28,ep2
1788340543,17:15:43,66.0,64.0,61.0,59,94.79,31,ep2
1788340548,17:15:48,71.0,71.0,59.0,59,95.99,28,ep2
1788340553,17:15:53,67.0,56.0,63.0,60,96.42,25,ep2
1788340558,17:15:58,68.0,58.0,61.0,60,96.29,28,ep2
1788340563,17:16:03,68.0,59.0,61.0,60,93.76,17,ep2
1788340569,17:16:09,69.0,58.0,59.0,60,94.51,32,ep2
1788340574,17:16:14,67.0,58.0,61.0,60,95.95,27,ep2
1788340579,17:16:19,72.0,59.0,58.0,60,94.56,33,ep2
1788340584,17:16:24,65.0,56.0,59.0,59,93.51,34,ep2
1788340589,17:16:29,72.0,59.0,58.0,59,94.57,34,ep2
1788340594,17:16:34,69.0,59.0,65.0,59,95.64,34,ep2
1788340599,17:16:39,70.0,59.0,61.0,60,97.89,29,ep2
1788340604,17:16:44,65.0,59.0,61.0,60,95.17,30,ep2
1788340609,17:16:49,66.0,59.0,62.0,59,95.55,29,ep2
1788340614,17:16:54,66.0,59.0,58.0,59,95.06,30,ep2
1788340619,17:16:59,66.0,58.0,61.0,59,95.10,30,ep2
1788340624,17:17:04,66.0,58.0,59.0,59,94.97,30,ep2
1788340629,17:17:09,66.0,56.0,58.0,59,95.09,30,ep2
1788340634,17:17:14,66.0,59.0,61.0,59,95.43,30,ep2
1788340640,17:17:20,67.0,59.0,61.0,61,94.75,33,ep2
1788340645,17:17:25,67.0,56.0,61.0,59,94.53,34,ep2
1788340650,17:17:30,72.0,59.0,61.0,59,94.72,33,ep2
1788340655,17:17:35,69.0,62.0,61.0,59,95.79,34,ep2
1788340660,17:17:40,73.0,56.0,62.0,60,93.53,29,ep2
1788340665,17:17:45,67.0,58.0,59.0,60,97.79,29,ep2
1788340670,17:17:50,69.0,56.0,61.0,59,97.47,36,ep2
1788340675,17:17:55,66.0,58.0,62.0,59,95.17,29,ep2
1788340680,17:18:00,66.0,58.0,61.0,59,93.83,30,ep2
1788340685,17:18:05,66.0,58.0,61.0,59,95.33,30,ep2
1788340690,17:18:10,67.0,59.0,61.0,59,91.92,30,ep2
1788340695,17:18:15,67.0,58.0,61.0,59,95.24,30,ep2
1788340701,17:18:21,66.0,58.0,61.0,59,95.11,30,ep2
1788340706,17:18:26,77.0,58.0,63.0,59,95.20,30,ep2
1788340711,17:18:31,66.0,58.0,62.0,59,95.00,30,ep2
1788340716,17:18:36,67.0,56.0,61.0,59,95.13,30,ep2
1788340721,17:18:41,67.0,56.0,59.0,59,95.49,31,ep2
1788340726,17:18:46,67.0,58.0,59.0,59,95.17,30,ep2
1788340731,17:18:51,67.0,56.0,59.0,59,95.08,31,ep2
1788340736,17:18:56,66.0,58.0,59.0,59,95.15,25,ep2
1788340741,17:19:01,64.0,56.0,61.0,60,97.00,25,ep2
1788340746,17:19:06,67.0,56.0,61.0,60,95.41,23,ep2
1788340751,17:19:11,67.0,61.0,61.0,60,96.82,25,ep2
1788340756,17:19:16,68.0,58.0,61.0,60,93.90,34,ep2
1788340761,17:19:21,67.0,58.0,61.0,60,94.86,25,ep2
1788340766,17:19:26,70.0,66.0,59.0,59,93.72,26,ep2
1788340771,17:19:31,68.0,68.0,59.0,59,95.82,29,ep2
1788340776,17:19:36,69.0,60.0,62.0,60,94.00,35,ep2
1788340781,17:19:41,66.0,59.0,61.0,60,95.03,29,ep2
1788340786,17:19:46,66.0,59.0,62.0,59,94.15,30,ep2
1788340791,17:19:51,66.0,58.0,61.0,59,95.33,30,ep2
1788340797,17:19:57,66.0,59.0,61.0,59,95.53,30,ep2
1788340802,17:20:02,66.0,58.0,61.0,59,95.34,30,ep2
1788340807,17:20:07,67.0,59.0,61.0,59,95.20,30,ep2
1788340812,17:20:12,66.0,58.0,59.0,59,95.23,30,ep2
1788340817,17:20:17,66.0,67.0,61.0,59,95.53,30,ep2
1788340822,17:20:22,73.0,61.0,61.0,59,95.54,30,ep2
1788340827,17:20:27,67.0,59.0,61.0,60,95.40,30,ep2
1788340832,17:20:32,66.0,58.0,62.0,59,95.29,30,ep2
1788340837,17:20:37,66.0,56.0,61.0,59,95.32,30,ep2
1788340842,17:20:42,66.0,60.0,61.0,60,95.33,31,ep2
1788340847,17:20:47,67.0,60.0,59.0,59,95.35,28,ep2
1788340852,17:20:52,66.0,61.0,59.0,59,95.01,31,ep2
1788340857,17:20:57,67.0,61.0,66.0,59,97.39,28,ep2
1788340862,17:21:02,66.0,56.0,61.0,60,95.64,23,ep2
1788340867,17:21:07,66.0,58.0,61.0,60,96.89,33,ep2
1788340872,17:21:12,76.0,56.0,58.0,59,94.45,26,ep2
1788340877,17:21:17,68.0,54.0,58.0,59,94.97,33,ep2
1788340882,17:21:22,69.0,56.0,57.0,59,93.92,36,ep2
1788340887,17:21:27,69.0,58.0,59.0,59,98.03,29,ep2
1788340893,17:21:33,71.0,58.0,61.0,59,89.93,30,ep2
1788340898,17:21:38,68.0,58.0,62.0,60,97.61,29,ep2
1788340903,17:21:43,68.0,59.0,62.0,60,95.71,30,ep2
1788340908,17:21:48,67.0,60.0,62.0,61,95.08,29,ep2
1788340913,17:21:53,65.0,58.0,61.0,61,95.46,30,ep2
1788340918,17:21:58,67.0,60.0,61.0,59,95.21,30,ep2
1788340923,17:22:03,65.0,62.0,65.0,59,95.41,30,ep2
1788340928,17:22:08,69.0,59.0,65.0,59,95.54,30,ep2
1788340933,17:22:13,65.0,58.0,59.0,59,95.00,30,ep2
1788340938,17:22:18,73.0,58.0,62.0,59,95.37,30,ep2
1788340944,17:22:24,71.0,55.0,65.0,61,94.53,34,ep2
1788340949,17:22:29,69.0,63.0,62.0,59,94.55,33,ep2
1788340954,17:22:34,76.0,58.0,61.0,59,94.24,34,ep2
1788340959,17:22:39,69.0,56.0,61.0,59,94.02,29,ep2
1788340964,17:22:44,68.0,68.0,59.0,59,97.02,30,ep2
1788340969,17:22:49,67.0,60.0,59.0,60,94.00,29,ep2
1788340974,17:22:54,75.0,57.0,67.0,60,96.25,30,ep2
1788340979,17:22:59,65.0,58.0,65.0,60,97.88,35,ep2
1788340984,17:23:04,78.0,59.0,61.0,59,95.22,29,ep2
1788340989,17:23:09,67.0,60.0,65.0,59,96.02,32,ep2
1788340994,17:23:14,82.0,59.0,82.0,59,95.26,31,ep2
1788340999,17:23:19,73.0,58.0,62.0,59,95.09,30,ep2
1788341004,17:23:24,69.0,61.0,61.0,59,95.34,31,ep2
1788341009,17:23:29,64.0,59.0,61.0,59,95.31,30,ep2
1788341014,17:23:34,79.0,61.0,62.0,59,95.06,31,ep2
1788341019,17:23:39,65.0,58.0,61.0,59,95.18,30,ep2
1788341025,17:23:45,74.0,59.0,62.0,59,95.34,31,ep2
1788341030,17:23:50,65.0,61.0,58.0,59,95.22,29,ep2
1788341035,17:23:55,69.0,64.0,61.0,59,95.21,26,ep2
1788341040,17:24:00,67.0,60.0,62.0,59,94.99,30,ep2
1788341045,17:24:05,82.0,60.0,82.0,59,96.44,25,ep2
1788341050,17:24:10,81.0,56.0,58.0,60,95.20,30,ep2
1788341055,17:24:15,80.0,59.0,80.0,60,93.90,25,ep2
1788341060,17:24:20,72.0,59.0,56.0,59,94.36,32,ep2
1788341065,17:24:25,72.0,72.0,62.0,59,93.53,35,ep2
1788341070,17:24:30,70.0,59.0,62.0,59,97.15,29,ep2
1788341075,17:24:35,72.0,58.0,61.0,60,88.04,28,ep2
1788341080,17:24:40,71.0,60.0,59.0,60,95.23,29,ep2
1788341085,17:24:45,73.0,73.0,61.0,60,96.31,30,ep2
1788341090,17:24:50,65.0,59.0,61.0,59,95.05,30,ep2
1788341095,17:24:55,71.0,65.0,61.0,59,94.82,31,ep2
1788341100,17:25:00,64.0,58.0,62.0,59,95.00,30,ep2
1788341105,17:25:05,81.0,61.0,62.0,59,95.34,30,ep2
1788341110,17:25:10,67.0,59.0,62.0,59,95.19,30,ep2
1788341115,17:25:15,76.0,63.0,69.0,59,95.08,30,ep2
1788341120,17:25:20,65.0,59.0,61.0,59,95.02,30,ep2
1788341126,17:25:26,73.0,73.0,62.0,60,95.20,30,ep2
1788341131,17:25:31,65.0,59.0,61.0,59,95.21,29,ep2
1788341136,17:25:36,72.0,63.0,62.0,59,95.05,30,ep2
1788341141,17:25:41,80.0,58.0,62.0,59,94.88,30,ep2
1788341146,17:25:46,78.0,61.0,70.0,59,95.36,27,ep2
1788341151,17:25:51,65.0,65.0,61.0,59,95.03,23,ep2
1788341156,17:25:56,69.0,64.0,61.0,59,96.94,28,ep2
1788341161,17:26:01,67.0,60.0,62.0,60,95.44,17,ep2
1788341166,17:26:06,84.0,59.0,84.0,60,94.31,33,ep2
1788341171,17:26:11,66.0,59.0,62.0,59,94.38,34,ep2
1788341176,17:26:16,77.0,59.0,62.0,59,94.57,33,ep2
1788341181,17:26:21,69.0,59.0,61.0,59,95.32,34,ep2
1788341186,17:26:26,79.0,58.0,79.0,59,97.59,30,ep2
1788341191,17:26:31,68.0,59.0,61.0,59,96.92,30,ep2
1788341196,17:26:36,77.0,60.0,69.0,60,95.33,29,ep2
1788341201,17:26:41,67.0,59.0,62.0,59,95.05,29,ep2
1788341206,17:26:46,80.0,59.0,70.0,59,95.26,31,ep2
1788341211,17:26:51,67.0,59.0,61.0,59,95.01,30,ep2
1788341216,17:26:56,73.0,60.0,63.0,59,94.82,30,ep2
1788341221,17:27:01,67.0,60.0,61.0,59,94.53,30,ep2
1788341227,17:27:07,83.0,60.0,62.0,59,95.06,31,ep2
1788341232,17:27:12,67.0,58.0,67.0,59,95.24,30,ep2
1788341237,17:27:17,71.0,65.0,62.0,59,93.98,30,ep2
1788341242,17:27:22,64.0,58.0,61.0,59,95.44,30,ep2
1788341247,17:27:27,72.0,62.0,61.0,59,93.70,31,ep2
1788341252,17:27:32,74.0,59.0,74.0,59,97.87,30,ep2
1788341257,17:27:37,75.0,60.0,70.0,61,93.76,29,ep2
1788341262,17:27:42,67.0,60.0,62.0,59,94.92,29,ep2
1788341268,17:27:48,73.0,59.0,62.0,60,94.91,30,ep2
1788341273,17:27:53,67.0,60.0,65.0,59,94.90,30,ep2
1788341278,17:27:58,65.0,59.0,61.0,59,95.31,30,ep2
1788341283,17:28:03,68.0,60.0,63.0,59,95.10,32,ep2
1788341288,17:28:08,69.0,61.0,66.0,59,97.12,30,ep2
1788341293,17:28:13,65.0,56.0,63.0,59,94.95,30,ep2
1788341298,17:28:18,67.0,59.0,61.0,59,95.11,30,ep2
1788341303,17:28:23,65.0,60.0,61.0,59,95.28,30,ep2
1788341308,17:28:28,67.0,60.0,61.0,59,95.27,31,ep2
1788341313,17:28:33,65.0,59.0,63.0,59,95.04,30,ep2
1788341318,17:28:38,67.0,62.0,62.0,59,94.79,31,ep2
1788341323,17:28:43,64.0,59.0,62.0,59,94.59,27,ep2
1788341328,17:28:48,65.0,57.0,62.0,59,96.82,25,ep2
1788341333,17:28:53,66.0,60.0,61.0,60,96.35,27,ep2
1788341338,17:28:58,69.0,58.0,61.0,60,94.25,25,ep2
1788341343,17:29:03,67.0,58.0,61.0,59,93.51,26,ep2
1788341348,17:29:08,73.0,56.0,62.0,59,94.38,35,ep2
1788341353,17:29:13,72.0,58.0,66.0,59,93.36,33,ep2
1788341358,17:29:18,69.0,56.0,62.0,59,97.31,35,ep2
1788341363,17:29:23,70.0,58.0,61.0,59,97.09,30,ep2
1788341369,17:29:29,67.0,58.0,66.0,60,93.04,29,ep2
1788341374,17:29:34,65.0,55.0,59.0,60,94.82,29,ep2
1788341379,17:29:39,64.0,56.0,58.0,59,94.69,30,ep2
1788341384,17:29:44,64.0,55.0,59.0,59,94.96,30,ep2
1788341389,17:29:49,65.0,56.0,59.0,59,94.72,29,ep2
1788341394,17:29:54,65.0,58.0,59.0,59,95.00,30,ep2
1788341399,17:29:59,64.0,55.0,58.0,59,94.84,30,ep2
1788341404,17:30:04,65.0,59.0,59.0,59,94.98,30,ep2
1788341409,17:30:09,65.0,58.0,59.0,59,95.20,30,ep2
1788341414,17:30:14,64.0,58.0,59.0,59,95.61,30,ep2
1788341419,17:30:19,64.0,55.0,62.0,59,95.47,31,ep2
1788341424,17:30:24,65.0,59.0,58.0,59,95.23,30,ep2
1788341429,17:30:29,65.0,56.0,57.0,59,94.94,31,ep2
1788341434,17:30:34,64.0,55.0,59.0,59,94.83,28,ep2
1788341439,17:30:39,65.0,59.0,58.0,59,94.15,31,ep2
1788341444,17:30:44,64.0,58.0,59.0,59,96.54,29,ep2
1788341449,17:30:49,65.0,56.0,62.0,59,96.57,25,ep2
1788341455,17:30:55,64.0,58.0,59.0,59,95.13,32,ep2
1788341460,17:31:00,67.0,60.0,61.0,60,93.84,25,ep2
1788341465,17:31:05,66.0,59.0,58.0,59,95.01,32,ep2
1788341470,17:31:10,67.0,58.0,59.0,60,94.42,34,ep2
1788341475,17:31:15,69.0,59.0,59.0,59,94.52,32,ep2
1788341480,17:31:20,71.0,59.0,66.0,59,94.92,33,ep2
1788341485,17:31:25,68.0,63.0,59.0,59,95.87,29,ep2
1788341490,17:31:30,70.0,59.0,61.0,60,97.77,30,ep2
1788341495,17:31:35,64.0,60.0,62.0,59,94.91,29,ep2
1788341500,17:31:40,64.0,59.0,62.0,59,94.96,29,ep2
1788341505,17:31:45,65.0,58.0,62.0,59,95.10,30,ep2
1788341510,17:31:50,65.0,59.0,62.0,59,95.11,30,ep2
1788341515,17:31:55,67.0,60.0,65.0,59,94.78,30,ep2
1788341520,17:32:00,65.0,59.0,61.0,59,94.86,30,ep2
1788341525,17:32:05,71.0,60.0,71.0,59,94.85,30,ep2
1788341530,17:32:10,65.0,62.0,61.0,59,94.80,30,ep2
1788341535,17:32:15,65.0,59.0,61.0,59,93.99,30,ep2
1788341540,17:32:20,64.0,63.0,61.0,60,95.33,30,ep2
1788341545,17:32:25,65.0,59.0,61.0,59,95.41,31,ep2
1788341551,17:32:31,70.0,58.0,61.0,59,97.69,29,ep2
1788341556,17:32:36,67.0,60.0,61.0,60,93.71,30,ep2
1788341561,17:32:41,65.0,56.0,61.0,60,97.67,30,ep2
1788341566,17:32:46,64.0,58.0,61.0,61,94.91,30,ep2
1788341571,17:32:51,65.0,59.0,61.0,59,94.83,30,ep2
1788341576,17:32:56,65.0,58.0,61.0,59,93.82,30,ep2
1788341581,17:33:01,67.0,59.0,61.0,59,89.89,27,ep2
1788341586,17:33:06,67.0,60.0,62.0,59,94.04,30,ep2
1788341592,17:33:12,71.0,67.0,70.0,59,94.78,30,ep2
1788341597,17:33:17,65.0,60.0,62.0,59,95.14,30,ep2
1788341602,17:33:22,67.0,58.0,62.0,59,94.75,30,ep2
1788341607,17:33:27,67.0,58.0,62.0,59,94.63,34,ep2
1788341612,17:33:32,66.0,58.0,62.0,59,94.97,30,ep2
1788341617,17:33:37,67.0,59.0,61.0,59,94.71,34,ep2
1788341622,17:33:42,66.0,58.0,59.0,59,95.11,29,ep2
1788341627,17:33:47,67.0,58.0,59.0,59,95.28,33,ep2
1788341632,17:33:52,72.0,59.0,72.0,59,96.49,29,ep2
1788341637,17:33:57,66.0,59.0,62.0,59,95.12,26,ep2
1788341642,17:34:02,63.0,59.0,62.0,60,94.93,33,ep2
1788341647,17:34:07,64.0,59.0,61.0,60,96.85,27,ep2
1788341652,17:34:12,69.0,69.0,61.0,60,95.08,32,ep2
1788341657,17:34:17,67.0,59.0,59.0,60,94.31,34,ep2
1788341662,17:34:22,68.0,58.0,58.0,59,93.56,19,ep2
1788341667,17:34:27,70.0,59.0,58.0,59,94.55,34,ep2
1788341672,17:34:32,68.0,58.0,59.0,59,93.46,29,ep2
1788341677,17:34:37,70.0,56.0,61.0,60,97.03,30,ep2
1788341682,17:34:42,66.0,58.0,58.0,61,93.73,29,ep2
1788341688,17:34:48,64.0,56.0,61.0,59,94.94,30,ep2
1788341693,17:34:53,66.0,60.0,65.0,59,94.93,29,ep2
1788341698,17:34:58,64.0,58.0,61.0,59,95.14,30,ep2
1788341703,17:35:03,66.0,59.0,62.0,59,95.16,30,ep2
1788341708,17:35:08,66.0,60.0,62.0,59,94.69,30,ep2
1788341713,17:35:13,67.0,59.0,61.0,59,94.91,31,ep? s50
1788341718,17:35:18,67.0,59.0,62.0,59,95.31,30,ep? s50
1788341723,17:35:23,66.0,58.0,59.0,59,95.07,31,ep? s50
1788341728,17:35:28,66.0,58.0,61.0,60,94.88,30,ep? s50
1788341733,17:35:33,82.0,58.0,62.0,59,94.93,31,ep? s50
1788341738,17:35:38,66.0,59.0,61.0,59,94.87,30,ep? s50
1788341743,17:35:43,66.0,59.0,61.0,59,94.88,31,ep? s50
1788341748,17:35:48,66.0,59.0,61.0,60,94.79,28,ep? s50
1788341753,17:35:53,68.0,58.0,61.0,59,90.44,24,ep? s50
1788341758,17:35:58,67.0,56.0,59.0,59,93.67,22,ep? s50
1788341763,17:36:03,68.0,60.0,62.0,59,94.97,23,ep? s50
1788341768,17:36:08,65.0,58.0,59.0,60,94.06,18,ep? s50
1788341773,17:36:13,66.0,56.0,63.0,60,94.15,34,ep? s50
1788341778,17:36:18,69.0,58.0,62.0,59,93.93,24,ep? s50
1788341783,17:36:23,69.0,55.0,59.0,59,95.35,34,ep? s50
1788341789,17:36:29,68.0,59.0,58.0,59,94.15,35,ep? s50
1788341794,17:36:34,65.0,61.0,58.0,60,94.95,30,ep? s50
1788341799,17:36:39,67.0,58.0,61.0,60,97.76,35,ep? s50
1788341804,17:36:44,67.0,61.0,63.0,59,95.15,30,ep? s50
1788341809,17:36:49,66.0,66.0,59.0,59,95.16,30,ep? s50
1788341814,17:36:54,65.0,65.0,61.0,59,95.24,30,ep? s50
1788341819,17:36:59,66.0,65.0,59.0,59,95.56,30,ep? s150
1788341824,17:37:04,67.0,60.0,59.0,59,95.34,30,ep? s150
1788341829,17:37:09,66.0,61.0,59.0,59,95.11,30,ep? s150
1788341834,17:37:14,66.0,63.0,59.0,59,95.26,30,ep? s150
1788341839,17:37:19,66.0,59.0,58.0,59,95.06,30,ep? s150
1788341844,17:37:24,64.0,58.0,63.0,59,93.78,30,ep? s150
1788341849,17:37:29,75.0,63.0,62.0,59,95.38,31,ep? s150
1788341855,17:37:35,73.0,60.0,58.0,59,93.96,26,ep? s150
1788341860,17:37:40,72.0,60.0,62.0,60,98.01,35,ep? s150
1788341865,17:37:45,66.0,59.0,61.0,59,94.16,29,ep? s150
1788341870,17:37:50,67.0,60.0,62.0,59,94.97,30,ep? s200
1788341875,17:37:55,66.0,59.0,61.0,59,94.91,29,ep? s200
1788341880,17:38:00,67.0,60.0,62.0,59,95.13,30,ep? s200
1788341885,17:38:05,95.0,59.0,95.0,59,95.25,30,ep? s200
1788341890,17:38:10,68.0,59.0,62.0,59,95.37,30,ep? s200
1788341895,17:38:15,66.0,59.0,61.0,59,95.26,30,ep? s200
1788341900,17:38:20,73.0,59.0,62.0,60,95.27,30,ep? s200
1788341905,17:38:25,68.0,60.0,61.0,59,95.31,30,ep? s200
1788341910,17:38:30,66.0,59.0,61.0,59,94.89,29,ep? s200
1788341915,17:38:35,66.0,60.0,61.0,59,94.99,32,ep? s200
1788341920,17:38:40,66.0,59.0,61.0,59,96.23,28,ep? s250
1788341926,17:38:46,66.0,59.0,65.0,59,94.82,23,ep? s250
1788341931,17:38:51,66.0,59.0,58.0,60,94.89,32,ep? s250
1788341936,17:38:56,64.0,60.0,61.0,60,96.32,27,ep? s250
1788341941,17:39:01,73.0,57.0,59.0,59,93.61,33,ep? s250
1788341946,17:39:06,74.0,60.0,69.0,59,94.24,34,ep? s250
1788341951,17:39:11,73.0,58.0,61.0,59,94.08,32,ep? s250
1788341956,17:39:16,70.0,59.0,59.0,59,94.60,34,ep? s250
1788341961,17:39:21,69.0,59.0,59.0,60,94.00,29,ep? s250
1788341966,17:39:26,71.0,60.0,59.0,60,97.20,30,ep? s250
1788341971,17:39:31,64.0,58.0,59.0,59,93.99,30,ep? s300
1788341976,17:39:36,67.0,61.0,62.0,59,94.94,29,ep? s300
1788341981,17:39:41,67.0,59.0,61.0,59,95.23,30,ep? s300
1788341986,17:39:46,67.0,59.0,61.0,59,94.96,30,ep? s300
1788341991,17:39:51,65.0,59.0,61.0,59,95.25,30,ep? s300
1788341996,17:39:56,65.0,59.0,61.0,59,95.40,30,ep? s300
1788342001,17:40:01,65.0,59.0,63.0,59,95.18,30,ep? s300
1788342006,17:40:06,65.0,59.0,58.0,59,95.02,33,ep? s300
1788342011,17:40:11,67.0,59.0,67.0,59,95.21,31,ep? s300
1788342016,17:40:16,67.0,58.0,59.0,59,95.47,34,ep? s300
1788342021,17:40:21,67.0,59.0,61.0,60,95.25,31,ep? s350
1788342026,17:40:26,65.0,65.0,65.0,59,96.74,25,ep? s350
1788342032,17:40:32,67.0,58.0,61.0,59,96.88,26,ep? s350
1788342037,17:40:37,66.0,56.0,59.0,60,95.60,25,ep? s350
1788342042,17:40:42,69.0,59.0,61.0,60,95.80,28,ep? s350
1788342047,17:40:47,66.0,65.0,59.0,59,93.65,26,ep? s350
1788342052,17:40:52,70.0,58.0,58.0,59,94.36,31,ep? s350
1788342057,17:40:57,72.0,59.0,59.0,59,93.81,35,ep? s350
1788342062,17:41:02,72.0,61.0,58.0,59,97.03,29,ep? s350
1788342067,17:41:07,64.0,59.0,59.0,60,93.76,35,ep? s350
1788342072,17:41:12,63.0,59.0,59.0,60,95.19,29,ep? s400
1788342077,17:41:17,69.0,59.0,66.0,60,97.38,30,ep? s400
1788342082,17:41:22,72.0,59.0,72.0,59,95.35,30,ep? s400
1788342087,17:41:27,67.0,58.0,62.0,59,95.38,29,ep? s400
1788342092,17:41:32,65.0,60.0,59.0,59,95.11,30,ep? s400
1788342097,17:41:37,67.0,58.0,62.0,59,95.12,30,ep? s400
1788342102,17:41:42,66.0,59.0,65.0,59,95.53,30,ep? s400
1788342107,17:41:47,66.0,58.0,66.0,59,95.17,30,ep? s400
1788342112,17:41:52,65.0,58.0,59.0,60,94.90,30,ep? s400
1788342117,17:41:57,64.0,56.0,58.0,60,95.10,30,ep? s400
1788342122,17:42:02,64.0,56.0,58.0,59,95.25,30,ep? s450
1788342128,17:42:08,72.0,59.0,59.0,59,95.19,30,ep? s450
1788342133,17:42:13,65.0,58.0,63.0,60,95.32,30,ep? s450
1788342138,17:42:18,67.0,59.0,62.0,59,95.07,28,ep? s450
1788342143,17:42:23,65.0,62.0,58.0,59,95.40,23,ep? s450
1788342148,17:42:28,65.0,58.0,59.0,60,96.93,28,ep? s450
1788342153,17:42:33,66.0,59.0,59.0,60,94.31,25,ep? s450
1788342158,17:42:38,71.0,57.0,59.0,59,95.76,30,ep? s450
1788342163,17:42:43,65.0,58.0,58.0,59,95.50,30,ep? s450
1788342169,17:42:49,65.0,58.0,59.0,59,95.21,30,ep? s450
1788342174,17:42:54,65.0,58.0,65.0,59,95.31,31,ep? s500
1788342179,17:42:59,70.0,56.0,58.0,59,95.31,30,ep? s500
1788342184,17:43:04,64.0,57.0,58.0,60,95.31,30,ep? s500
1788342189,17:43:09,68.0,59.0,62.0,59,95.58,30,ep? s500
1788342194,17:43:14,67.0,59.0,61.0,59,95.69,31,ep? s500
1788342199,17:43:19,65.0,56.0,59.0,59,95.04,27,ep? s500
1788342204,17:43:24,65.0,58.0,58.0,59,95.31,31,ep? s500
1788342209,17:43:29,65.0,62.0,61.0,59,95.14,23,ep? s500
1788342214,17:43:34,65.0,56.0,58.0,60,97.15,24,ep? s500
1788342219,17:43:39,69.0,56.0,59.0,59,95.05,34,ep? s500
1788342224,17:43:44,71.0,65.0,61.0,59,94.97,26,ep? s550
1788342229,17:43:49,70.0,66.0,65.0,59,98.39,34,ep? s550
1788342234,17:43:54,72.0,62.0,58.0,59,88.91,28,ep? s550
1788342239,17:43:59,67.0,61.0,58.0,60,94.34,29,ep? s550
1788342244,17:44:04,67.0,59.0,59.0,60,95.59,29,ep? s550
1788342249,17:44:09,64.0,63.0,58.0,59,95.30,30,ep? s550
1788342254,17:44:14,67.0,61.0,67.0,59,95.51,30,ep? s550
1788342259,17:44:19,65.0,60.0,58.0,59,95.38,30,ep? s550
1788342265,17:44:25,67.0,60.0,62.0,59,95.38,30,ep? s550
1788342270,17:44:30,65.0,59.0,65.0,59,95.29,30,ep? s550
1788342275,17:44:35,65.0,59.0,59.0,59,95.31,30,ep? s600
1788342280,17:44:40,65.0,58.0,61.0,59,95.87,30,ep? s600
1788342285,17:44:45,64.0,60.0,59.0,59,95.60,30,ep? s600
1788342290,17:44:50,67.0,60.0,67.0,59,95.69,31,ep? s600
1788342295,17:44:55,65.0,59.0,61.0,59,95.53,29,ep? s600
1788342300,17:45:00,71.0,60.0,61.0,59,95.39,30,ep? s600
1788342305,17:45:05,65.0,60.0,62.0,59,96.79,29,ep? s600
1788342310,17:45:10,73.0,62.0,62.0,59,95.13,27,ep? s600
1788342315,17:45:15,80.0,61.0,66.0,60,95.44,32,ep? s600
1788342320,17:45:20,67.0,61.0,59.0,60,96.82,27,ep? s600
1788342325,17:45:25,68.0,59.0,65.0,60,95.55,32,ep? s650
1788342330,17:45:30,70.0,62.0,62.0,59,94.55,34,ep? s650
1788342335,17:45:35,72.0,59.0,59.0,59,93.65,33,ep? s650
1788342340,17:45:40,71.0,59.0,66.0,59,97.64,34,ep? s650
1788342345,17:45:45,68.0,61.0,63.0,60,93.63,29,ep? s650
1788342350,17:45:50,67.0,59.0,59.0,60,95.39,29,ep? s650
1788342355,17:45:55,67.0,60.0,58.0,60,95.36,29,ep? s650
1788342361,17:46:01,67.0,61.0,59.0,59,95.47,30,ep? s650
1788342366,17:46:06,67.0,59.0,61.0,59,95.23,30,ep? s650
1788342371,17:46:11,67.0,57.0,58.0,59,95.20,30,ep? s650
1788342376,17:46:16,67.0,62.0,58.0,59,95.11,30,ep? s700
1788342381,17:46:21,68.0,62.0,62.0,59,95.46,30,ep? s700
1788342386,17:46:26,67.0,62.0,63.0,59,95.18,30,ep? s700
1788342391,17:46:31,67.0,60.0,63.0,59,95.41,30,ep? s700
1788342396,17:46:36,67.0,58.0,66.0,59,95.50,30,ep? s700
1788342401,17:46:41,65.0,59.0,62.0,59,95.51,31,ep? s700
1788342406,17:46:46,65.0,61.0,59.0,59,95.08,30,ep? s700
1788342411,17:46:51,66.0,66.0,59.0,59,94.33,31,ep? s700
1788342416,17:46:56,65.0,58.0,59.0,60,95.45,28,ep? s700
1788342421,17:47:01,65.0,61.0,61.0,59,96.63,24,ep? s700
1788342426,17:47:06,67.0,67.0,62.0,59,96.61,28,ep? s750
1788342431,17:47:11,67.0,59.0,59.0,60,96.72,25,ep? s750
1788342436,17:47:16,67.0,65.0,61.0,60,94.38,33,ep? s750
1788342441,17:47:21,70.0,61.0,67.0,60,95.42,24,ep? s750
1788342447,17:47:27,73.0,61.0,61.0,59,94.54,33,ep? s750
1788342452,17:47:32,72.0,62.0,59.0,59,94.86,34,ep? s750
1788342457,17:47:37,73.0,61.0,59.0,59,94.95,33,ep? s750
1788342462,17:47:42,67.0,62.0,62.0,59,96.07,31,ep? s750
1788342467,17:47:47,65.0,59.0,61.0,59,95.93,30,ep? s750
1788342472,17:47:52,67.0,60.0,61.0,59,95.70,31,ep? s750
1788342477,17:47:57,65.0,58.0,61.0,59,95.76,30,ep? s800
1788342482,17:48:02,65.0,60.0,63.0,60,95.46,31,ep? s800
1788342488,17:48:08,67.0,63.0,62.0,59,95.55,28,ep? s800
1788342493,17:48:13,71.0,60.0,63.0,60,96.45,25,ep? s800
1788342498,17:48:18,65.0,59.0,62.0,60,97.70,28,ep? s800
1788342503,17:48:23,67.0,60.0,58.0,60,94.93,25,ep? s800
1788342508,17:48:28,68.0,62.0,59.0,59,94.50,33,ep? s800
1788342513,17:48:33,68.0,59.0,63.0,59,95.45,35,ep? s800
1788342518,17:48:38,70.0,61.0,58.0,59,94.93,33,ep? s800
1788342523,17:48:43,68.0,60.0,62.0,59,98.43,35,ep? s800
1788342528,17:48:48,69.0,65.0,59.0,60,98.37,30,ep? s850
1788342533,17:48:53,64.0,59.0,63.0,59,95.54,30,ep? s850
1788342538,17:48:58,66.0,60.0,57.0,59,95.59,30,ep? s850
1788342543,17:49:03,66.0,62.0,57.0,59,95.58,30,ep? s850
1788342548,17:49:08,66.0,61.0,63.0,59,95.71,30,ep? s850
1788342553,17:49:13,66.0,59.0,61.0,59,95.58,31,ep? s850
1788342558,17:49:18,69.0,59.0,61.0,59,95.83,30,ep? s850
1788342563,17:49:23,67.0,59.0,61.0,59,95.75,31,ep? s850
1788342568,17:49:28,67.0,61.0,59.0,59,95.90,30,ep? s850
1788342573,17:49:33,67.0,61.0,59.0,59,95.75,31,ep? s850
1788342578,17:49:38,67.0,60.0,59.0,59,95.54,30,ep? s850
1788342583,17:49:43,67.0,59.0,59.0,59,94.70,33,ep? s900
1788342589,17:49:49,85.0,58.0,85.0,59,96.10,31,ep? s900
1788342594,17:49:54,66.0,59.0,58.0,59,96.18,33,ep? s900
1788342599,17:49:59,66.0,60.0,62.0,60,95.65,31,ep? s900
1788342604,17:50:04,66.0,59.0,59.0,59,94.69,20,ep? s900
1788342609,17:50:09,66.0,60.0,62.0,59,97.75,25,ep? s900
1788342614,17:50:14,67.0,59.0,63.0,59,97.43,28,ep? s900
1788342619,17:50:19,67.0,61.0,59.0,60,95.26,25,ep? s900
1788342624,17:50:24,68.0,59.0,57.0,59,94.38,25,ep? s900
1788342629,17:50:29,67.0,60.0,63.0,59,95.25,35,ep? s900
1788342634,17:50:34,72.0,60.0,65.0,59,95.23,28,ep? s950
1788342639,17:50:39,71.0,59.0,65.0,59,98.56,34,ep? s950
1788342644,17:50:44,72.0,58.0,58.0,59,95.38,36,ep? s950
1788342649,17:50:49,67.0,60.0,61.0,60,96.22,30,ep? s950
1788342654,17:50:54,65.0,60.0,59.0,60,98.68,35,ep? s950
1788342659,17:50:59,66.0,59.0,61.0,59,95.56,30,ep? s950
1788342664,17:51:04,66.0,58.0,58.0,59,95.61,30,ep? s950
1788342669,17:51:09,68.0,60.0,59.0,59,95.81,29,ep? s950
1788342674,17:51:14,67.0,60.0,59.0,59,96.08,30,ep? s950
1788342679,17:51:19,67.0,61.0,61.0,59,94.68,30,ep? s950
1788342685,17:51:25,63.0,58.0,63.0,59,95.65,31,ep? s1000
1788342690,17:51:30,68.0,60.0,61.0,59,96.10,30,ep? s1000
1788342695,17:51:35,67.0,61.0,58.0,59,95.64,31,ep? s1000
1788342700,17:51:40,67.0,60.0,61.0,59,94.39,30,ep? s1000
1788342705,17:51:45,66.0,61.0,59.0,59,95.82,30,ep? s1000
1788342710,17:51:50,66.0,56.0,61.0,59,95.37,30,ep? s1000
1788342715,17:51:55,67.0,59.0,58.0,60,95.74,33,ep? s1000
1788342720,17:52:00,67.0,59.0,58.0,59,94.28,30,ep? s1000
1788342725,17:52:05,67.0,56.0,58.0,59,95.60,30,ep? s1000
1788342730,17:52:10,66.0,58.0,61.0,60,94.41,24,ep? s1000
1788342735,17:52:15,66.0,59.0,66.0,60,95.31,27,ep? s1050
1788342740,17:52:20,66.0,61.0,61.0,59,94.99,31,ep? s1050
1788342745,17:52:25,66.0,59.0,58.0,60,96.61,28,ep? s1050
1788342750,17:52:30,67.0,58.0,59.0,60,96.18,25,ep? s1050
1788342755,17:52:35,71.0,60.0,61.0,60,93.82,33,ep? s1050
1788342760,17:52:40,67.0,59.0,58.0,60,95.10,24,ep? s1050
1788342766,17:52:46,66.0,59.0,61.0,59,95.00,30,ep? s1050
1788342771,17:52:51,66.0,61.0,61.0,59,95.18,30,ep? s1050
1788342776,17:52:56,66.0,59.0,66.0,59,95.40,30,ep? s1050
1788342781,17:53:01,67.0,61.0,59.0,59,95.44,30,ep? s1050
1788342786,17:53:06,66.0,62.0,59.0,59,95.25,30,ep? s1100
1788342791,17:53:11,67.0,59.0,61.0,59,95.41,30,ep? s1100
1788342796,17:53:16,67.0,61.0,58.0,59,95.49,29,ep? s1100
1788342801,17:53:21,67.0,60.0,62.0,59,95.64,30,ep? s1100
1788342806,17:53:26,67.0,59.0,62.0,60,94.00,25,ep? s1100
1788342811,17:53:31,68.0,60.0,65.0,59,95.36,28,ep? s1100
1788342816,17:53:36,67.0,59.0,58.0,59,94.95,17,ep? s1100
1788342822,17:53:42,64.0,58.0,59.0,59,96.26,28,ep? s1100
1788342827,17:53:47,66.0,59.0,58.0,59,96.87,27,ep? s1100
1788342832,17:53:52,68.0,54.0,59.0,60,95.30,33,ep? s1100
1788342837,17:53:57,80.0,62.0,61.0,60,97.05,27,ep? s1150
1788342842,17:54:02,65.0,65.0,59.0,59,94.29,27,ep? s1150
1788342847,17:54:07,64.0,59.0,59.0,60,94.28,33,ep? s1150
1788342852,17:54:12,69.0,63.0,57.0,59,94.34,25,ep? s1150
1788342857,17:54:17,71.0,58.0,57.0,59,94.48,33,ep? s1150
1788342862,17:54:22,70.0,59.0,58.0,59,94.50,35,ep? s1150
1788342867,17:54:27,68.0,58.0,65.0,59,97.76,29,ep? s1150
1788342872,17:54:32,61.0,59.0,57.0,60,97.54,35,ep? s1150
1788342877,17:54:37,67.0,60.0,59.0,60,97.86,30,ep? s1150
1788342882,17:54:42,64.0,59.0,62.0,59,95.07,30,ep? s1150
1788342887,17:54:47,66.0,58.0,62.0,59,95.02,29,ep? s1200
1788342892,17:54:52,67.0,61.0,62.0,59,93.96,30,ep? s1200
1788342897,17:54:57,67.0,56.0,62.0,59,95.15,30,ep? s1200
1788342902,17:55:02,67.0,59.0,61.0,59,95.13,30,ep? s1200
1788342907,17:55:07,66.0,58.0,57.0,59,94.95,30,ep? s1200
1788342913,17:55:13,66.0,58.0,62.0,59,94.15,30,ep? s1200
1788342918,17:55:18,66.0,63.0,58.0,59,95.46,30,ep? s1200
1788342923,17:55:23,67.0,61.0,62.0,59,94.31,31,ep? s1200
1788342928,17:55:28,66.0,56.0,62.0,59,95.35,29,ep? s1200
1788342933,17:55:33,66.0,56.0,59.0,59,95.62,30,ep? s1200
1788342938,17:55:38,81.0,56.0,61.0,60,95.45,29,ep? s1250
1788342943,17:55:43,64.0,56.0,59.0,59,95.04,27,ep? s1250
1788342948,17:55:48,63.0,56.0,59.0,59,94.99,33,ep? s1250
1788342953,17:55:53,66.0,56.0,59.0,59,96.38,27,ep? s1250
1788342958,17:55:58,67.0,58.0,62.0,59,94.98,32,ep? s1250
1788342963,17:56:03,64.0,59.0,59.0,60,94.13,34,ep? s1250
1788342968,17:56:08,70.0,59.0,62.0,59,94.20,33,ep? s1250
1788342973,17:56:13,70.0,59.0,59.0,59,94.44,34,ep? s1250
1788342978,17:56:18,70.0,59.0,61.0,59,95.32,32,ep? s1250
1788342983,17:56:23,70.0,58.0,61.0,59,94.33,33,ep? s1250
1788342988,17:56:28,72.0,65.0,61.0,59,96.59,34,ep? s1300
1788342993,17:56:33,70.0,58.0,62.0,59,97.53,29,ep? s1300
1788342998,17:56:38,70.0,61.0,62.0,60,95.01,30,ep? s1300
1788343003,17:56:43,66.0,59.0,61.0,59,94.95,30,ep? s1300
1788343009,17:56:49,67.0,60.0,62.0,59,94.77,30,ep? s1300
1788343014,17:56:54,65.0,60.0,61.0,59,95.03,30,ep? s1300
1788343019,17:56:59,66.0,59.0,62.0,59,94.86,30,ep? s1300
1788343024,17:57:04,65.0,59.0,59.0,59,94.82,30,ep? s1300
1788343029,17:57:09,65.0,60.0,62.0,59,95.00,30,ep? s1300
1788343034,17:57:14,65.0,60.0,59.0,59,94.76,30,ep? s1300
1788343039,17:57:19,65.0,66.0,61.0,59,94.69,33,ep? s1350
1788343044,17:57:24,65.0,59.0,61.0,59,94.96,30,ep? s1350
1788343049,17:57:29,66.0,58.0,63.0,59,95.42,34,ep? s1350
1788343054,17:57:34,67.0,59.0,67.0,59,95.04,28,ep? s1350
1788343059,17:57:39,66.0,56.0,61.0,60,94.88,26,ep? s1350
1788343064,17:57:44,66.0,58.0,62.0,59,96.63,28,ep? s1350
1788343070,17:57:50,73.0,73.0,61.0,59,95.01,30,ep? s1350
1788343075,17:57:55,74.0,55.0,62.0,59,95.09,31,ep? s1350
1788343080,17:58:00,67.0,58.0,62.0,59,95.29,30,ep? s1350
1788343085,17:58:05,69.0,69.0,63.0,59,94.81,31,ep? s1350
1788343090,17:58:10,66.0,60.0,61.0,59,95.16,31,ep? s1400
1788343095,17:58:15,74.0,74.0,59.0,59,90.75,28,ep? s1400
1788343100,17:58:20,66.0,58.0,59.0,59,94.97,31,ep? s1400
1788343105,17:58:25,72.0,59.0,61.0,59,95.02,29,ep? s1400
1788343110,17:58:30,66.0,58.0,63.0,60,94.87,31,ep? s1400
1788343115,17:58:35,81.0,58.0,67.0,59,96.13,28,ep? s1400
1788343120,17:58:40,65.0,60.0,62.0,59,96.67,25,ep? s1400
1788343125,17:58:45,77.0,58.0,61.0,60,94.16,33,ep? s1400
1788343130,17:58:50,67.0,56.0,61.0,60,94.45,24,ep? s1400
1788343135,17:58:55,76.0,58.0,62.0,59,94.47,33,ep? s1400
1788343140,17:59:00,75.0,62.0,62.0,59,93.77,35,ep? s1450
1788343145,17:59:05,78.0,66.0,61.0,59,97.43,30,ep? s1450
1788343150,17:59:10,69.0,62.0,62.0,60,95.08,35,ep? s1450
1788343155,17:59:15,69.0,69.0,61.0,60,94.86,30,ep? s1450
1788343161,17:59:21,66.0,59.0,62.0,60,96.58,29,ep? s1450
1788343166,17:59:26,74.0,74.0,59.0,59,95.31,31,ep? s1450
1788343171,17:59:31,65.0,59.0,61.0,59,95.19,30,ep? s1450
1788343176,17:59:36,78.0,60.0,59.0,59,95.04,30,ep? s1450
1788343181,17:59:41,67.0,63.0,62.0,59,95.36,30,ep? s1450
1788343186,17:59:46,79.0,60.0,62.0,59,94.87,30,ep? s1450
1788343191,17:59:51,65.0,60.0,62.0,59,95.08,30,ep? s1500
1788343196,17:59:56,68.0,60.0,62.0,59,95.21,30,ep? s1500
1788343201,18:00:01,66.0,61.0,61.0,59,95.13,30,ep? s1500
1788343206,18:00:06,82.0,59.0,82.0,59,95.37,31,ep? s1500
1788343211,18:00:11,66.0,58.0,58.0,59,95.00,30,ep? s1500
1788343216,18:00:16,83.0,58.0,67.0,59,95.42,31,ep? s1500
1788343221,18:00:21,66.0,58.0,59.0,59,95.49,30,ep? s1500
1788343226,18:00:26,78.0,66.0,63.0,59,95.85,34,ep? s1500
1788343231,18:00:31,66.0,60.0,65.0,59,94.89,31,ep? s1500
1788343236,18:00:36,76.0,59.0,76.0,59,93.74,26,ep? s1500
1788343241,18:00:41,67.0,59.0,59.0,59,96.64,25,ep? s1550
1788343246,18:00:46,71.0,71.0,63.0,60,96.31,27,ep? s1550
1788343251,18:00:51,65.0,58.0,58.0,60,94.73,25,ep? s1550
1788343256,18:00:56,73.0,61.0,59.0,59,93.73,34,ep? s1550
1788343262,18:01:02,70.0,58.0,59.0,59,94.66,35,ep? s1550
1788343267,18:01:07,76.0,67.0,57.0,59,94.35,33,ep? s1550
1788343272,18:01:12,69.0,58.0,66.0,59,97.50,34,ep? s1550
1788343277,18:01:17,73.0,55.0,65.0,59,94.54,32,ep? s1550
1788343282,18:01:22,65.0,56.0,61.0,60,97.85,30,ep? s1550
1788343287,18:01:27,70.0,65.0,65.0,60,94.95,29,ep? s1550
1788343292,18:01:32,66.0,59.0,61.0,59,95.27,30,ep? s1550
1788343297,18:01:37,82.0,62.0,82.0,59,94.87,31,ep? s1600
1788343302,18:01:42,63.0,60.0,59.0,59,95.14,30,ep? s1600
1788343307,18:01:47,73.0,59.0,65.0,59,95.04,30,ep? s1600
1788343312,18:01:52,65.0,58.0,65.0,59,95.35,30,ep? s1600
1788343317,18:01:57,84.0,60.0,75.0,59,95.49,30,ep? s1600
1788343322,18:02:02,67.0,61.0,61.0,59,93.86,32,ep? s1600
1788343327,18:02:07,70.0,60.0,62.0,60,95.02,30,ep? s1600
1788343332,18:02:12,66.0,62.0,62.0,59,94.21,33,ep? s1600
1788343337,18:02:17,82.0,59.0,69.0,59,95.21,31,ep? s1600
1788343342,18:02:22,68.0,61.0,61.0,59,95.19,28,ep? s1600
1788343347,18:02:27,76.0,76.0,61.0,59,95.20,31,ep? s1650
1788343352,18:02:32,66.0,61.0,61.0,59,96.62,29,ep? s1650
1788343357,18:02:37,82.0,61.0,65.0,60,96.65,25,ep? s1650
1788343363,18:02:43,66.0,60.0,66.0,60,95.43,30,ep? s1650
1788343368,18:02:48,82.0,61.0,67.0,60,95.61,25,ep? s1650
1788343373,18:02:53,67.0,61.0,62.0,59,95.09,30,ep? s1650
1788343378,18:02:58,67.0,60.0,61.0,59,94.96,30,ep? s1650
1788343383,18:03:03,67.0,61.0,61.0,59,95.07,30,ep? s1650
1788343388,18:03:08,72.0,62.0,61.0,59,95.40,30,ep? s1650
1788343393,18:03:13,66.0,62.0,61.0,59,95.35,30,ep? s1650
1788343398,18:03:18,68.0,63.0,63.0,60,95.18,30,ep? s1700
1788343404,18:03:24,68.0,60.0,67.0,60,95.07,31,ep? s1700
1788343409,18:03:29,67.0,59.0,61.0,59,93.96,30,ep? s1700
1788343414,18:03:34,66.0,62.0,61.0,60,95.27,33,ep? s1700
1788343419,18:03:39,70.0,60.0,62.0,60,94.27,29,ep? s1700
1788343424,18:03:44,67.0,60.0,61.0,60,95.45,26,ep? s1700
1788343429,18:03:49,66.0,61.0,62.0,60,94.98,31,ep? s1700
1788343434,18:03:54,63.0,61.0,61.0,60,97.02,27,ep? s1700
1788343439,18:03:59,71.0,61.0,61.0,60,96.22,25,ep? s1700
1788343444,18:04:04,67.0,60.0,61.0,60,97.09,28,ep? s1700
1788343449,18:04:09,67.0,61.0,62.0,60,95.44,25,ep? s1750
1788343454,18:04:14,65.0,60.0,59.0,59,94.75,33,ep? s1750
1788343459,18:04:19,74.0,62.0,62.0,59,95.15,34,ep? s1750
1788343464,18:04:24,71.0,63.0,61.0,59,94.80,33,ep? s1750
1788343469,18:04:29,72.0,62.0,62.0,59,94.85,34,ep? s1750
1788343474,18:04:34,69.0,60.0,59.0,60,96.90,29,ep? s1750
1788343479,18:04:39,80.0,60.0,80.0,60,97.87,30,ep? s1750
1788343484,18:04:44,65.0,57.0,59.0,61,95.30,29,ep? s1750
1788343489,18:04:49,82.0,58.0,75.0,60,95.49,29,ep? s1750
1788343494,18:04:54,83.0,66.0,58.0,60,95.55,30,ep? s1750
1788343499,18:04:59,82.0,56.0,82.0,60,95.57,30,ep? s1800
1788343504,18:05:04,65.0,58.0,59.0,60,94.00,30,ep? s1800
1788343510,18:05:10,65.0,59.0,69.0,60,95.05,30,ep? s1800
1788343515,18:05:15,65.0,61.0,58.0,60,93.89,30,ep? s1800
1788343520,18:05:20,65.0,56.0,59.0,60,94.97,30,ep? s1800
1788343525,18:05:25,65.0,59.0,61.0,60,95.24,31,ep? s1800
1788343530,18:05:30,69.0,69.0,65.0,60,95.76,30,ep? s1800
1788343535,18:05:35,63.0,56.0,59.0,60,95.56,31,ep? s1800
1788343540,18:05:40,78.0,58.0,69.0,60,95.57,28,ep? s1800
1788343545,18:05:45,66.0,58.0,61.0,60,95.78,33,ep? s1800
1788343550,18:05:50,77.0,62.0,59.0,60,96.73,28,ep? s1850
1788343555,18:05:55,65.0,60.0,59.0,60,95.87,23,ep? s1850
1788343560,18:06:00,76.0,60.0,67.0,60,94.33,33,ep? s1850
1788343565,18:06:05,65.0,60.0,58.0,60,96.31,26,ep? s1850
1788343570,18:06:10,84.0,60.0,84.0,60,95.50,32,ep? s1850
1788343575,18:06:15,67.0,60.0,61.0,60,94.92,34,ep? s1850
1788343580,18:06:20,69.0,59.0,62.0,59,94.72,32,ep? s1850
1788343585,18:06:25,69.0,61.0,59.0,59,94.92,34,ep? s1850
1788343590,18:06:30,70.0,61.0,61.0,60,94.85,33,ep? s1850
1788343595,18:06:35,68.0,60.0,58.0,60,98.33,30,ep? s1850
1788343600,18:06:40,67.0,61.0,61.0,60,95.12,32,ep? s1900
1788343606,18:06:46,65.0,60.0,61.0,60,98.17,29,ep? s1900
1788343611,18:06:51,65.0,59.0,61.0,60,94.25,30,ep? s1900
1788343616,18:06:56,66.0,59.0,62.0,60,95.72,29,ep? s1900
1788343621,18:07:01,66.0,59.0,59.0,60,95.89,29,ep? s1900
1788343626,18:07:06,66.0,62.0,58.0,60,95.69,30,ep? s1900
1788343631,18:07:11,66.0,61.0,61.0,60,95.75,31,ep? s1900
1788343636,18:07:16,66.0,59.0,61.0,60,95.65,30,ep? s1900
1788343641,18:07:21,67.0,61.0,62.0,60,95.67,31,ep? s1900
1788343646,18:07:26,66.0,60.0,61.0,60,95.65,30,ep? s1900
1788343651,18:07:31,67.0,61.0,65.0,60,95.79,34,ep? s1950
1788343656,18:07:36,66.0,59.0,58.0,60,95.89,30,ep? s1950
1788343661,18:07:41,64.0,59.0,59.0,60,96.23,31,ep? s1950
1788343666,18:07:46,64.0,62.0,57.0,60,95.62,28,ep? s1950
1788343671,18:07:51,67.0,61.0,59.0,60,95.97,27,ep? s1950
1788343677,18:07:57,67.0,60.0,58.0,60,95.96,29,ep? s1950
1788343682,18:08:02,68.0,60.0,61.0,60,95.97,29,ep? s1950
1788343687,18:08:07,64.0,60.0,59.0,60,95.91,30,ep? s1950
1788343692,18:08:12,64.0,59.0,58.0,60,95.50,30,ep? s1950
1788343697,18:08:17,64.0,63.0,59.0,60,91.93,30,ep? s1950
1788343702,18:08:22,67.0,59.0,58.0,60,95.85,30,ep? s2000
1788343707,18:08:27,67.0,62.0,58.0,60,95.95,30,ep? s2000
1788343712,18:08:32,67.0,60.0,62.0,60,95.91,30,ep? s2000
1788343717,18:08:37,66.0,61.0,61.0,60,95.84,30,ep? s2000
1788343722,18:08:42,67.0,61.0,63.0,60,96.05,30,ep? s2000
1788343727,18:08:47,67.0,61.0,65.0,60,95.82,31,ep? s2000
1788343732,18:08:52,66.0,57.0,61.0,60,96.22,30,ep? s2000
1788343738,18:08:58,67.0,62.0,61.0,60,96.08,33,ep? s2000
1788343743,18:09:03,68.0,62.0,63.0,60,96.08,28,ep? s2000
1788343748,18:09:08,80.0,80.0,63.0,60,95.88,34,ep? s2000
1788343753,18:09:13,67.0,61.0,62.0,60,97.02,28,ep? s2050
1788343758,18:09:18,67.0,61.0,62.0,60,95.90,25,ep? s2050
1788343763,18:09:23,66.0,60.0,62.0,60,95.72,33,ep? s2050
1788343768,18:09:28,67.0,60.0,63.0,60,97.47,27,ep? s2050
1788343773,18:09:33,65.0,58.0,61.0,61,95.23,31,ep? s2050
1788343778,18:09:38,68.0,60.0,62.0,60,94.88,33,ep? s2050
1788343783,18:09:43,73.0,59.0,63.0,60,95.00,34,ep? s2050
1788343788,18:09:48,73.0,61.0,63.0,59,88.25,30,ep? s2050
1788343793,18:09:53,72.0,61.0,59.0,60,94.30,35,ep? s2050
1788343798,18:09:58,73.0,64.0,61.0,60,98.13,29,ep? s2050
1788343803,18:10:03,70.0,61.0,62.0,60,95.23,35,ep? s2100
1788343808,18:10:08,68.0,61.0,61.0,60,95.54,30,ep? s2100
1788343813,18:10:13,68.0,61.0,59.0,60,96.63,30,ep? s2100
1788343818,18:10:18,67.0,61.0,63.0,60,95.71,30,ep? s2100
1788343823,18:10:23,68.0,64.0,62.0,60,95.65,30,ep? s2100
1788343828,18:10:28,67.0,61.0,61.0,60,95.39,30,ep? s2100
1788343834,18:10:34,67.0,59.0,62.0,60,95.57,30,ep? s2100
1788343839,18:10:39,69.0,60.0,63.0,60,95.60,30,ep? s2100
1788343844,18:10:44,68.0,60.0,62.0,60,95.71,30,ep? s2100
1788343849,18:10:49,67.0,61.0,65.0,60,95.91,30,ep? s2100
1788343854,18:10:54,68.0,62.0,62.0,60,96.14,30,ep? s2150
1788343859,18:10:59,68.0,62.0,62.0,60,96.13,30,ep? s2150
1788343864,18:11:04,68.0,61.0,65.0,60,96.11,30,ep? s2150
1788343869,18:11:09,68.0,61.0,65.0,60,96.00,31,ep? s2150
1788343874,18:11:14,67.0,60.0,63.0,60,95.82,28,ep? s2150
1788343879,18:11:19,66.0,61.0,61.0,60,95.87,31,ep? s2150
1788343884,18:11:24,67.0,60.0,62.0,60,97.45,28,ep? s2150
1788343889,18:11:29,66.0,60.0,61.0,60,95.95,19,ep? s2150
1788343894,18:11:34,67.0,60.0,63.0,60,97.53,28,ep? s2150
1788343899,18:11:39,67.0,60.0,65.0,60,96.11,25,ep? s2150
1788343904,18:11:44,75.0,61.0,65.0,60,95.29,33,ep? s2200
1788343909,18:11:49,67.0,60.0,65.0,60,95.26,34,ep? s2200
1788343914,18:11:54,75.0,60.0,59.0,60,94.93,33,ep? s2200
1788343919,18:11:59,69.0,60.0,62.0,60,98.37,35,ep? s2200
1788343924,18:12:04,71.0,57.0,63.0,60,98.23,29,ep? s2200
1788343930,18:12:10,71.0,71.0,62.0,60,95.66,30,ep? s2200
1788343935,18:12:15,67.0,61.0,63.0,60,95.76,29,ep? s2200
1788343940,18:12:20,65.0,59.0,62.0,60,95.82,30,ep? s2200
1788343945,18:12:25,66.0,60.0,61.0,60,95.79,30,ep? s2200
1788343950,18:12:30,100.0,62.0,100.0,60,95.29,29,ep? s2200
1788343955,18:12:35,65.0,56.0,58.0,60,94.85,30,ep? s2250
1788343960,18:12:40,63.0,56.0,58.0,60,95.71,30,ep? s2250
1788343965,18:12:45,65.0,58.0,58.0,60,94.79,30,ep? s2250
1788343970,18:12:50,63.0,56.0,61.0,60,95.58,30,ep? s2250
1788343975,18:12:55,63.0,57.0,63.0,60,95.63,30,ep? s2250
1788343981,18:13:01,69.0,60.0,63.0,60,95.23,35,ep? s2250
1788343986,18:13:06,71.0,58.0,66.0,60,98.55,29,ep? s2250
1788343991,18:13:11,65.0,59.0,65.0,60,98.88,35,ep? s2250
1788343996,18:13:16,65.0,60.0,62.0,60,95.93,29,ep? s2250
1788344001,18:13:21,67.0,60.0,67.0,60,95.71,30,ep? s2250
1788344006,18:13:26,81.0,64.0,62.0,60,95.99,29,ep? s2300
1788344011,18:13:31,65.0,59.0,61.0,60,96.10,30,ep? s2300
1788344016,18:13:36,68.0,61.0,61.0,60,96.12,30,ep? s2300
1788344021,18:13:41,66.0,62.0,59.0,60,95.70,31,ep? s2300
1788344026,18:13:46,66.0,61.0,59.0,60,95.85,30,ep? s2300
1788344031,18:13:51,65.0,60.0,59.0,60,96.14,31,ep? s2300
1788344036,18:13:56,66.0,60.0,61.0,60,95.85,30,ep? s2300
1788344041,18:14:01,65.0,59.0,58.0,60,94.79,34,ep? s2300
1788344046,18:14:06,67.0,60.0,61.0,60,96.02,30,ep? s2300
1788344051,18:14:11,67.0,62.0,62.0,60,95.04,34,ep? s2300
1788344056,18:14:16,66.0,61.0,61.0,60,96.07,30,ep? s2350
1788344061,18:14:21,67.0,60.0,62.0,60,95.77,30,ep? s2350
1788344067,18:14:27,66.0,61.0,61.0,60,95.72,31,ep? s2350
1788344072,18:14:32,65.0,56.0,63.0,60,95.66,29,ep? s2350
1788344077,18:14:37,67.0,60.0,62.0,60,97.13,25,ep? s2350
1788344082,18:14:42,65.0,60.0,61.0,60,95.75,30,ep? s2350
1788344087,18:14:47,72.0,63.0,62.0,60,98.01,35,ep3
1788344092,18:14:52,73.0,60.0,62.0,60,95.05,35,ep3
1788344097,18:14:57,68.0,60.0,69.0,60,95.47,30,ep3
1788344102,18:15:02,67.0,62.0,61.0,61,98.50,35,ep3
1788344107,18:15:07,69.0,62.0,65.0,60,95.42,30,ep3
1788344112,18:15:12,67.0,60.0,61.0,60,95.85,30,ep3
1788344117,18:15:17,71.0,58.0,63.0,60,95.31,30,ep3
1788344122,18:15:22,66.0,61.0,61.0,60,95.49,30,ep3
1788344127,18:15:27,66.0,61.0,61.0,60,94.42,30,ep3
1788344132,18:15:32,66.0,60.0,61.0,60,95.66,30,ep3
1788344137,18:15:37,71.0,58.0,62.0,60,95.41,32,ep3
1788344142,18:15:42,66.0,60.0,61.0,60,95.28,30,ep3
1788344147,18:15:47,66.0,59.0,61.0,60,95.43,33,ep3
1788344152,18:15:52,67.0,59.0,63.0,60,95.53,30,ep3
1788344157,18:15:57,66.0,60.0,61.0,60,95.62,27,ep3
1788344162,18:16:02,66.0,59.0,61.0,60,95.61,30,ep3
1788344168,18:16:08,64.0,60.0,61.0,60,97.52,28,ep3
1788344173,18:16:13,67.0,58.0,62.0,60,96.61,27,ep3
1788344178,18:16:18,69.0,60.0,69.0,60,94.73,34,ep3
1788344183,18:16:23,70.0,60.0,61.0,60,95.00,32,ep3
1788344188,18:16:28,71.0,62.0,62.0,60,95.01,33,ep3
1788344193,18:16:33,69.0,60.0,66.0,60,95.09,34,ep3
1788344198,18:16:38,72.0,61.0,62.0,60,95.11,33,ep3
1788344203,18:16:43,68.0,56.0,58.0,60,96.82,33,ep3
1788344208,18:16:48,68.0,58.0,65.0,60,98.35,29,ep3
1788344213,18:16:53,68.0,66.0,65.0,62,97.13,30,ep3
1788344218,18:16:58,67.0,62.0,61.0,60,95.57,29,ep3
1788344223,18:17:03,66.0,59.0,61.0,60,94.51,30,ep3
1788344228,18:17:08,67.0,66.0,62.0,60,95.57,30,ep3
1788344233,18:17:13,66.0,59.0,62.0,60,94.26,30,ep3
1788344238,18:17:18,68.0,61.0,61.0,60,95.53,30,ep3
1788344243,18:17:23,66.0,60.0,59.0,60,95.25,30,ep3
1788344248,18:17:28,66.0,60.0,59.0,60,95.31,30,ep3
1788344253,18:17:33,66.0,59.0,62.0,60,95.19,30,ep3
1788344259,18:17:39,68.0,59.0,61.0,60,95.38,30,ep3
1788344264,18:17:44,68.0,59.0,61.0,60,95.49,31,ep3
1788344269,18:17:49,67.0,61.0,59.0,60,95.40,27,ep3
1788344274,18:17:54,66.0,59.0,61.0,60,95.06,31,ep3
1788344279,18:17:59,67.0,59.0,62.0,60,96.76,27,ep3
1788344284,18:18:04,67.0,59.0,59.0,60,95.22,30,ep3
1788344289,18:18:09,66.0,59.0,59.0,60,95.34,30,ep3
1788344295,18:18:15,67.0,60.0,61.0,60,95.37,30,ep3
1788344300,18:18:20,66.0,61.0,61.0,60,95.50,30,ep3
1788344305,18:18:25,67.0,57.0,58.0,60,95.71,30,ep3
1788344310,18:18:30,67.0,60.0,62.0,60,95.76,30,ep3
1788344315,18:18:35,67.0,59.0,61.0,60,95.29,30,ep3
1788344320,18:18:40,67.0,56.0,61.0,60,95.42,30,ep3
1788344325,18:18:45,66.0,59.0,59.0,60,95.65,31,ep3
1788344330,18:18:50,64.0,59.0,61.0,60,95.67,30,ep3
1788344335,18:18:55,66.0,61.0,59.0,60,95.35,31,ep3
1788344340,18:19:00,82.0,59.0,63.0,60,95.62,28,ep3
1788344345,18:19:05,67.0,58.0,61.0,60,95.48,31,ep3
1788344350,18:19:10,67.0,60.0,62.0,60,95.57,29,ep3
1788344355,18:19:15,66.0,60.0,62.0,60,96.88,26,ep3
1788344360,18:19:20,66.0,57.0,61.0,60,96.87,27,ep3
1788344365,18:19:25,67.0,59.0,62.0,61,95.83,23,ep3
1788344370,18:19:30,65.0,60.0,62.0,61,95.06,26,ep3
1788344375,18:19:35,73.0,60.0,61.0,59,95.12,35,ep3
1788344380,18:19:40,74.0,61.0,62.0,59,95.44,34,ep3
1788344385,18:19:45,72.0,60.0,62.0,60,97.09,34,ep3
1788344390,18:19:50,69.0,59.0,59.0,60,98.68,35,ep3
1788344396,18:19:56,66.0,59.0,61.0,60,94.59,29,ep3
1788344401,18:20:01,68.0,58.0,62.0,60,98.24,35,ep3
1788344406,18:20:06,67.0,61.0,63.0,59,95.53,30,ep3
1788344411,18:20:11,67.0,59.0,62.0,59,95.64,30,ep3
1788344416,18:20:16,66.0,59.0,58.0,59,95.78,30,ep3
1788344421,18:20:21,67.0,61.0,62.0,59,95.61,30,ep3
1788344426,18:20:26,67.0,60.0,62.0,60,95.60,30,ep3
1788344431,18:20:31,68.0,61.0,62.0,59,95.70,31,ep3
1788344436,18:20:36,66.0,61.0,58.0,59,92.51,30,ep3
1788344441,18:20:41,66.0,62.0,61.0,59,95.89,30,ep3
1788344446,18:20:46,66.0,60.0,58.0,60,95.78,30,ep3
1788344451,18:20:51,66.0,61.0,63.0,59,95.37,33,ep3
1788344456,18:20:56,66.0,60.0,65.0,59,95.52,30,ep3
1788344461,18:21:01,67.0,60.0,62.0,59,95.43,34,ep3
1788344466,18:21:06,66.0,57.0,62.0,59,95.69,31,ep3
1788344471,18:21:11,66.0,59.0,62.0,59,95.24,23,ep3
1788344476,18:21:16,66.0,57.0,62.0,59,92.63,25,ep3
1788344481,18:21:21,67.0,60.0,70.0,60,97.50,27,ep3
1788344487,18:21:27,66.0,56.0,63.0,60,96.70,25,ep3
1788344492,18:21:32,65.0,58.0,62.0,60,97.04,33,ep3
1788344497,18:21:37,68.0,58.0,62.0,60,94.65,25,ep3
1788344502,18:21:42,72.0,60.0,65.0,59,94.87,34,ep3
1788344507,18:21:47,72.0,58.0,61.0,59,94.89,35,ep3
1788344512,18:21:52,70.0,60.0,61.0,59,94.18,34,ep3
1788344517,18:21:57,72.0,60.0,62.0,60,98.01,35,ep3
1788344522,18:22:02,70.0,58.0,61.0,59,97.46,29,ep3
1788344527,18:22:07,68.0,59.0,62.0,59,95.37,30,ep3
1788344532,18:22:12,81.0,67.0,63.0,59,94.40,30,ep3
1788344537,18:22:17,66.0,58.0,62.0,59,95.57,30,ep3
1788344542,18:22:22,66.0,66.0,61.0,59,94.61,30,ep3
1788344547,18:22:27,67.0,62.0,61.0,59,95.66,30,ep3
1788344552,18:22:32,66.0,59.0,66.0,59,95.53,30,ep3
1788344557,18:22:37,66.0,61.0,62.0,59,95.71,30,ep3
1788344562,18:22:42,68.0,61.0,65.0,59,95.75,30,ep3
1788344567,18:22:47,66.0,61.0,61.0,60,95.29,30,ep3
1788344572,18:22:52,67.0,60.0,62.0,59,95.83,30,ep3
1788344577,18:22:57,67.0,61.0,62.0,60,95.99,31,ep3
1788344583,18:23:03,66.0,60.0,62.0,60,95.40,28,ep3
1788344588,18:23:08,66.0,58.0,62.0,60,98.40,35,ep3
1788344593,18:23:13,71.0,58.0,71.0,60,95.35,29,ep3
1788344598,18:23:18,67.0,59.0,61.0,59,95.28,30,ep3
1788344603,18:23:23,66.0,62.0,61.0,59,95.92,30,ep3
1788344608,18:23:28,66.0,59.0,61.0,59,95.84,30,ep3
1788344613,18:23:33,66.0,59.0,65.0,59,95.75,30,ep3
1788344618,18:23:38,68.0,64.0,62.0,59,94.53,30,ep3
1788344624,18:23:44,67.0,59.0,62.0,59,95.62,30,ep3
1788344629,18:23:49,66.0,61.0,62.0,60,94.22,30,ep3
1788344634,18:23:54,66.0,58.0,61.0,59,95.59,30,ep3
1788344639,18:23:59,66.0,57.0,59.0,60,95.69,31,ep3
1788344644,18:24:04,66.0,65.0,59.0,60,95.62,30,ep3
1788344649,18:24:09,66.0,58.0,59.0,60,95.28,31,ep3
1788344654,18:24:14,66.0,59.0,59.0,60,95.50,23,ep3
1788344659,18:24:19,68.0,59.0,59.0,60,95.72,25,ep3
1788344664,18:24:24,73.0,59.0,59.0,60,95.18,23,ep3
1788344669,18:24:29,69.0,58.0,58.0,60,96.71,24,ep3
1788344674,18:24:34,72.0,58.0,59.0,59,94.81,34,ep3
1788344679,18:24:39,70.0,59.0,58.0,59,94.59,27,ep3
1788344684,18:24:44,70.0,58.0,58.0,59,97.77,34,ep3
1788344689,18:24:49,70.0,59.0,61.0,59,96.17,29,ep3
1788344694,18:24:54,63.0,56.0,59.0,60,97.93,30,ep3
1788344699,18:24:59,64.0,58.0,58.0,60,95.22,29,ep3
1788344704,18:25:04,64.0,58.0,59.0,59,94.27,30,ep3
1788344709,18:25:09,64.0,63.0,61.0,59,95.65,30,ep3
1788344715,18:25:15,66.0,59.0,61.0,59,95.42,30,ep3
1788344720,18:25:20,66.0,65.0,58.0,59,95.51,30,ep3
1788344725,18:25:25,66.0,60.0,57.0,59,93.95,30,ep3
1788344730,18:25:30,67.0,61.0,62.0,59,95.29,30,ep3
1788344735,18:25:35,66.0,66.0,58.0,59,95.37,30,ep3
1788344740,18:25:40,67.0,60.0,61.0,59,95.21,30,ep3
1788344745,18:25:45,67.0,60.0,61.0,59,95.02,31,ep3
1788344750,18:25:50,66.0,58.0,61.0,60,95.04,29,ep3
1788344755,18:25:55,66.0,58.0,58.0,60,95.19,32,ep3
1788344760,18:26:00,66.0,56.0,59.0,59,96.21,28,ep3
1788344765,18:26:05,66.0,58.0,61.0,60,94.96,27,ep3
1788344770,18:26:10,66.0,58.0,59.0,60,95.10,32,ep3
1788344775,18:26:15,82.0,82.0,66.0,60,96.63,27,ep3
1788344780,18:26:20,67.0,62.0,61.0,60,95.70,28,ep3
1788344785,18:26:25,67.0,57.0,61.0,60,94.18,33,ep3
1788344790,18:26:30,73.0,67.0,62.0,59,94.28,25,ep3
1788344795,18:26:35,69.0,59.0,61.0,59,94.60,33,ep3
1788344800,18:26:40,69.0,62.0,61.0,59,93.56,35,ep3
1788344805,18:26:45,72.0,60.0,61.0,59,97.70,30,ep3
1788344811,18:26:51,69.0,60.0,61.0,59,94.87,27,ep3
1788344816,18:26:56,67.0,60.0,61.0,60,97.80,29,ep3
1788344821,18:27:01,68.0,59.0,61.0,59,93.99,30,ep3
1788344826,18:27:06,66.0,60.0,59.0,59,95.33,29,ep3
1788344831,18:27:11,67.0,60.0,61.0,59,94.34,30,ep3
1788344836,18:27:16,66.0,65.0,59.0,59,94.94,30,ep3
1788344841,18:27:21,66.0,56.0,59.0,59,95.38,30,ep3
1788344846,18:27:26,68.0,63.0,61.0,60,95.25,30,ep3
1788344851,18:27:31,68.0,60.0,62.0,60,95.40,30,ep3
1788344856,18:27:36,67.0,60.0,62.0,59,95.66,30,ep3
1788344861,18:27:41,66.0,58.0,61.0,59,95.56,30,ep3
1788344866,18:27:46,66.0,58.0,61.0,60,95.36,30,ep3
1788344871,18:27:51,67.0,58.0,59.0,60,95.56,30,ep3
1788344876,18:27:56,68.0,59.0,59.0,59,95.39,31,ep3
1788344881,18:28:01,68.0,61.0,61.0,59,95.37,30,ep3
1788344886,18:28:06,66.0,59.0,61.0,60,95.71,30,ep3
1788344892,18:28:12,68.0,58.0,59.0,59,96.32,29,ep3
1788344897,18:28:17,69.0,59.0,62.0,60,93.78,35,ep3
1788344902,18:28:22,71.0,59.0,61.0,60,95.34,29,ep3
1788344907,18:28:27,66.0,61.0,58.0,61,94.01,30,ep3
1788344912,18:28:32,72.0,61.0,66.0,59,95.02,30,ep3
1788344917,18:28:37,66.0,59.0,61.0,59,94.94,29,ep3
1788344922,18:28:42,73.0,58.0,63.0,59,94.97,30,ep3
1788344927,18:28:47,66.0,58.0,61.0,59,95.04,30,ep3
1788344932,18:28:52,79.0,74.0,62.0,59,94.69,30,ep3
1788344938,18:28:58,67.0,62.0,62.0,59,94.78,30,ep3
1788344943,18:29:03,81.0,60.0,63.0,59,94.88,30,ep3
1788344948,18:29:08,73.0,56.0,61.0,59,94.68,30,ep3
1788344953,18:29:13,74.0,66.0,65.0,60,94.80,30,ep3
1788344958,18:29:18,66.0,66.0,61.0,60,95.04,30,ep3
1788344963,18:29:23,79.0,71.0,61.0,60,95.29,31,ep3
1788344968,18:29:28,64.0,56.0,58.0,60,94.74,30,ep3
1788344973,18:29:33,76.0,56.0,65.0,60,94.49,31,ep3
1788344978,18:29:38,66.0,55.0,61.0,60,94.37,28,ep3
1788344983,18:29:43,71.0,57.0,63.0,60,93.57,18,ep3
1788344988,18:29:48,67.0,58.0,61.0,60,95.97,28,ep3
1788344993,18:29:53,82.0,61.0,67.0,60,93.51,17,ep3
1788344998,18:29:58,68.0,65.0,61.0,60,95.01,33,ep3
1788345003,18:30:03,80.0,60.0,80.0,60,94.34,34,ep3
1788345008,18:30:08,69.0,66.0,61.0,59,94.32,28,ep3
1788345013,18:30:13,81.0,61.0,62.0,59,94.63,33,ep3
1788345018,18:30:18,70.0,65.0,62.0,59,94.47,35,ep3
1788345023,18:30:23,75.0,58.0,65.0,60,97.68,29,ep3
1788345028,18:30:28,83.0,66.0,63.0,60,97.77,35,ep3
1788345033,18:30:33,72.0,60.0,62.0,60,94.79,30,ep3
1788345039,18:30:39,64.0,56.0,61.0,61,94.68,30,ep3
1788345044,18:30:44,87.0,60.0,87.0,59,94.84,30,ep3
1788345049,18:30:49,67.0,60.0,61.0,59,95.06,30,ep3
1788345054,18:30:54,79.0,69.0,62.0,60,95.13,30,ep3
1788345059,18:30:59,66.0,60.0,62.0,60,95.03,30,ep3
1788345064,18:31:04,80.0,59.0,80.0,60,95.25,30,ep3
1788345069,18:31:09,68.0,62.0,62.0,60,95.30,30,ep3
1788345074,18:31:14,73.0,63.0,65.0,60,95.02,30,ep3
1788345079,18:31:19,70.0,59.0,57.0,60,93.92,30,ep3
1788345084,18:31:24,70.0,58.0,65.0,60,95.19,31,ep3
1788345089,18:31:29,66.0,59.0,58.0,60,93.97,32,ep3
1788345094,18:31:34,74.0,61.0,61.0,60,94.71,31,ep3
1788345099,18:31:39,66.0,59.0,61.0,60,94.86,30,ep3
1788345104,18:31:44,71.0,64.0,65.0,60,95.03,33,ep3
1788345109,18:31:49,67.0,61.0,65.0,60,94.81,31,ep3
1788345114,18:31:54,78.0,61.0,70.0,60,95.14,25,ep3
1788345119,18:31:59,67.0,61.0,62.0,60,96.62,25,ep3
1788345124,18:32:04,83.0,61.0,83.0,60,96.41,27,ep3
1788345129,18:32:09,68.0,59.0,61.0,60,94.07,25,ep3
1788345135,18:32:15,77.0,64.0,66.0,59,94.32,33,ep3
1788345140,18:32:20,72.0,59.0,67.0,60,94.90,25,ep3
1788345145,18:32:25,70.0,62.0,62.0,59,94.42,33,ep3
1788345150,18:32:30,69.0,61.0,61.0,59,94.54,34,ep3
1788345155,18:32:35,75.0,59.0,67.0,59,97.33,30,ep3
1788345160,18:32:40,69.0,60.0,61.0,59,94.52,34,ep3
1788345165,18:32:45,73.0,61.0,67.0,60,93.82,30,ep3
1788345170,18:32:50,71.0,60.0,59.0,60,98.10,30,ep3
1788345175,18:32:55,80.0,56.0,80.0,60,97.54,35,ep3
1788345180,18:33:00,67.0,58.0,61.0,59,94.90,30,ep3
1788345185,18:33:05,70.0,59.0,61.0,59,93.60,30,ep3
1788345190,18:33:10,66.0,59.0,62.0,59,94.92,30,ep3
1788345196,18:33:16,77.0,60.0,61.0,60,94.49,33,ep3
1788345201,18:33:21,64.0,58.0,61.0,60,96.45,27,ep3
1788345206,18:33:26,76.0,56.0,76.0,60,96.60,25,ep3
1788345211,18:33:31,65.0,58.0,59.0,60,87.61,30,ep3
1788345216,18:33:36,69.0,62.0,61.0,60,94.25,25,ep3
1788345221,18:33:41,69.0,58.0,61.0,59,94.52,33,ep3
1788345226,18:33:46,72.0,58.0,61.0,59,94.01,35,ep3
1788345231,18:33:51,69.0,59.0,61.0,59,97.28,29,ep3
1788345236,18:33:56,77.0,77.0,62.0,60,96.85,34,ep3
1788345241,18:34:01,68.0,58.0,62.0,60,97.02,30,ep3
1788345246,18:34:06,72.0,57.0,65.0,60,96.90,30,ep3
1788345251,18:34:11,67.0,60.0,62.0,59,95.13,30,ep3
1788345256,18:34:16,82.0,56.0,66.0,59,94.82,29,ep3
1788345261,18:34:21,67.0,60.0,59.0,59,95.12,30,ep3
1788345266,18:34:26,75.0,62.0,67.0,59,94.88,30,ep3
1788345272,18:34:32,66.0,58.0,61.0,60,93.67,30,ep3
1788345277,18:34:37,76.0,76.0,61.0,59,94.99,30,ep3
1788345282,18:34:42,64.0,58.0,59.0,59,94.94,30,ep3
1788345287,18:34:47,80.0,60.0,61.0,59,94.67,30,ep3
1788345292,18:34:52,64.0,59.0,62.0,59,94.67,30,ep3
1788345297,18:34:57,69.0,69.0,66.0,59,94.80,30,ep3
1788345302,18:35:02,66.0,60.0,61.0,59,94.84,34,ep3
1788345307,18:35:07,82.0,59.0,82.0,60,94.97,28,ep3
1788345312,18:35:12,67.0,60.0,65.0,60,95.11,30,ep3
1788345317,18:35:17,73.0,66.0,61.0,60,94.98,30,ep3
1788345322,18:35:22,66.0,59.0,59.0,60,94.86,28,ep3
1788345327,18:35:27,83.0,58.0,83.0,60,96.54,25,ep3
1788345332,18:35:32,73.0,56.0,62.0,60,96.36,28,ep3
1788345337,18:35:37,77.0,68.0,62.0,60,94.36,25,ep3
1788345342,18:35:42,67.0,58.0,62.0,60,94.37,33,ep3
1788345347,18:35:47,70.0,59.0,61.0,59,94.28,28,ep3
1788345352,18:35:52,69.0,59.0,61.0,59,94.58,33,ep3
1788345357,18:35:57,67.0,64.0,62.0,59,94.66,35,ep3
1788345362,18:36:02,69.0,56.0,59.0,60,97.68,30,ep3
1788345368,18:36:08,72.0,61.0,61.0,60,95.91,35,ep3
1788345373,18:36:13,67.0,63.0,65.0,61,94.90,29,ep3
1788345378,18:36:18,70.0,59.0,66.0,59,93.95,30,ep3
1788345383,18:36:23,71.0,60.0,62.0,59,95.19,30,ep3
1788345388,18:36:28,81.0,61.0,62.0,59,93.75,30,ep3
1788345393,18:36:33,68.0,60.0,61.0,59,94.97,30,ep3
1788345398,18:36:38,78.0,61.0,61.0,59,95.20,30,ep3
1788345403,18:36:43,67.0,59.0,61.0,60,94.96,30,ep3
1788345408,18:36:48,66.0,64.0,61.0,59,95.11,30,ep3
1788345413,18:36:53,67.0,59.0,63.0,59,95.20,30,ep3
1788345418,18:36:58,74.0,58.0,62.0,59,95.23,30,ep3
1788345423,18:37:03,67.0,66.0,62.0,60,94.61,30,ep3
1788345428,18:37:08,72.0,59.0,62.0,60,94.70,30,ep3
1788345433,18:37:13,66.0,59.0,61.0,59,95.04,31,ep3
1788345438,18:37:18,69.0,58.0,61.0,59,95.21,28,ep3
1788345443,18:37:23,66.0,59.0,61.0,60,93.91,31,ep3
1788345448,18:37:28,76.0,59.0,76.0,60,95.04,30,ep3
1788345453,18:37:33,66.0,56.0,61.0,60,93.61,19,ep3
1788345458,18:37:38,75.0,58.0,61.0,60,94.97,25,ep3
1788345464,18:37:44,62.0,56.0,61.0,60,94.32,16,ep3
1788345469,18:37:49,75.0,60.0,67.0,60,96.38,24,ep3
1788345474,18:37:54,66.0,58.0,61.0,60,94.09,33,ep3
1788345479,18:37:59,77.0,63.0,62.0,59,94.39,24,ep3
1788345484,18:38:04,69.0,59.0,61.0,59,94.10,33,ep3
1788345489,18:38:09,70.0,64.0,62.0,59,94.73,35,ep3
1788345494,18:38:14,70.0,60.0,62.0,59,97.50,30,ep3
1788345499,18:38:19,66.0,56.0,63.0,59,94.82,30,ep3
1788345505,18:38:25,66.0,58.0,59.0,59,90.86,30,ep3
1788345510,18:38:30,67.0,59.0,61.0,59,95.01,31,ep3
1788345515,18:38:35,66.0,60.0,62.0,59,94.87,28,ep3
1788345520,18:38:40,66.0,59.0,61.0,59,93.85,27,ep3
1788345525,18:38:45,72.0,72.0,62.0,59,96.66,28,ep3
1788345530,18:38:50,67.0,60.0,61.0,60,95.15,17,ep3
1788345535,18:38:55,66.0,59.0,62.0,60,94.11,33,ep3
1788345540,18:39:00,69.0,61.0,62.0,60,94.71,24,ep3
1788345545,18:39:05,73.0,60.0,62.0,59,94.39,33,ep3
1788345550,18:39:10,70.0,60.0,61.0,59,94.25,34,ep3
1788345555,18:39:15,73.0,58.0,59.0,59,97.52,30,ep3
1788345560,18:39:20,72.0,60.0,59.0,60,97.22,34,ep3
1788345565,18:39:25,66.0,58.0,58.0,60,97.40,29,ep3
1788345570,18:39:30,66.0,56.0,61.0,61,94.66,30,ep3
1788345575,18:39:35,66.0,59.0,62.0,59,94.73,29,ep3
1788345580,18:39:40,66.0,58.0,61.0,59,94.65,29,ep3
1788345585,18:39:45,66.0,58.0,61.0,59,94.89,30,ep3
1788345590,18:39:50,64.0,56.0,59.0,59,95.12,30,ep3
1788345595,18:39:55,66.0,59.0,59.0,59,94.66,30,ep3
1788345600,18:40:00,66.0,58.0,61.0,59,95.06,30,ep3
1788345606,18:40:06,66.0,59.0,61.0,60,93.90,30,ep3
1788345611,18:40:11,66.0,58.0,61.0,60,94.79,33,ep3
1788345616,18:40:16,68.0,63.0,61.0,59,94.81,30,ep3
1788345621,18:40:21,66.0,60.0,65.0,59,95.33,31,ep3
1788345626,18:40:26,67.0,58.0,61.0,59,93.77,29,ep3
1788345631,18:40:31,67.0,59.0,63.0,60,95.29,30,ep3
1788345636,18:40:36,66.0,58.0,62.0,60,93.74,25,ep3
1788345641,18:40:41,66.0,58.0,61.0,59,94.93,28,ep3
1788345646,18:40:46,66.0,58.0,58.0,60,96.27,25,ep3
1788345651,18:40:51,67.0,60.0,63.0,60,96.85,28,ep3
1788345656,18:40:56,64.0,58.0,58.0,60,95.09,25,ep3
1788345661,18:41:01,78.0,59.0,78.0,60,94.94,33,ep3
1788345666,18:41:06,65.0,61.0,58.0,60,96.39,27,ep3
1788345671,18:41:11,71.0,59.0,61.0,60,94.15,29,ep3
1788345676,18:41:16,70.0,59.0,58.0,59,94.07,33,ep3
1788345681,18:41:21,70.0,60.0,59.0,59,94.13,35,ep3
1788345686,18:41:26,70.0,60.0,59.0,59,94.07,33,ep3
1788345691,18:41:31,70.0,60.0,61.0,60,96.13,35,ep3
1788345697,18:41:37,68.0,58.0,58.0,60,97.38,29,ep3
1788345702,18:41:42,68.0,60.0,58.0,60,97.57,35,ep3
1788345707,18:41:47,66.0,58.0,57.0,60,94.72,29,ep3
1788345712,18:41:52,66.0,56.0,57.0,60,94.62,30,ep3
1788345717,18:41:57,66.0,59.0,57.0,59,94.87,30,ep3
1788345722,18:42:02,71.0,58.0,65.0,59,94.34,30,ep3
1788345727,18:42:07,64.0,58.0,57.0,59,94.68,30,ep3
1788345732,18:42:12,69.0,60.0,61.0,59,94.54,30,ep3
1788345737,18:42:17,67.0,58.0,57.0,59,94.83,30,ep3
1788345742,18:42:22,64.0,59.0,57.0,59,94.69,30,ep3
1788345747,18:42:27,67.0,59.0,59.0,59,94.43,30,ep3
1788345752,18:42:32,64.0,58.0,58.0,60,94.50,30,ep3
1788345757,18:42:37,67.0,58.0,58.0,59,94.77,30,ep3
1788345762,18:42:42,66.0,57.0,58.0,59,94.79,30,ep3
1788345767,18:42:47,67.0,61.0,59.0,59,94.39,31,ep3
1788345772,18:42:52,67.0,60.0,61.0,59,94.73,29,ep3
1788345777,18:42:57,67.0,59.0,61.0,59,95.61,25,ep3
1788345782,18:43:02,66.0,55.0,58.0,59,94.51,30,ep3
1788345787,18:43:07,66.0,60.0,59.0,60,95.30,23,ep3
1788345793,18:43:13,66.0,60.0,61.0,60,96.23,25,ep3
1788345798,18:43:18,68.0,59.0,59.0,60,93.10,33,ep3
1788345803,18:43:23,67.0,56.0,61.0,59,94.58,30,ep3
1788345808,18:43:28,68.0,61.0,61.0,59,94.72,30,ep3
1788345813,18:43:33,67.0,61.0,61.0,59,94.67,30,ep3
1788345818,18:43:38,68.0,61.0,62.0,59,93.22,30,ep? s50
1788345823,18:43:43,67.0,60.0,61.0,60,94.88,31,ep? s50
1788345828,18:43:48,67.0,61.0,61.0,59,93.42,30,ep? s50
1788345833,18:43:53,70.0,61.0,62.0,59,94.70,33,ep? s50
1788345839,18:43:59,66.0,60.0,61.0,59,95.06,31,ep? s50
1788345844,18:44:04,66.0,59.0,61.0,59,94.89,30,ep? s50
1788345849,18:44:09,68.0,61.0,61.0,59,94.61,31,ep? s50
1788345854,18:44:14,67.0,60.0,58.0,59,94.79,27,ep? s50
1788345859,18:44:19,66.0,60.0,61.0,59,96.26,25,ep? s50
1788345864,18:44:24,66.0,63.0,65.0,60,96.26,28,ep? s50
1788345869,18:44:29,67.0,63.0,61.0,60,96.12,24,ep? s50
1788345874,18:44:34,65.0,60.0,62.0,60,93.87,33,ep? s50
1788345879,18:44:39,65.0,65.0,59.0,60,95.76,27,ep? s50
1788345884,18:44:44,70.0,60.0,61.0,59,93.84,33,ep? s50
1788345889,18:44:49,70.0,59.0,63.0,59,94.00,34,ep? s50
1788345894,18:44:54,69.0,60.0,59.0,59,96.14,29,ep? s50
1788345899,18:44:59,69.0,59.0,61.0,59,93.99,34,ep? s50
1788345904,18:45:04,70.0,60.0,61.0,59,97.00,35,ep? s50
1788345909,18:45:09,67.0,60.0,61.0,60,97.12,29,ep? s50
1788345914,18:45:14,66.0,60.0,62.0,60,92.58,30,ep? s50
1788345919,18:45:19,66.0,60.0,61.0,59,94.70,29,ep? s150
1788345924,18:45:24,65.0,57.0,59.0,59,94.78,30,ep? s150
1788345929,18:45:29,65.0,60.0,61.0,59,94.94,30,ep? s150
1788345935,18:45:35,66.0,59.0,61.0,59,95.15,30,ep? s150
1788345940,18:45:40,66.0,61.0,61.0,59,94.93,30,ep? s150
1788345945,18:45:45,65.0,58.0,61.0,59,94.82,30,ep? s150
1788345950,18:45:50,66.0,58.0,61.0,59,95.09,30,ep? s150
1788345955,18:45:55,65.0,58.0,61.0,59,95.07,30,ep? s150
1788345960,18:46:00,65.0,58.0,61.0,60,94.44,30,ep? s150
1788345965,18:46:05,65.0,58.0,59.0,59,94.57,30,ep? s150
1788345970,18:46:10,68.0,61.0,63.0,59,94.48,30,ep? s200
1788345975,18:46:15,67.0,58.0,61.0,59,94.70,30,ep? s200
1788345980,18:46:20,65.0,59.0,58.0,59,94.42,30,ep? s200
1788345985,18:46:25,65.0,58.0,59.0,59,94.61,28,ep? s200
1788345990,18:46:30,65.0,59.0,61.0,59,93.30,31,ep? s200
1788345995,18:46:35,65.0,56.0,57.0,59,96.48,28,ep? s200
1788346000,18:46:40,66.0,56.0,58.0,59,95.95,25,ep? s200
1788346005,18:46:45,65.0,58.0,58.0,60,96.47,28,ep? s200
1788346010,18:46:50,65.0,58.0,58.0,61,93.43,17,ep? s200
1788346015,18:46:55,64.0,58.0,59.0,59,94.20,33,ep? s200
1788346020,18:47:00,65.0,58.0,59.0,59,92.91,33,ep? s250
1788346026,18:47:06,70.0,58.0,58.0,59,93.99,33,ep? s250
1788346031,18:47:11,69.0,59.0,58.0,59,93.80,34,ep? s250
1788346036,18:47:16,68.0,56.0,58.0,59,97.07,30,ep? s250
1788346041,18:47:21,69.0,59.0,58.0,59,94.00,34,ep? s250
1788346046,18:47:26,71.0,58.0,59.0,60,94.73,29,ep? s250
1788346051,18:47:31,64.0,58.0,59.0,60,97.90,30,ep? s250
1788346056,18:47:36,65.0,59.0,58.0,59,94.63,30,ep? s250
1788346061,18:47:41,65.0,59.0,62.0,59,94.78,29,ep? s250
1788346066,18:47:46,67.0,60.0,62.0,59,93.44,30,ep? s250
1788346071,18:47:51,66.0,58.0,61.0,59,94.54,30,ep? s300
1788346076,18:47:56,65.0,63.0,61.0,59,94.83,30,ep? s300
1788346081,18:48:01,65.0,56.0,59.0,59,94.73,30,ep? s300
1788346086,18:48:06,66.0,59.0,61.0,59,94.70,30,ep? s300
1788346091,18:48:11,65.0,58.0,58.0,60,94.87,30,ep? s300
1788346096,18:48:16,66.0,56.0,57.0,59,94.47,30,ep? s300
1788346101,18:48:21,66.0,59.0,66.0,59,94.85,30,ep? s300
1788346107,18:48:27,69.0,59.0,61.0,59,93.99,35,ep? s300
1788346112,18:48:32,69.0,58.0,61.0,59,97.09,29,ep? s300
1788346117,18:48:37,69.0,58.0,61.0,59,97.47,35,ep? s300
1788346122,18:48:42,66.0,59.0,61.0,61,94.91,30,ep? s350
1788346127,18:48:47,65.0,58.0,59.0,59,94.48,30,ep? s350
1788346132,18:48:52,65.0,58.0,58.0,59,94.66,29,ep? s350
1788346137,18:48:57,65.0,58.0,61.0,59,94.96,30,ep? s350
1788346142,18:49:02,69.0,58.0,69.0,59,93.79,30,ep? s350
1788346147,18:49:07,65.0,56.0,58.0,59,94.48,30,ep? s350
1788346153,18:49:13,67.0,61.0,67.0,59,94.90,30,ep? s350
1788346158,18:49:18,66.0,59.0,59.0,59,95.18,30,ep? s350
1788346163,18:49:23,65.0,59.0,61.0,59,94.92,30,ep? s350
1788346168,18:49:28,65.0,56.0,57.0,59,94.99,34,ep? s350
1788346173,18:49:33,65.0,56.0,57.0,59,95.03,30,ep? s400
1788346178,18:49:38,63.0,56.0,59.0,59,94.80,34,ep? s400
1788346183,18:49:43,65.0,55.0,61.0,59,95.05,31,ep? s400
1788346188,18:49:48,65.0,56.0,57.0,60,94.58,23,ep? s400
1788346193,18:49:53,65.0,59.0,59.0,59,94.60,30,ep? s400
1788346198,18:49:58,66.0,60.0,61.0,59,95.83,25,ep? s400
1788346203,18:50:03,66.0,62.0,59.0,60,95.66,27,ep? s400
1788346208,18:50:08,67.0,61.0,59.0,59,94.86,25,ep? s400
1788346213,18:50:13,68.0,59.0,58.0,59,93.69,29,ep? s400
1788346218,18:50:18,73.0,59.0,61.0,59,93.91,34,ep? s400
1788346223,18:50:23,72.0,59.0,61.0,59,95.89,30,ep? s450
1788346228,18:50:28,69.0,63.0,59.0,59,96.60,34,ep? s450
1788346233,18:50:33,69.0,62.0,59.0,59,94.52,30,ep? s450
1788346238,18:50:38,65.0,59.0,59.0,60,93.29,29,ep? s450
1788346243,18:50:43,65.0,65.0,61.0,60,94.81,31,ep? s450
1788346249,18:50:49,65.0,59.0,59.0,59,93.33,30,ep? s450
1788346254,18:50:54,65.0,58.0,59.0,59,94.67,30,ep? s450
1788346259,18:50:59,66.0,59.0,58.0,59,94.60,30,ep? s450
1788346264,18:51:04,65.0,59.0,59.0,59,94.56,30,ep? s450
1788346269,18:51:09,66.0,59.0,59.0,59,94.48,30,ep? s450
1788346274,18:51:14,66.0,62.0,58.0,59,94.85,30,ep? s450
1788346279,18:51:19,66.0,60.0,61.0,59,94.87,30,ep? s500
1788346284,18:51:24,66.0,62.0,59.0,59,94.70,30,ep? s500
1788346289,18:51:29,66.0,59.0,61.0,60,94.24,32,ep? s500
1788346294,18:51:34,66.0,58.0,66.0,59,94.97,31,ep? s500
1788346299,18:51:39,65.0,59.0,61.0,59,94.72,28,ep? s500
1788346304,18:51:44,66.0,61.0,62.0,59,94.68,32,ep? s500
1788346309,18:51:49,65.0,60.0,67.0,59,94.85,30,ep? s500
1788346314,18:51:54,63.0,59.0,61.0,59,95.69,25,ep? s500
1788346319,18:51:59,65.0,56.0,61.0,59,94.46,30,ep? s500
1788346324,18:52:04,67.0,59.0,65.0,59,94.96,24,ep? s500
1788346329,18:52:09,63.0,60.0,61.0,60,95.20,27,ep? s550
1788346334,18:52:14,65.0,63.0,62.0,59,93.69,18,ep? s550
1788346339,18:52:19,67.0,62.0,61.0,59,93.47,27,ep? s550
1788346345,18:52:25,67.0,59.0,62.0,59,93.87,33,ep? s550
1788346350,18:52:30,73.0,59.0,62.0,59,93.80,36,ep? s550
1788346355,18:52:35,77.0,59.0,61.0,59,93.83,33,ep? s550
1788346360,18:52:40,73.0,59.0,61.0,59,97.22,35,ep? s550
1788346365,18:52:45,69.0,60.0,69.0,60,97.31,29,ep? s550
1788346370,18:52:50,66.0,60.0,61.0,59,89.27,27,ep? s550
1788346375,18:52:55,65.0,59.0,61.0,59,94.35,29,ep? s550
1788346380,18:53:00,66.0,61.0,62.0,59,94.48,30,ep? s600
1788346385,18:53:05,66.0,59.0,61.0,59,94.83,30,ep? s600
1788346390,18:53:10,67.0,60.0,63.0,59,94.57,30,ep? s600
1788346395,18:53:15,67.0,60.0,61.0,59,91.85,30,ep? s600
1788346400,18:53:20,66.0,60.0,61.0,59,93.65,30,ep? s600
1788346405,18:53:25,66.0,60.0,61.0,59,94.92,30,ep? s600
1788346411,18:53:31,66.0,59.0,62.0,59,93.51,25,ep? s600
1788346416,18:53:36,65.0,59.0,65.0,59,95.65,28,ep? s600
1788346421,18:53:41,79.0,60.0,62.0,60,93.69,25,ep? s600
1788346426,18:53:46,67.0,60.0,62.0,60,94.35,33,ep? s600
1788346431,18:53:51,67.0,63.0,61.0,59,93.01,34,ep? s650
1788346436,18:53:56,70.0,60.0,61.0,59,93.08,30,ep? s650
1788346441,18:54:01,73.0,60.0,61.0,59,94.04,34,ep? s650
1788346446,18:54:06,69.0,61.0,61.0,59,94.41,32,ep? s650
1788346451,18:54:11,71.0,60.0,61.0,59,94.14,34,ep? s650
1788346456,18:54:16,65.0,61.0,65.0,60,94.65,29,ep? s650
1788346461,18:54:21,61.0,59.0,61.0,60,97.61,30,ep? s650
1788346467,18:54:27,66.0,60.0,66.0,59,94.57,30,ep? s650
1788346472,18:54:32,65.0,59.0,62.0,59,94.67,30,ep? s650
1788346477,18:54:37,65.0,58.0,57.0,59,94.32,30,ep? s650
1788346482,18:54:42,65.0,59.0,61.0,59,94.32,30,ep? s700
1788346487,18:54:47,66.0,59.0,62.0,59,94.59,30,ep? s700
1788346492,18:54:52,65.0,59.0,61.0,59,94.57,30,ep? s700
1788346497,18:54:57,62.0,59.0,59.0,59,94.41,30,ep? s700
1788346502,18:55:02,66.0,59.0,58.0,59,94.73,30,ep? s700
1788346507,18:55:07,68.0,59.0,58.0,59,93.35,31,ep? s700
1788346512,18:55:12,66.0,59.0,62.0,59,94.82,30,ep? s700
1788346517,18:55:17,65.0,59.0,58.0,59,94.65,31,ep? s700
1788346522,18:55:22,65.0,59.0,58.0,59,94.30,28,ep? s700
1788346527,18:55:27,65.0,58.0,57.0,59,96.61,25,ep? s700
1788346532,18:55:32,66.0,61.0,61.0,59,95.90,29,ep? s750
1788346537,18:55:37,65.0,61.0,59.0,59,94.65,27,ep? s750
1788346542,18:55:42,65.0,61.0,58.0,59,95.64,27,ep? s750
1788346547,18:55:47,65.0,60.0,61.0,60,96.18,28,ep? s750
1788346552,18:55:52,65.0,58.0,61.0,60,93.72,25,ep? s750
1788346557,18:55:57,67.0,60.0,58.0,60,93.56,33,ep? s750
1788346563,18:56:03,72.0,60.0,62.0,59,93.78,35,ep? s750
1788346568,18:56:08,74.0,60.0,61.0,59,93.54,33,ep? s750
1788346573,18:56:13,70.0,60.0,63.0,59,89.38,30,ep? s750
1788346578,18:56:18,71.0,60.0,59.0,59,97.04,29,ep? s750
1788346583,18:56:23,66.0,59.0,62.0,60,97.26,30,ep? s800
1788346588,18:56:28,65.0,59.0,61.0,60,94.56,29,ep? s800
1788346593,18:56:33,66.0,61.0,62.0,59,94.18,30,ep? s800
1788346598,18:56:38,65.0,60.0,63.0,59,94.68,30,ep? s800
1788346603,18:56:43,66.0,60.0,62.0,59,93.20,30,ep? s800
1788346608,18:56:48,66.0,60.0,62.0,59,94.28,30,ep? s800
1788346613,18:56:53,66.0,59.0,61.0,59,94.38,30,ep? s800
1788346618,18:56:58,65.0,58.0,61.0,59,94.65,30,ep? s800
1788346623,18:57:03,65.0,58.0,61.0,59,93.28,30,ep? s800
1788346628,18:57:08,65.0,55.0,61.0,59,94.34,30,ep? s800
1788346633,18:57:13,65.0,58.0,61.0,59,94.24,30,ep? s850
1788346638,18:57:18,65.0,59.0,59.0,59,94.33,30,ep? s850
1788346643,18:57:23,65.0,56.0,59.0,59,94.14,30,ep? s850
1788346648,18:57:28,65.0,58.0,58.0,59,94.51,30,ep? s850
1788346653,18:57:33,65.0,58.0,61.0,59,94.60,28,ep? s850
1788346659,18:57:39,66.0,59.0,61.0,59,94.68,31,ep? s850
1788346664,18:57:44,65.0,60.0,61.0,59,96.12,28,ep? s850
1788346669,18:57:49,63.0,60.0,61.0,60,96.02,25,ep? s850
1788346674,18:57:54,67.0,60.0,61.0,59,96.02,28,ep? s850
1788346679,18:57:59,66.0,59.0,59.0,59,93.08,24,ep? s850
1788346684,18:58:04,72.0,59.0,62.0,59,93.63,33,ep? s900
1788346689,18:58:09,75.0,62.0,61.0,59,93.86,36,ep? s900
1788346694,18:58:14,70.0,62.0,61.0,59,93.79,33,ep? s900
1788346699,18:58:19,72.0,62.0,61.0,59,96.64,34,ep? s900
1788346704,18:58:24,68.0,58.0,62.0,59,97.22,29,ep? s900
1788346709,18:58:29,69.0,58.0,59.0,60,94.55,29,ep? s900
1788346715,18:58:35,65.0,60.0,59.0,59,94.66,30,ep? s900
1788346720,18:58:40,81.0,58.0,61.0,59,93.57,30,ep? s900
1788346725,18:58:45,66.0,59.0,66.0,59,94.59,28,ep? s900
1788346730,18:58:50,65.0,58.0,61.0,59,93.26,18,ep? s900
1788346735,18:58:55,65.0,59.0,61.0,59,95.83,28,ep? s950
1788346740,18:59:00,66.0,59.0,61.0,59,94.40,25,ep? s950
1788346745,18:59:05,67.0,56.0,59.0,60,94.33,33,ep? s950
1788346750,18:59:10,68.0,60.0,58.0,60,95.01,25,ep? s950
1788346755,18:59:15,71.0,71.0,61.0,60,94.74,33,ep? s950
1788346760,18:59:20,70.0,59.0,62.0,59,93.73,34,ep? s950
1788346765,18:59:25,68.0,59.0,59.0,59,93.79,31,ep? s950
1788346770,18:59:30,73.0,60.0,61.0,59,93.78,34,ep? s950
1788346775,18:59:35,68.0,60.0,61.0,59,93.76,33,ep? s950
1788346780,18:59:40,72.0,59.0,59.0,59,93.85,33,ep? s950
1788346786,18:59:46,66.0,56.0,57.0,60,94.82,32,ep? s1000
1788346791,18:59:51,62.0,56.0,57.0,60,97.14,29,ep? s1000
1788346796,18:59:56,63.0,58.0,58.0,59,94.31,30,ep? s1000
1788346801,19:00:01,65.0,58.0,65.0,59,94.43,29,ep? s1000
1788346806,19:00:06,63.0,58.0,57.0,59,93.88,30,ep? s1000
1788346811,19:00:11,65.0,56.0,59.0,59,94.27,30,ep? s1000
1788346816,19:00:16,64.0,55.0,59.0,59,94.30,30,ep? s1000
1788346821,19:00:21,65.0,58.0,59.0,59,94.32,30,ep? s1000
1788346826,19:00:26,63.0,58.0,57.0,59,94.38,30,ep? s1000
1788346831,19:00:31,63.0,56.0,57.0,59,94.47,30,ep? s1000
1788346836,19:00:36,65.0,59.0,61.0,59,94.17,30,ep? s1050
1788346841,19:00:41,65.0,58.0,59.0,59,94.60,30,ep? s1050
1788346846,19:00:46,66.0,61.0,61.0,59,94.51,30,ep? s1050
1788346851,19:00:51,66.0,60.0,59.0,59,94.61,30,ep? s1050
1788346856,19:00:56,65.0,57.0,62.0,59,94.58,28,ep? s1050
1788346861,19:01:01,66.0,60.0,61.0,59,94.57,31,ep? s1050
1788346866,19:01:06,65.0,58.0,61.0,59,95.74,28,ep? s1050
1788346871,19:01:11,65.0,60.0,61.0,59,96.35,25,ep? s1050
1788346876,19:01:16,66.0,58.0,61.0,59,94.37,33,ep? s1050
1788346881,19:01:21,66.0,58.0,61.0,60,94.00,26,ep? s1050
1788346887,19:01:27,67.0,59.0,67.0,59,93.71,27,ep? s1100
1788346892,19:01:32,65.0,60.0,65.0,59,92.90,33,ep? s1100
1788346897,19:01:37,72.0,58.0,63.0,59,93.86,35,ep? s1100
1788346902,19:01:42,71.0,59.0,61.0,59,93.79,33,ep? s1100
1788346907,19:01:47,72.0,58.0,59.0,59,93.97,35,ep? s1100
1788346912,19:01:52,70.0,59.0,61.0,59,97.06,30,ep? s1100
1788346917,19:01:57,82.0,58.0,67.0,60,97.16,35,ep? s1100
1788346922,19:02:02,65.0,60.0,66.0,60,94.34,29,ep? s1100
1788346927,19:02:07,62.0,58.0,59.0,59,94.50,30,ep? s1100
1788346932,19:02:12,66.0,60.0,61.0,59,94.35,30,ep? s1100
1788346937,19:02:17,67.0,67.0,62.0,59,94.53,30,ep? s1150
1788346942,19:02:22,65.0,58.0,61.0,59,94.63,30,ep? s1150
1788346947,19:02:27,63.0,60.0,59.0,59,94.70,30,ep? s1150
1788346952,19:02:32,65.0,60.0,62.0,59,94.72,30,ep? s1150
1788346957,19:02:37,63.0,58.0,58.0,59,94.86,30,ep? s1150
1788346962,19:02:42,63.0,59.0,59.0,59,94.68,30,ep? s1150
1788346967,19:02:47,65.0,59.0,62.0,59,94.58,30,ep? s1150
1788346972,19:02:52,65.0,63.0,59.0,59,94.39,30,ep? s1150
1788346977,19:02:57,68.0,68.0,58.0,59,94.69,30,ep? s1150
1788346983,19:03:03,82.0,56.0,58.0,59,94.84,31,ep? s1150
1788346988,19:03:08,65.0,58.0,58.0,59,93.77,21,ep? s1200
1788346993,19:03:13,66.0,57.0,62.0,60,94.61,31,ep? s1200
1788346998,19:03:18,67.0,58.0,59.0,59,94.46,29,ep? s1200
1788347003,19:03:23,65.0,60.0,61.0,59,95.56,25,ep? s1200
1788347008,19:03:28,64.0,55.0,61.0,59,92.80,18,ep? s1200
1788347013,19:03:33,64.0,56.0,58.0,59,94.42,25,ep? s1200
1788347018,19:03:38,67.0,60.0,61.0,59,93.21,30,ep? s1200
1788347024,19:03:44,74.0,74.0,61.0,59,94.40,31,ep? s1200
1788347029,19:03:49,65.0,56.0,58.0,59,94.55,30,ep? s1200
1788347034,19:03:54,68.0,63.0,58.0,59,94.77,30,ep? s1200
1788347039,19:03:59,65.0,61.0,59.0,59,94.42,31,ep? s1250
1788347044,19:04:04,74.0,74.0,59.0,59,94.45,31,ep? s1250
1788347049,19:04:09,65.0,60.0,58.0,59,94.57,31,ep? s1250
1788347054,19:04:14,72.0,62.0,59.0,59,94.57,30,ep? s1250
1788347059,19:04:19,63.0,58.0,57.0,59,94.29,34,ep? s1250
1788347064,19:04:24,74.0,61.0,58.0,59,94.39,29,ep? s1250
1788347069,19:04:29,65.0,58.0,58.0,59,94.48,30,ep? s1250
1788347074,19:04:34,70.0,58.0,61.0,59,95.39,29,ep? s1250
1788347079,19:04:39,62.0,60.0,59.0,59,93.95,27,ep? s1250
1788347084,19:04:44,72.0,63.0,66.0,59,94.73,30,ep? s1250
1788347089,19:04:49,61.0,61.0,58.0,59,95.87,28,ep? s1300
1788347094,19:04:54,72.0,54.0,61.0,59,92.99,22,ep? s1300
1788347099,19:04:59,68.0,55.0,58.0,59,93.40,33,ep? s1300
1788347104,19:05:04,73.0,56.0,58.0,59,92.97,34,ep? s1300
1788347109,19:05:09,68.0,55.0,58.0,59,93.55,33,ep? s1300
1788347114,19:05:14,67.0,62.0,59.0,59,93.52,31,ep? s1300
1788347119,19:05:19,65.0,59.0,61.0,60,97.35,29,ep? s1300
1788347125,19:05:25,70.0,59.0,61.0,60,94.39,31,ep? s1300
1788347130,19:05:30,69.0,59.0,61.0,59,94.73,29,ep? s1300
1788347135,19:05:35,77.0,61.0,61.0,59,94.65,30,ep? s1300
1788347140,19:05:40,66.0,60.0,61.0,59,94.73,30,ep? s1300
1788347145,19:05:45,74.0,59.0,58.0,59,95.02,31,ep? s1350
1788347150,19:05:50,63.0,59.0,59.0,59,95.11,30,ep? s1350
1788347155,19:05:55,75.0,64.0,58.0,59,94.80,30,ep? s1350
1788347160,19:06:00,65.0,59.0,62.0,59,94.55,32,ep? s1350
1788347165,19:06:05,85.0,58.0,85.0,59,94.81,30,ep? s1350
1788347170,19:06:10,65.0,59.0,59.0,59,94.98,30,ep? s1350
1788347175,19:06:15,71.0,58.0,63.0,59,95.19,31,ep? s1350
1788347180,19:06:20,65.0,62.0,61.0,59,93.60,20,ep? s1350
1788347185,19:06:25,73.0,73.0,61.0,59,94.76,31,ep? s1350
1788347190,19:06:30,66.0,60.0,61.0,59,94.78,20,ep? s1350
1788347195,19:06:35,75.0,62.0,75.0,59,96.36,24,ep? s1400
1788347200,19:06:40,63.0,58.0,61.0,59,95.82,33,ep? s1400
1788347205,19:06:45,75.0,61.0,59.0,59,93.93,25,ep? s1400
1788347210,19:06:50,65.0,58.0,59.0,59,93.25,31,ep? s1400
1788347215,19:06:55,67.0,56.0,61.0,59,94.11,35,ep? s1400
1788347221,19:07:01,70.0,59.0,59.0,59,95.57,29,ep? s1400
1788347226,19:07:06,79.0,56.0,79.0,59,96.77,35,ep? s1400
1788347231,19:07:11,71.0,59.0,59.0,59,94.55,29,ep? s1400
1788347236,19:07:16,71.0,71.0,59.0,59,93.28,30,ep? s1400
1788347241,19:07:21,63.0,55.0,58.0,59,94.36,30,ep? s1400
1788347246,19:07:26,72.0,58.0,59.0,59,94.40,30,ep? s1450
1788347251,19:07:31,65.0,58.0,61.0,59,94.15,30,ep? s1450
1788347256,19:07:36,85.0,60.0,85.0,59,94.35,31,ep? s1450
1788347261,19:07:41,68.0,61.0,62.0,59,94.78,30,ep? s1450
1788347266,19:07:46,85.0,58.0,85.0,59,94.44,30,ep? s1450
1788347271,19:07:51,67.0,58.0,61.0,59,94.55,30,ep? s1450
1788347276,19:07:56,71.0,71.0,65.0,59,94.98,31,ep? s1450
1788347281,19:08:01,66.0,60.0,61.0,59,95.05,31,ep? s1450
1788347286,19:08:06,71.0,71.0,61.0,59,94.79,30,ep? s1450
1788347291,19:08:11,66.0,59.0,59.0,59,93.50,31,ep? s1450
1788347296,19:08:16,69.0,58.0,58.0,59,94.42,29,ep? s1500
1788347301,19:08:21,66.0,60.0,61.0,59,94.57,31,ep? s1500
1788347306,19:08:26,73.0,73.0,61.0,59,95.02,29,ep? s1500
1788347311,19:08:31,63.0,56.0,61.0,59,95.64,24,ep? s1500
1788347316,19:08:36,76.0,56.0,61.0,59,94.63,32,ep? s1500
1788347322,19:08:42,66.0,60.0,61.0,59,94.88,29,ep? s1500
1788347327,19:08:47,70.0,58.0,63.0,59,94.62,30,ep? s1500
1788347332,19:08:52,66.0,59.0,58.0,59,94.87,30,ep? s1500
1788347337,19:08:57,66.0,61.0,61.0,59,94.94,30,ep? s1500
1788347342,19:09:02,64.0,58.0,61.0,59,94.91,30,ep? s1500
1788347347,19:09:07,75.0,60.0,58.0,59,94.75,30,ep? s1550
1788347352,19:09:12,64.0,56.0,58.0,59,94.51,30,ep? s1550
1788347357,19:09:17,74.0,59.0,58.0,59,94.83,31,ep? s1550
1788347362,19:09:22,66.0,59.0,59.0,59,94.71,28,ep? s1550
1788347368,19:09:28,70.0,64.0,61.0,59,93.65,30,ep? s1550
1788347373,19:09:33,67.0,59.0,67.0,59,96.24,28,ep? s1550
1788347378,19:09:38,68.0,68.0,58.0,60,95.62,28,ep? s1550
1788347383,19:09:43,71.0,58.0,61.0,59,93.86,33,ep? s1550
1788347388,19:09:48,77.0,58.0,59.0,59,93.30,25,ep? s1550
1788347393,19:09:53,71.0,58.0,59.0,59,94.02,33,ep? s1550
1788347398,19:09:58,69.0,69.0,58.0,59,94.06,34,ep? s1600
1788347403,19:10:03,71.0,57.0,58.0,59,94.04,33,ep? s1600
1788347408,19:10:08,70.0,61.0,59.0,59,94.91,34,ep? s1600
1788347413,19:10:13,71.0,59.0,61.0,59,97.21,29,ep? s1600
1788347418,19:10:18,69.0,59.0,58.0,59,94.43,30,ep? s1600
1788347423,19:10:23,64.0,59.0,58.0,59,94.89,29,ep? s1600
1788347428,19:10:28,63.0,57.0,57.0,60,94.51,29,ep? s1600
1788347433,19:10:33,66.0,60.0,61.0,59,94.90,30,ep? s1600
1788347438,19:10:38,64.0,59.0,58.0,59,94.59,30,ep? s1600
1788347443,19:10:43,66.0,59.0,59.0,59,94.83,30,ep? s1600
1788347448,19:10:48,66.0,61.0,62.0,59,94.53,30,ep? s1650
1788347453,19:10:53,66.0,59.0,61.0,59,93.36,30,ep? s1650
1788347458,19:10:58,64.0,61.0,61.0,59,94.18,30,ep? s1650
1788347464,19:11:04,64.0,58.0,62.0,59,93.68,30,ep? s1650
1788347469,19:11:09,66.0,59.0,63.0,59,94.61,30,ep? s1650
1788347474,19:11:14,66.0,60.0,62.0,59,94.72,30,ep? s1650
1788347479,19:11:19,67.0,59.0,61.0,59,94.75,30,ep? s1650
1788347484,19:11:24,64.0,58.0,59.0,59,94.66,30,ep? s1650
1788347489,19:11:29,66.0,62.0,61.0,59,95.12,30,ep? s1650
1788347494,19:11:34,64.0,58.0,61.0,59,95.06,30,ep? s1650
1788347499,19:11:39,64.0,59.0,58.0,59,95.20,31,ep? s1700
1788347504,19:11:44,64.0,59.0,58.0,59,94.87,28,ep? s1700
1788347509,19:11:49,64.0,58.0,58.0,59,94.57,31,ep? s1700
1788347514,19:11:54,68.0,59.0,59.0,59,94.88,29,ep? s1700
1788347519,19:11:59,64.0,59.0,58.0,59,96.00,25,ep? s1700
1788347524,19:12:04,66.0,60.0,62.0,59,94.58,31,ep? s1700
1788347529,19:12:09,71.0,58.0,61.0,59,94.78,25,ep? s1700
1788347534,19:12:14,65.0,59.0,57.0,60,94.09,27,ep? s1700
1788347539,19:12:19,65.0,58.0,57.0,59,93.36,26,ep? s1700
1788347544,19:12:24,68.0,58.0,58.0,59,94.28,32,ep? s1700
1788347549,19:12:29,98.0,61.0,98.0,59,93.21,33,ep? s1750
1788347555,19:12:35,87.0,59.0,69.0,60,94.86,29,ep? s1750
1788347560,19:12:40,66.0,59.0,66.0,59,93.68,30,ep? s1750
1788347565,19:12:45,67.0,60.0,61.0,59,94.91,30,ep? s1750
1788347570,19:12:50,64.0,58.0,58.0,59,94.85,30,ep? s1750
1788347575,19:12:55,64.0,56.0,59.0,59,94.68,30,ep? s1750
1788347580,19:13:00,65.0,59.0,65.0,59,94.73,30,ep? s1750
1788347585,19:13:05,66.0,58.0,61.0,59,94.72,30,ep? s1750
1788347590,19:13:10,66.0,59.0,59.0,59,95.18,30,ep? s1750
1788347595,19:13:15,64.0,59.0,59.0,59,94.57,30,ep? s1750
1788347600,19:13:20,65.0,58.0,57.0,59,95.17,30,ep? s1800
1788347605,19:13:25,63.0,58.0,65.0,59,95.19,30,ep? s1800
1788347610,19:13:30,67.0,56.0,58.0,59,94.93,30,ep? s1800
1788347615,19:13:35,63.0,58.0,57.0,59,95.05,31,ep? s1800
1788347620,19:13:40,65.0,58.0,57.0,59,95.23,29,ep? s1800
1788347626,19:13:46,65.0,60.0,58.0,59,97.54,35,ep? s1800
1788347631,19:13:51,63.0,59.0,61.0,60,94.91,29,ep? s1800
1788347636,19:13:56,65.0,59.0,61.0,59,93.78,30,ep? s1800
1788347641,19:14:01,66.0,60.0,61.0,59,94.95,30,ep? s1800
1788347646,19:14:06,65.0,58.0,61.0,59,93.79,30,ep? s1800
1788347651,19:14:11,66.0,59.0,59.0,59,94.96,30,ep? s1850
1788347656,19:14:16,65.0,59.0,57.0,59,94.75,30,ep? s1850
1788347661,19:14:21,65.0,63.0,65.0,59,95.18,30,ep? s1850
1788347666,19:14:26,65.0,61.0,62.0,59,95.11,30,ep? s1850
1788347671,19:14:31,65.0,58.0,58.0,59,95.11,30,ep? s1850
1788347676,19:14:36,65.0,65.0,59.0,59,95.37,30,ep? s1850
1788347681,19:14:41,65.0,59.0,61.0,59,95.19,30,ep? s1850
1788347686,19:14:46,65.0,60.0,65.0,59,95.14,30,ep? s1850
1788347691,19:14:51,65.0,60.0,59.0,59,95.07,31,ep? s1850
1788347697,19:14:57,65.0,59.0,59.0,60,94.88,28,ep? s1850
1788347702,19:15:02,89.0,60.0,89.0,59,96.69,25,ep? s1900
1788347707,19:15:07,66.0,60.0,62.0,59,96.20,29,ep? s1900
1788347712,19:15:12,66.0,58.0,61.0,60,94.09,25,ep? s1900
1788347717,19:15:17,66.0,59.0,61.0,60,95.21,32,ep? s1900
1788347722,19:15:22,77.0,63.0,61.0,59,94.81,35,ep? s1900
1788347727,19:15:27,70.0,59.0,62.0,59,94.56,27,ep? s1900
1788347732,19:15:32,71.0,59.0,59.0,59,93.99,34,ep? s1900
1788347737,19:15:37,67.0,59.0,59.0,59,94.88,35,ep? s1900
1788347742,19:15:42,71.0,59.0,63.0,59,93.87,34,ep? s1900
1788347747,19:15:47,68.0,65.0,62.0,59,95.55,32,ep? s1900
1788347752,19:15:52,65.0,59.0,61.0,59,93.83,30,ep? s1950
1788347757,19:15:57,65.0,63.0,61.0,59,94.95,30,ep? s1950
1788347762,19:16:02,65.0,60.0,61.0,59,94.80,29,ep? s1950
1788347767,19:16:07,63.0,58.0,61.0,59,94.75,30,ep? s1950
1788347772,19:16:12,66.0,59.0,62.0,59,95.27,30,ep? s1950
1788347777,19:16:17,65.0,58.0,61.0,59,89.93,27,ep? s1950
1788347782,19:16:22,65.0,60.0,61.0,59,95.16,30,ep? s1950
1788347787,19:16:27,65.0,59.0,61.0,59,94.92,30,ep? s1950
1788347793,19:16:33,66.0,62.0,61.0,59,95.23,30,ep? s1950
1788347798,19:16:38,63.0,59.0,61.0,59,95.09,31,ep? s1950
1788347803,19:16:43,65.0,60.0,61.0,59,95.46,30,ep? s2000
1788347808,19:16:48,66.0,59.0,61.0,60,93.89,31,ep? s2000
1788347813,19:16:53,65.0,59.0,61.0,59,95.50,30,ep? s2000
1788347818,19:16:58,63.0,59.0,58.0,59,94.19,31,ep? s2000
1788347823,19:17:03,65.0,58.0,59.0,59,95.59,30,ep? s2000
1788347828,19:17:08,66.0,58.0,59.0,59,95.41,30,ep? s2000
1788347833,19:17:13,65.0,55.0,61.0,59,95.26,30,ep? s2000
1788347838,19:17:18,65.0,56.0,61.0,60,95.43,28,ep? s2000
1788347843,19:17:23,66.0,59.0,59.0,59,96.90,25,ep? s2000
1788347848,19:17:28,66.0,59.0,59.0,59,96.92,28,ep? s2000
1788347853,19:17:33,65.0,60.0,65.0,60,96.62,25,ep? s2050
1788347858,19:17:38,67.0,60.0,59.0,60,94.49,33,ep? s2050
1788347863,19:17:43,67.0,59.0,61.0,59,94.77,25,ep? s2050
1788347868,19:17:48,68.0,59.0,58.0,60,94.82,33,ep? s2050
1788347873,19:17:53,70.0,58.0,62.0,59,94.72,35,ep? s2050
1788347879,19:17:59,70.0,58.0,61.0,59,94.72,33,ep? s2050
1788347884,19:18:04,68.0,59.0,59.0,59,98.14,35,ep? s2050
1788347889,19:18:09,69.0,59.0,58.0,59,98.01,29,ep? s2050
1788347894,19:18:14,63.0,58.0,59.0,60,97.03,35,ep? s2050
1788347899,19:18:19,65.0,56.0,61.0,60,95.39,29,ep? s2050
1788347904,19:18:24,63.0,56.0,61.0,60,95.53,30,ep? s2100
1788347909,19:18:29,65.0,58.0,61.0,59,95.27,29,ep? s2100
1788347914,19:18:34,63.0,56.0,63.0,59,93.80,30,ep? s2100
1788347919,19:18:39,65.0,57.0,61.0,59,95.14,30,ep? s2100
1788347924,19:18:44,66.0,55.0,59.0,59,93.78,30,ep? s2100
1788347930,19:18:50,66.0,58.0,59.0,59,96.07,28,ep? s2100
1788347935,19:18:55,65.0,62.0,61.0,59,96.21,26,ep? s2100
1788347940,19:19:00,69.0,56.0,59.0,60,95.48,32,ep? s2100
1788347945,19:19:05,70.0,56.0,58.0,60,95.97,26,ep? s2100
1788347950,19:19:10,74.0,56.0,61.0,59,94.71,33,ep? s2100
1788347955,19:19:15,68.0,56.0,61.0,59,94.63,34,ep? s2150
1788347960,19:19:20,69.0,58.0,58.0,59,97.62,29,ep? s2150
1788347965,19:19:25,68.0,59.0,61.0,59,97.47,34,ep? s2150
1788347970,19:19:30,69.0,58.0,61.0,60,97.61,29,ep? s2150
1788347975,19:19:35,80.0,56.0,62.0,60,95.16,30,ep? s2150
1788347980,19:19:40,63.0,55.0,61.0,59,95.24,29,ep? s2150
1788347985,19:19:45,65.0,55.0,61.0,59,95.46,29,ep? s2150
1788347990,19:19:50,65.0,59.0,61.0,59,95.32,30,ep? s2150
1788347995,19:19:55,65.0,55.0,59.0,59,95.37,30,ep? s2150
1788348001,19:20:01,65.0,56.0,65.0,59,94.44,30,ep? s2150
1788348006,19:20:06,65.0,56.0,61.0,59,95.33,30,ep? s2150
1788348011,19:20:11,65.0,56.0,61.0,59,95.24,30,ep? s2200
1788348016,19:20:16,65.0,56.0,59.0,59,94.93,30,ep? s2200
1788348021,19:20:21,65.0,59.0,61.0,59,93.68,30,ep? s2200
1788348026,19:20:26,65.0,55.0,59.0,59,95.65,30,ep? s2200
1788348031,19:20:31,66.0,59.0,59.0,59,95.32,31,ep? s2200
1788348036,19:20:36,65.0,58.0,61.0,60,95.50,28,ep? s2200
1788348041,19:20:41,65.0,56.0,59.0,59,93.97,29,ep? s2200
1788348046,19:20:46,66.0,55.0,61.0,60,95.30,24,ep? s2200
1788348051,19:20:51,67.0,59.0,62.0,60,94.96,24,ep? s2200
1788348056,19:20:56,66.0,58.0,66.0,59,95.47,24,ep? s2200
1788348061,19:21:01,66.0,59.0,61.0,60,94.67,25,ep? s2250
1788348066,19:21:06,69.0,59.0,61.0,59,94.73,34,ep? s2250
1788348071,19:21:11,68.0,60.0,61.0,59,94.94,35,ep? s2250
1788348076,19:21:16,69.0,58.0,61.0,59,94.25,32,ep? s2250
1788348081,19:21:21,68.0,63.0,61.0,59,98.00,35,ep? s2250
1788348086,19:21:26,65.0,59.0,61.0,60,97.36,29,ep? s2250
1788348091,19:21:31,65.0,58.0,59.0,60,97.97,30,ep? s2250
1788348097,19:21:37,66.0,58.0,61.0,59,94.01,29,ep? s2250
1788348102,19:21:42,66.0,59.0,62.0,59,95.75,30,ep? s2250
1788348107,19:21:47,65.0,58.0,59.0,59,95.92,30,ep? s2250
1788348112,19:21:52,66.0,58.0,61.0,59,95.55,29,ep? s2300
1788348117,19:21:57,66.0,58.0,58.0,59,94.29,30,ep? s2300
1788348122,19:22:02,66.0,58.0,61.0,59,95.75,31,ep? s2300
1788348127,19:22:07,66.0,59.0,58.0,59,95.92,30,ep? s2300
1788348132,19:22:12,67.0,60.0,58.0,59,95.72,30,ep? s2300
1788348137,19:22:17,64.0,58.0,58.0,59,94.21,30,ep? s2300
1788348142,19:22:22,62.0,58.0,58.0,59,95.38,31,ep? s2300
1788348147,19:22:27,63.0,58.0,59.0,59,94.22,22,ep? s2300
1788348152,19:22:32,65.0,56.0,57.0,60,95.26,31,ep? s2300
1788348157,19:22:37,65.0,56.0,61.0,59,95.26,30,ep? s2300
1788348162,19:22:42,62.0,56.0,61.0,59,96.81,24,ep? s2350
1788348167,19:22:47,63.0,56.0,58.0,59,96.76,25,ep? s2350
1788348172,19:22:52,68.0,56.0,58.0,61,95.28,23,ep? s2350
1788348177,19:22:57,69.0,58.0,62.0,59,94.60,24,ep? s2350
1788348182,19:23:02,67.0,60.0,62.0,59,94.74,34,ep? s2350
1788348187,19:23:07,66.0,60.0,62.0,59,89.28,31,ep4
1788348192,19:23:12,66.0,59.0,61.0,59,95.49,30,ep4
1788348198,19:23:18,65.0,57.0,61.0,59,95.51,30,ep4
1788348203,19:23:23,65.0,62.0,62.0,59,95.55,30,ep4
1788348208,19:23:28,65.0,56.0,61.0,59,95.17,30,ep4
1788348213,19:23:33,66.0,58.0,61.0,59,94.45,30,ep4
1788348218,19:23:38,65.0,60.0,61.0,59,95.30,30,ep4
1788348223,19:23:43,66.0,59.0,61.0,59,94.11,31,ep4
1788348228,19:23:48,66.0,59.0,61.0,59,95.12,29,ep4
1788348233,19:23:53,69.0,59.0,59.0,60,96.78,35,ep4
1788348239,19:23:59,66.0,58.0,59.0,60,97.77,29,ep4
1788348244,19:24:04,66.0,62.0,61.0,60,95.21,30,ep4
1788348249,19:24:09,66.0,59.0,61.0,59,89.44,27,ep4
1788348254,19:24:14,65.0,59.0,61.0,59,95.12,30,ep4
1788348259,19:24:19,65.0,65.0,61.0,59,95.03,31,ep4
1788348264,19:24:24,65.0,59.0,59.0,59,95.37,30,ep4
1788348269,19:24:29,66.0,59.0,61.0,59,94.99,30,ep4
1788348274,19:24:34,66.0,59.0,59.0,59,95.24,30,ep4
1788348279,19:24:39,65.0,59.0,59.0,59,95.31,31,ep4
1788348284,19:24:44,65.0,59.0,62.0,59,95.18,30,ep4
1788348289,19:24:49,66.0,59.0,61.0,59,94.00,29,ep4
1788348294,19:24:54,68.0,58.0,61.0,59,94.93,28,ep4
1788348299,19:24:59,66.0,59.0,62.0,59,95.35,17,ep4
1788348304,19:25:04,67.0,59.0,63.0,60,96.71,28,ep4
1788348309,19:25:09,66.0,60.0,61.0,60,94.65,25,ep4
1788348314,19:25:14,76.0,59.0,62.0,60,94.51,33,ep4
1788348319,19:25:19,69.0,58.0,67.0,59,94.75,34,ep4
1788348324,19:25:24,70.0,56.0,67.0,59,94.57,33,ep4
1788348329,19:25:29,72.0,56.0,61.0,59,94.51,34,ep4
1788348335,19:25:35,70.0,56.0,59.0,59,98.13,29,ep4
1788348340,19:25:40,70.0,55.0,61.0,60,95.43,30,ep4
1788348345,19:25:45,64.0,55.0,59.0,59,95.27,30,ep4
1788348350,19:25:50,65.0,56.0,61.0,59,95.39,30,ep4
1788348355,19:25:55,64.0,58.0,59.0,59,95.20,30,ep4
1788348360,19:26:00,65.0,58.0,57.0,59,95.17,29,ep4
1788348365,19:26:05,64.0,55.0,61.0,59,95.20,30,ep4
1788348370,19:26:10,64.0,56.0,61.0,59,95.26,30,ep4
1788348375,19:26:15,65.0,58.0,59.0,59,93.97,30,ep4
1788348380,19:26:20,65.0,58.0,61.0,59,95.75,31,ep4
1788348385,19:26:25,67.0,58.0,61.0,59,95.35,30,ep4
1788348390,19:26:30,64.0,55.0,57.0,59,95.43,31,ep4
1788348395,19:26:35,67.0,60.0,61.0,59,94.26,30,ep4
1788348400,19:26:40,68.0,59.0,61.0,59,95.17,31,ep4
1788348405,19:26:45,64.0,56.0,59.0,59,95.30,28,ep4
1788348410,19:26:50,67.0,56.0,59.0,59,97.08,25,ep4
1788348415,19:26:55,64.0,59.0,59.0,59,96.83,28,ep4
1788348420,19:27:00,67.0,57.0,61.0,60,94.50,24,ep4
1788348425,19:27:05,67.0,58.0,58.0,60,95.08,32,ep4
1788348431,19:27:11,67.0,60.0,67.0,59,95.24,25,ep4
1788348436,19:27:16,68.0,59.0,61.0,60,94.25,26,ep4
1788348441,19:27:21,69.0,59.0,61.0,59,94.73,34,ep4
1788348446,19:27:26,73.0,59.0,58.0,59,94.61,35,ep4
1788348451,19:27:31,69.0,58.0,62.0,59,94.73,34,ep4
1788348456,19:27:36,73.0,60.0,61.0,59,97.95,35,ep4
1788348461,19:27:41,69.0,62.0,62.0,60,95.20,29,ep4
1788348466,19:27:46,65.0,59.0,58.0,60,97.81,35,ep4
1788348471,19:27:51,85.0,56.0,66.0,59,93.89,29,ep4
1788348476,19:27:56,65.0,56.0,61.0,59,94.96,30,ep4
1788348481,19:28:01,65.0,58.0,59.0,59,94.87,30,ep4
1788348486,19:28:06,66.0,58.0,59.0,59,94.85,31,ep4
1788348491,19:28:11,65.0,61.0,61.0,59,93.91,30,ep4
1788348496,19:28:16,67.0,58.0,59.0,59,95.31,31,ep4
1788348501,19:28:21,65.0,58.0,61.0,59,94.11,30,ep4
1788348506,19:28:26,67.0,58.0,61.0,59,95.16,31,ep4
1788348511,19:28:31,65.0,58.0,61.0,60,94.75,30,ep4
1788348516,19:28:36,67.0,57.0,61.0,59,95.29,30,ep4
1788348521,19:28:41,66.0,58.0,61.0,59,95.20,31,ep4
1788348527,19:28:47,67.0,58.0,61.0,59,95.02,28,ep4
1788348532,19:28:52,65.0,61.0,59.0,60,94.93,31,ep4
1788348537,19:28:57,65.0,58.0,61.0,61,95.16,30,ep4
1788348542,19:29:02,67.0,57.0,67.0,59,94.86,30,ep4
1788348547,19:29:07,65.0,59.0,59.0,59,94.52,29,ep4
1788348552,19:29:12,68.0,60.0,62.0,59,94.70,29,ep4
1788348557,19:29:17,68.0,59.0,61.0,59,94.93,30,ep4
1788348562,19:29:22,65.0,60.0,61.0,59,94.67,30,ep4
1788348568,19:29:28,65.0,59.0,61.0,59,93.57,30,ep4
1788348573,19:29:33,67.0,60.0,62.0,59,94.88,30,ep4
1788348578,19:29:38,64.0,59.0,59.0,59,93.96,30,ep4
1788348583,19:29:43,65.0,58.0,59.0,59,95.17,31,ep4
1788348588,19:29:48,64.0,55.0,59.0,59,94.92,30,ep4
1788348593,19:29:53,66.0,58.0,61.0,60,94.82,31,ep4
1788348598,19:29:58,66.0,57.0,59.0,60,94.93,29,ep4
1788348603,19:30:03,67.0,60.0,62.0,59,96.56,25,ep4
1788348608,19:30:08,67.0,59.0,61.0,59,96.38,29,ep4
1788348613,19:30:13,87.0,61.0,62.0,60,94.19,24,ep4
1788348618,19:30:18,67.0,58.0,61.0,59,94.06,33,ep4
1788348623,19:30:23,73.0,59.0,61.0,59,93.50,29,ep4
1788348628,19:30:28,72.0,60.0,62.0,60,95.36,29,ep4
1788348633,19:30:33,67.0,59.0,62.0,62,94.75,29,ep4
1788348638,19:30:38,66.0,58.0,62.0,59,94.80,30,ep4
1788348643,19:30:43,66.0,56.0,61.0,59,94.82,30,ep4
1788348648,19:30:48,66.0,58.0,59.0,59,95.03,29,ep4
1788348653,19:30:53,66.0,58.0,59.0,59,94.88,30,ep4
1788348658,19:30:58,67.0,62.0,62.0,59,94.86,30,ep4
1788348663,19:31:03,66.0,58.0,61.0,59,92.07,30,ep4
1788348669,19:31:09,66.0,56.0,62.0,59,94.83,30,ep4
1788348674,19:31:14,67.0,56.0,61.0,59,95.27,30,ep4
1788348679,19:31:19,66.0,58.0,59.0,59,94.87,33,ep4
1788348684,19:31:24,63.0,55.0,59.0,59,95.37,30,ep4
1788348689,19:31:29,67.0,59.0,61.0,59,95.27,31,ep4
1788348694,19:31:34,66.0,58.0,61.0,59,95.14,30,ep4
1788348699,19:31:39,66.0,56.0,59.0,59,95.73,23,ep4
1788348704,19:31:44,70.0,56.0,58.0,59,94.99,31,ep4
1788348709,19:31:49,66.0,58.0,61.0,59,95.01,27,ep4
1788348714,19:31:54,66.0,55.0,59.0,59,96.93,25,ep4
1788348719,19:31:59,67.0,58.0,58.0,60,94.30,24,ep4
1788348724,19:32:04,69.0,56.0,59.0,60,96.81,25,ep4
1788348729,19:32:09,69.0,56.0,61.0,59,94.13,34,ep4
1788348734,19:32:14,65.0,58.0,57.0,59,94.25,34,ep4
1788348739,19:32:19,69.0,58.0,58.0,59,94.37,33,ep4
1788348744,19:32:24,69.0,55.0,57.0,59,94.83,32,ep4
1788348749,19:32:29,68.0,56.0,58.0,60,97.93,29,ep4
1788348754,19:32:34,66.0,56.0,57.0,59,94.94,29,ep4
1788348760,19:32:40,64.0,55.0,61.0,59,94.72,30,ep4
1788348765,19:32:45,66.0,58.0,63.0,59,94.90,30,ep4
1788348770,19:32:50,66.0,59.0,62.0,59,94.73,30,ep4
1788348775,19:32:55,66.0,58.0,59.0,59,95.16,30,ep4
1788348780,19:33:00,67.0,59.0,65.0,59,95.40,30,ep4
1788348785,19:33:05,67.0,59.0,61.0,59,95.19,30,ep4
1788348790,19:33:10,66.0,56.0,61.0,59,94.89,30,ep4
1788348795,19:33:15,68.0,60.0,62.0,59,95.21,30,ep4
1788348800,19:33:20,66.0,55.0,63.0,59,95.11,30,ep4
1788348805,19:33:25,66.0,56.0,58.0,59,95.19,31,ep4
1788348810,19:33:30,68.0,59.0,62.0,59,94.75,28,ep4
1788348815,19:33:35,66.0,62.0,59.0,60,93.55,30,ep4
1788348820,19:33:40,66.0,59.0,63.0,60,95.43,28,ep4
1788348825,19:33:45,68.0,61.0,62.0,59,97.15,25,ep4
1788348830,19:33:50,67.0,61.0,62.0,59,96.42,29,ep4
1788348835,19:33:55,66.0,59.0,59.0,59,97.26,25,ep4
1788348841,19:34:01,66.0,58.0,61.0,59,95.25,30,ep4
1788348846,19:34:06,66.0,59.0,59.0,59,95.39,30,ep4
1788348851,19:34:11,66.0,59.0,62.0,59,95.12,30,ep4
1788348856,19:34:16,66.0,59.0,59.0,59,95.25,30,ep4
1788348861,19:34:21,77.0,58.0,67.0,59,95.69,30,ep4
1788348866,19:34:26,66.0,60.0,63.0,59,95.37,30,ep4
1788348871,19:34:31,67.0,65.0,67.0,59,95.05,30,ep4
1788348876,19:34:36,68.0,60.0,63.0,60,95.23,30,ep4
1788348881,19:34:41,80.0,60.0,66.0,59,95.10,30,ep4
1788348886,19:34:46,66.0,56.0,61.0,59,95.19,30,ep4
1788348892,19:34:52,71.0,71.0,61.0,59,95.35,30,ep4
1788348897,19:34:57,66.0,58.0,62.0,60,95.09,28,ep4
1788348902,19:35:02,68.0,59.0,63.0,59,96.48,25,ep4
1788348907,19:35:07,66.0,59.0,61.0,59,96.51,28,ep4
1788348912,19:35:12,64.0,61.0,62.0,60,93.72,25,ep4
1788348917,19:35:17,65.0,56.0,62.0,60,95.58,33,ep4
1788348922,19:35:22,70.0,59.0,61.0,59,94.06,35,ep4
1788348927,19:35:27,71.0,58.0,61.0,59,94.88,29,ep4
1788348932,19:35:32,75.0,58.0,75.0,59,94.87,33,ep4
1788348937,19:35:37,68.0,58.0,62.0,59,94.84,33,ep4
1788348942,19:35:42,77.0,58.0,62.0,59,94.67,29,ep4
1788348947,19:35:47,68.0,56.0,59.0,60,97.70,35,ep4
1788348952,19:35:52,80.0,60.0,63.0,60,97.73,29,ep4
1788348957,19:35:57,67.0,57.0,61.0,59,95.31,30,ep4
1788348962,19:36:02,70.0,59.0,67.0,59,94.92,29,ep4
1788348967,19:36:07,69.0,69.0,61.0,59,94.60,30,ep4
1788348972,19:36:12,75.0,58.0,67.0,59,94.81,30,ep4
1788348977,19:36:17,66.0,58.0,59.0,59,95.00,30,ep4
1788348982,19:36:22,70.0,61.0,58.0,59,94.93,30,ep4
1788348987,19:36:27,64.0,59.0,59.0,59,95.00,30,ep4
1788348992,19:36:32,63.0,56.0,62.0,59,95.26,30,ep4
1788348998,19:36:38,64.0,58.0,61.0,59,95.35,30,ep4
1788349003,19:36:43,72.0,60.0,62.0,59,95.21,30,ep4
1788349008,19:36:48,64.0,59.0,59.0,60,95.14,30,ep4
1788349013,19:36:53,77.0,77.0,61.0,59,95.40,28,ep4
1788349018,19:36:58,64.0,59.0,61.0,59,96.85,24,ep4
1788349023,19:37:03,81.0,60.0,67.0,59,97.32,28,ep4
1788349028,19:37:08,66.0,59.0,61.0,60,96.75,25,ep4
1788349033,19:37:13,81.0,58.0,67.0,59,94.47,33,ep4
1788349038,19:37:18,75.0,58.0,61.0,59,94.55,34,ep4
1788349043,19:37:23,71.0,56.0,62.0,59,94.32,33,ep4
1788349048,19:37:28,73.0,59.0,61.0,59,93.62,34,ep4
1788349053,19:37:33,70.0,56.0,61.0,59,96.36,29,ep4
1788349058,19:37:38,73.0,59.0,61.0,59,96.45,34,ep4
1788349063,19:37:43,72.0,60.0,66.0,60,95.11,29,ep4
1788349068,19:37:48,64.0,58.0,59.0,60,95.02,29,ep4
1788349073,19:37:53,72.0,58.0,61.0,59,95.14,30,ep4
1788349078,19:37:58,67.0,58.0,61.0,59,95.09,30,ep4
1788349083,19:38:03,73.0,58.0,69.0,59,95.09,30,ep4
1788349089,19:38:09,65.0,58.0,65.0,59,95.29,30,ep4
1788349094,19:38:14,78.0,65.0,59.0,59,95.12,31,ep4
1788349099,19:38:19,65.0,56.0,59.0,59,95.27,30,ep4
1788349104,19:38:24,78.0,62.0,67.0,60,94.90,30,ep4
1788349109,19:38:29,67.0,58.0,67.0,59,94.97,32,ep4
1788349114,19:38:34,72.0,59.0,66.0,59,95.07,28,ep4
1788349119,19:38:39,65.0,58.0,58.0,59,94.83,30,ep4
1788349124,19:38:44,82.0,60.0,82.0,59,93.63,29,ep4
1788349129,19:38:49,66.0,58.0,66.0,59,94.90,25,ep4
1788349134,19:38:54,82.0,61.0,82.0,59,96.73,25,ep4
1788349139,19:38:59,67.0,62.0,58.0,60,95.94,27,ep4
1788349145,19:39:05,83.0,83.0,78.0,59,93.86,30,ep4
1788349150,19:39:10,65.0,59.0,58.0,59,94.90,30,ep4
1788349155,19:39:15,81.0,60.0,58.0,59,93.50,30,ep4
1788349160,19:39:20,67.0,60.0,62.0,59,94.68,31,ep4
1788349165,19:39:25,79.0,79.0,67.0,59,94.98,30,ep4
1788349170,19:39:30,65.0,59.0,61.0,59,94.87,31,ep4
1788349175,19:39:35,76.0,61.0,62.0,59,94.83,30,ep4
1788349180,19:39:40,65.0,59.0,62.0,59,94.79,31,ep4
1788349185,19:39:45,79.0,79.0,61.0,59,95.22,29,ep4
1788349190,19:39:50,67.0,60.0,63.0,59,95.72,25,ep4
1788349195,19:39:55,82.0,60.0,82.0,59,95.26,28,ep4
1788349200,19:40:00,65.0,57.0,61.0,60,94.38,24,ep4
1788349205,19:40:05,69.0,69.0,61.0,60,94.96,32,ep4
1788349210,19:40:10,71.0,56.0,61.0,59,94.32,34,ep4
1788349215,19:40:15,76.0,57.0,59.0,59,94.09,31,ep4
1788349220,19:40:20,70.0,56.0,59.0,59,93.35,34,ep4
1788349225,19:40:25,74.0,62.0,59.0,59,94.54,31,ep4
1788349231,19:40:31,72.0,58.0,58.0,59,93.22,27,ep4
1788349236,19:40:36,77.0,60.0,62.0,60,94.60,30,ep4
1788349241,19:40:41,67.0,61.0,66.0,61,93.44,30,ep4
1788349246,19:40:46,79.0,56.0,62.0,59,94.52,30,ep4
1788349251,19:40:51,65.0,58.0,58.0,59,93.49,29,ep4
1788349256,19:40:56,73.0,56.0,59.0,59,94.35,30,ep4
1788349261,19:41:01,67.0,60.0,62.0,59,94.63,30,ep4
1788349266,19:41:06,80.0,61.0,59.0,59,95.05,30,ep4
1788349271,19:41:11,67.0,60.0,62.0,59,94.74,30,ep4
1788349276,19:41:16,73.0,61.0,61.0,59,94.49,30,ep4
1788349281,19:41:21,65.0,59.0,62.0,59,94.32,30,ep4
1788349286,19:41:26,78.0,58.0,78.0,59,94.77,31,ep4
1788349291,19:41:31,65.0,59.0,58.0,59,94.58,30,ep4
1788349296,19:41:36,71.0,62.0,61.0,59,94.42,31,ep4
1788349301,19:41:41,65.0,56.0,62.0,59,94.89,29,ep4
1788349306,19:41:46,76.0,58.0,67.0,59,94.92,31,ep4
1788349311,19:41:51,65.0,60.0,62.0,60,94.84,30,ep4
1788349316,19:41:56,70.0,59.0,59.0,59,95.78,25,ep4
1788349321,19:42:01,71.0,59.0,71.0,59,94.61,30,ep4
1788349327,19:42:07,76.0,59.0,59.0,60,94.04,17,ep4
1788349332,19:42:12,64.0,58.0,61.0,60,96.15,25,ep4
1788349337,19:42:17,79.0,61.0,62.0,59,93.58,31,ep4
1788349342,19:42:22,68.0,56.0,59.0,59,94.29,25,ep4
1788349347,19:42:27,81.0,58.0,66.0,59,94.54,33,ep4
1788349352,19:42:32,72.0,55.0,58.0,59,94.03,35,ep4
1788349357,19:42:37,74.0,60.0,58.0,59,96.96,29,ep4
1788349362,19:42:42,65.0,60.0,62.0,60,97.03,35,ep4
1788349367,19:42:47,78.0,60.0,70.0,61,95.06,29,ep4
1788349372,19:42:52,65.0,58.0,62.0,59,95.05,30,ep4
1788349377,19:42:57,76.0,72.0,66.0,59,95.08,30,ep4
1788349382,19:43:02,65.0,58.0,61.0,59,95.09,30,ep4
1788349387,19:43:07,72.0,62.0,59.0,59,95.04,30,ep4
1788349392,19:43:12,65.0,54.0,61.0,59,94.90,30,ep4
1788349397,19:43:17,75.0,56.0,75.0,59,92.06,30,ep4
1788349402,19:43:22,65.0,60.0,63.0,59,95.06,30,ep4
1788349407,19:43:27,82.0,59.0,67.0,59,95.26,30,ep4
1788349412,19:43:32,65.0,58.0,62.0,59,93.90,31,ep4
1788349417,19:43:37,77.0,58.0,61.0,59,94.79,30,ep4
1788349423,19:43:43,65.0,58.0,62.0,59,95.25,30,ep4
1788349428,19:43:48,72.0,72.0,65.0,59,96.36,29,ep4
1788349433,19:43:53,65.0,55.0,59.0,59,93.79,17,ep4
1788349438,19:43:58,73.0,73.0,61.0,59,94.89,32,ep4
1788349443,19:44:03,66.0,59.0,61.0,60,93.77,18,ep4
1788349448,19:44:08,66.0,59.0,61.0,59,95.19,30,ep4
1788349453,19:44:13,65.0,60.0,61.0,59,95.27,30,ep4
1788349458,19:44:18,67.0,61.0,62.0,59,95.22,30,ep4
1788349463,19:44:23,65.0,60.0,61.0,59,95.57,30,ep4
1788349469,19:44:29,66.0,60.0,65.0,59,95.08,30,ep4
1788349474,19:44:34,66.0,60.0,61.0,59,95.13,34,ep4
1788349479,19:44:39,65.0,59.0,61.0,59,95.05,30,ep4
1788349484,19:44:44,65.0,60.0,61.0,59,95.21,32,ep4
1788349489,19:44:49,65.0,59.0,59.0,60,95.12,28,ep4
1788349494,19:44:54,65.0,60.0,62.0,59,95.04,27,ep4
1788349499,19:44:59,65.0,60.0,61.0,59,95.33,29,ep4
1788349504,19:45:04,65.0,59.0,63.0,60,96.73,27,ep4
1788349509,19:45:09,67.0,59.0,62.0,59,94.67,33,ep4
1788349514,19:45:14,68.0,59.0,62.0,59,94.31,34,ep4
1788349519,19:45:19,71.0,60.0,58.0,59,94.15,29,ep4
1788349524,19:45:24,69.0,59.0,59.0,59,94.41,35,ep4
1788349529,19:45:29,70.0,59.0,59.0,59,94.14,34,ep4
1788349534,19:45:34,68.0,63.0,61.0,60,97.25,34,ep4
1788349539,19:45:39,68.0,59.0,63.0,60,96.70,34,ep4
1788349544,19:45:44,66.0,60.0,62.0,59,94.72,30,ep4
1788349549,19:45:49,65.0,59.0,65.0,59,94.73,30,ep4
1788349554,19:45:54,65.0,59.0,58.0,59,94.96,30,ep4
1788349559,19:45:59,67.0,60.0,62.0,59,94.79,30,ep4
1788349565,19:46:05,65.0,65.0,61.0,59,94.96,30,ep4
1788349570,19:46:10,66.0,62.0,61.0,59,95.03,30,ep4
1788349575,19:46:15,65.0,56.0,61.0,59,95.20,30,ep4
1788349580,19:46:20,67.0,60.0,61.0,59,95.19,30,ep4
1788349585,19:46:25,65.0,59.0,61.0,59,95.00,30,ep4
1788349590,19:46:30,66.0,60.0,61.0,59,90.88,27,ep4
1788349595,19:46:35,66.0,60.0,62.0,59,95.27,30,ep4
1788349600,19:46:40,66.0,60.0,61.0,59,95.04,32,ep4
1788349605,19:46:45,66.0,60.0,61.0,59,94.90,28,ep4
1788349610,19:46:50,65.0,60.0,62.0,59,94.98,34,ep4
1788349615,19:46:55,65.0,59.0,61.0,59,93.81,22,ep4
1788349620,19:47:00,65.0,59.0,59.0,59,95.26,26,ep4
1788349625,19:47:05,63.0,58.0,61.0,60,94.53,18,ep4
1788349630,19:47:10,67.0,56.0,61.0,60,96.46,27,ep4
1788349635,19:47:15,67.0,56.0,63.0,60,96.82,25,ep4
1788349640,19:47:20,66.0,66.0,59.0,60,94.51,34,ep4
1788349645,19:47:25,69.0,58.0,59.0,60,94.48,25,ep4
1788349650,19:47:30,71.0,58.0,61.0,59,94.49,33,ep4
1788349655,19:47:35,72.0,59.0,63.0,59,94.56,35,ep4
1788349661,19:47:41,70.0,60.0,62.0,59,97.58,29,ep4
1788349666,19:47:46,70.0,58.0,59.0,60,97.74,35,ep4
1788349671,19:47:51,65.0,56.0,61.0,60,95.29,30,ep4
1788349676,19:47:56,65.0,58.0,59.0,60,94.90,29,ep4
1788349681,19:48:01,67.0,58.0,61.0,59,95.44,29,ep4
1788349686,19:48:06,65.0,60.0,61.0,59,95.18,30,ep4
1788349691,19:48:11,65.0,61.0,61.0,59,95.60,30,ep4
1788349696,19:48:16,65.0,56.0,62.0,59,95.49,30,ep4
1788349701,19:48:21,65.0,56.0,57.0,59,93.97,30,ep4
1788349706,19:48:26,64.0,56.0,61.0,59,95.47,30,ep4
1788349711,19:48:31,65.0,56.0,61.0,59,95.60,30,ep4
1788349716,19:48:36,67.0,58.0,61.0,59,95.51,30,ep4
1788349721,19:48:41,68.0,58.0,62.0,59,94.21,30,ep4
1788349726,19:48:46,65.0,58.0,61.0,60,95.05,30,ep4
1788349731,19:48:51,65.0,59.0,61.0,59,93.97,30,ep4
1788349736,19:48:56,64.0,56.0,61.0,59,95.26,30,ep4
1788349741,19:49:01,66.0,58.0,61.0,59,95.20,31,ep4
1788349747,19:49:07,65.0,56.0,59.0,60,95.10,27,ep4
1788349752,19:49:12,65.0,58.0,61.0,60,97.90,35,ep4
1788349757,19:49:17,65.0,62.0,61.0,59,95.26,30,ep4
1788349762,19:49:22,65.0,56.0,59.0,59,94.94,30,ep4
1788349767,19:49:27,64.0,56.0,59.0,59,94.84,30,ep4
1788349772,19:49:32,65.0,59.0,61.0,59,94.86,30,ep4
1788349777,19:49:37,65.0,56.0,61.0,59,94.72,30,ep4
1788349783,19:49:43,65.0,58.0,65.0,59,94.72,30,ep4
1788349788,19:49:48,63.0,57.0,59.0,59,95.23,30,ep4
1788349793,19:49:53,65.0,56.0,59.0,59,95.22,30,ep4
1788349798,19:49:58,64.0,56.0,61.0,60,94.93,31,ep4
1788349803,19:50:03,65.0,56.0,61.0,59,95.07,30,ep4
1788349808,19:50:08,65.0,58.0,59.0,59,94.13,31,ep4
1788349813,19:50:13,65.0,56.0,59.0,59,95.14,31,ep4
1788349818,19:50:18,67.0,59.0,61.0,59,93.58,19,ep4
1788349823,19:50:23,65.0,58.0,59.0,59,95.03,31,ep4
1788349828,19:50:28,67.0,59.0,61.0,59,96.47,28,ep4
1788349833,19:50:33,68.0,58.0,61.0,60,95.50,28,ep4
1788349838,19:50:38,69.0,58.0,61.0,60,96.72,33,ep4
1788349843,19:50:43,67.0,59.0,57.0,59,93.39,25,ep4
1788349848,19:50:48,71.0,59.0,58.0,59,94.28,33,ep4
1788349853,19:50:53,70.0,59.0,58.0,59,94.39,33,ep4
1788349858,19:50:58,72.0,60.0,57.0,59,94.62,33,ep4
1788349863,19:51:03,67.0,58.0,61.0,60,97.22,34,ep4
1788349868,19:51:08,67.0,59.0,66.0,60,97.78,29,ep4
1788349873,19:51:13,67.0,60.0,61.0,62,94.82,30,ep4
1788349879,19:51:19,65.0,58.0,61.0,60,94.97,30,ep4
1788349884,19:51:24,65.0,59.0,61.0,59,95.35,30,ep4
1788349889,19:51:29,78.0,58.0,63.0,59,95.14,30,ep4
1788349894,19:51:34,65.0,56.0,59.0,59,94.22,30,ep4
1788349899,19:51:39,65.0,55.0,58.0,59,95.00,30,ep4
1788349904,19:51:44,67.0,59.0,62.0,59,95.42,30,ep4
1788349909,19:51:49,65.0,55.0,59.0,59,95.36,30,ep4
1788349914,19:51:54,65.0,60.0,62.0,59,94.13,31,ep4
1788349919,19:51:59,65.0,58.0,58.0,59,95.15,30,ep4
1788349924,19:52:04,67.0,55.0,59.0,59,91.32,30,ep? s50
1788349929,19:52:09,64.0,56.0,59.0,59,95.17,30,ep? s50
1788349934,19:52:14,68.0,60.0,61.0,59,94.99,27,ep? s50
1788349939,19:52:19,65.0,60.0,59.0,59,95.42,29,ep? s50
1788349944,19:52:24,65.0,58.0,58.0,59,95.33,28,ep? s50
1788349949,19:52:29,64.0,60.0,62.0,59,96.29,25,ep? s50
1788349954,19:52:34,65.0,59.0,58.0,59,96.99,28,ep? s50
1788349959,19:52:39,67.0,60.0,58.0,60,94.06,25,ep? s50
1788349964,19:52:44,68.0,58.0,58.0,60,94.38,33,ep? s50
1788349969,19:52:49,68.0,60.0,61.0,59,94.45,25,ep? s50
1788349975,19:52:55,73.0,59.0,61.0,59,94.61,33,ep? s50
1788349980,19:53:00,70.0,62.0,61.0,59,94.62,35,ep? s50
1788349985,19:53:05,70.0,58.0,58.0,59,97.97,30,ep? s50
1788349990,19:53:10,65.0,56.0,61.0,59,93.72,30,ep? s50
1788349995,19:53:15,63.0,55.0,61.0,59,95.30,30,ep? s50
1788350000,19:53:20,65.0,58.0,59.0,59,95.32,30,ep? s50
1788350005,19:53:25,64.0,58.0,59.0,59,94.95,30,ep? s50
1788350010,19:53:30,65.0,59.0,61.0,59,93.97,30,ep? s50
1788350015,19:53:35,65.0,56.0,61.0,59,95.17,30,ep? s50
1788350020,19:53:40,64.0,56.0,59.0,59,94.31,30,ep? s50
1788350025,19:53:45,64.0,58.0,57.0,59,95.08,30,ep? s150
1788350030,19:53:50,64.0,56.0,57.0,59,91.18,27,ep? s150
1788350035,19:53:55,64.0,57.0,58.0,59,95.11,30,ep? s150
1788350040,19:54:00,64.0,61.0,59.0,59,94.87,33,ep? s150
1788350045,19:54:05,77.0,62.0,58.0,59,94.94,28,ep? s150
1788350050,19:54:10,64.0,58.0,59.0,60,95.18,24,ep? s150
1788350056,19:54:16,64.0,55.0,63.0,59,95.17,30,ep? s150
1788350061,19:54:21,65.0,65.0,58.0,59,95.03,30,ep? s150
1788350066,19:54:26,63.0,56.0,59.0,59,94.66,30,ep? s150
1788350071,19:54:31,63.0,59.0,59.0,59,92.22,30,ep? s150
1788350076,19:54:36,64.0,63.0,59.0,59,95.35,30,ep? s200
1788350081,19:54:41,64.0,56.0,58.0,59,94.79,31,ep? s200
1788350086,19:54:46,64.0,55.0,59.0,59,94.91,30,ep? s200
1788350091,19:54:51,64.0,59.0,59.0,59,95.07,30,ep? s200
1788350096,19:54:56,64.0,60.0,61.0,59,93.83,30,ep? s200
1788350101,19:55:01,81.0,54.0,59.0,59,95.17,31,ep? s200
1788350106,19:55:06,64.0,58.0,62.0,59,93.93,28,ep? s200
1788350111,19:55:11,65.0,56.0,59.0,59,94.90,30,ep? s200
1788350117,19:55:17,64.0,56.0,59.0,59,94.88,30,ep? s200
1788350122,19:55:22,65.0,56.0,58.0,59,96.56,25,ep? s200
1788350127,19:55:27,64.0,56.0,59.0,59,94.91,33,ep? s250
1788350132,19:55:32,67.0,58.0,59.0,60,94.15,25,ep? s250
1788350137,19:55:37,68.0,60.0,58.0,59,94.16,33,ep? s250
1788350142,19:55:42,73.0,58.0,61.0,59,94.21,35,ep? s250
1788350147,19:55:47,68.0,58.0,59.0,59,96.14,29,ep? s250
1788350152,19:55:52,70.0,60.0,61.0,59,97.57,35,ep? s250
1788350157,19:55:57,67.0,55.0,59.0,60,94.86,29,ep? s250
1788350162,19:56:02,64.0,56.0,59.0,60,94.88,30,ep? s250
1788350167,19:56:07,64.0,59.0,61.0,59,95.08,30,ep? s250
1788350172,19:56:12,65.0,59.0,61.0,59,95.32,30,ep? s250
1788350177,19:56:17,65.0,60.0,62.0,59,95.11,30,ep? s300
1788350182,19:56:22,67.0,59.0,61.0,59,94.12,30,ep? s300
1788350187,19:56:27,64.0,59.0,61.0,59,94.96,30,ep? s300
1788350192,19:56:32,78.0,62.0,61.0,59,94.56,30,ep? s300
1788350197,19:56:37,64.0,58.0,61.0,59,94.58,30,ep? s300
1788350202,19:56:42,64.0,58.0,58.0,59,93.38,34,ep? s300
1788350207,19:56:47,64.0,55.0,59.0,59,94.91,31,ep? s300
1788350212,19:56:52,65.0,58.0,65.0,59,93.77,34,ep? s300
1788350218,19:56:58,64.0,55.0,58.0,59,94.91,30,ep? s300
1788350223,19:57:03,63.0,55.0,59.0,59,94.73,27,ep? s300
1788350228,19:57:08,65.0,59.0,58.0,59,90.00,29,ep? s350
1788350233,19:57:13,65.0,58.0,58.0,59,96.22,27,ep? s350
1788350238,19:57:18,72.0,58.0,59.0,60,94.59,30,ep? s350
1788350243,19:57:23,69.0,56.0,62.0,60,96.33,34,ep? s350
1788350248,19:57:28,73.0,59.0,59.0,60,93.97,29,ep? s350
1788350253,19:57:33,67.0,65.0,58.0,60,93.90,33,ep? s350
1788350258,19:57:38,70.0,56.0,58.0,59,94.50,32,ep? s350
1788350263,19:57:43,68.0,56.0,58.0,59,94.25,34,ep? s350
1788350268,19:57:48,70.0,56.0,57.0,59,95.55,31,ep? s350
1788350273,19:57:53,67.0,56.0,57.0,59,97.60,30,ep? s350
1788350278,19:57:58,64.0,59.0,61.0,61,95.96,32,ep? s400
1788350283,19:58:03,65.0,55.0,59.0,59,94.35,29,ep? s400
1788350288,19:58:08,63.0,58.0,57.0,61,94.71,30,ep? s400
1788350293,19:58:13,64.0,59.0,61.0,59,94.81,30,ep? s400
1788350298,19:58:18,64.0,58.0,61.0,59,94.66,30,ep? s400
1788350303,19:58:23,64.0,56.0,57.0,59,94.64,30,ep? s400
1788350309,19:58:29,64.0,57.0,59.0,59,94.75,30,ep? s400
1788350314,19:58:34,63.0,56.0,57.0,59,95.16,30,ep? s400
1788350319,19:58:39,64.0,56.0,59.0,59,94.97,30,ep? s400
1788350324,19:58:44,65.0,59.0,61.0,60,94.86,30,ep? s400
1788350329,19:58:49,64.0,59.0,59.0,59,94.96,31,ep? s450
1788350334,19:58:54,64.0,56.0,61.0,59,95.25,30,ep? s450
1788350339,19:58:59,65.0,58.0,61.0,59,95.59,33,ep? s450
1788350344,19:59:04,65.0,56.0,59.0,59,95.09,28,ep? s450
1788350349,19:59:09,64.0,56.0,61.0,59,96.60,25,ep? s450
1788350354,19:59:14,67.0,60.0,61.0,59,96.61,28,ep? s450
1788350360,19:59:20,65.0,58.0,61.0,59,94.98,30,ep? s450
1788350365,19:59:25,65.0,61.0,59.0,59,94.90,30,ep? s450
1788350370,19:59:30,64.0,58.0,61.0,59,91.98,30,ep? s450
1788350375,19:59:35,64.0,56.0,59.0,59,94.73,30,ep? s450
1788350380,19:59:40,68.0,56.0,61.0,59,94.98,30,ep? s500
1788350385,19:59:45,65.0,56.0,61.0,59,94.69,30,ep? s500
1788350390,19:59:50,65.0,55.0,61.0,59,94.88,30,ep? s500
1788350395,19:59:55,65.0,58.0,61.0,59,94.88,30,ep? s500
1788350400,20:00:00,65.0,55.0,61.0,59,94.90,30,ep? s500
1788350405,20:00:05,71.0,59.0,61.0,59,94.56,30,ep? s500
1788350410,20:00:10,65.0,55.0,59.0,59,94.91,30,ep? s500
1788350415,20:00:15,67.0,57.0,61.0,59,95.18,30,ep? s500
1788350420,20:00:20,65.0,57.0,61.0,59,95.15,30,ep? s500
1788350425,20:00:25,65.0,58.0,61.0,59,95.08,28,ep? s500
1788350430,20:00:30,65.0,60.0,61.0,59,94.98,31,ep? s550
1788350435,20:00:35,66.0,59.0,59.0,59,95.93,28,ep? s550
1788350440,20:00:40,63.0,60.0,61.0,59,96.71,25,ep? s550
1788350445,20:00:45,67.0,59.0,61.0,59,94.54,33,ep? s550
1788350451,20:00:51,64.0,59.0,61.0,60,93.60,17,ep? s550
1788350456,20:00:56,65.0,58.0,61.0,60,94.17,33,ep? s550
1788350461,20:01:01,67.0,57.0,61.0,59,93.97,33,ep? s550
1788350466,20:01:06,69.0,59.0,63.0,59,93.96,27,ep? s550
1788350471,20:01:11,71.0,60.0,57.0,59,94.30,32,ep? s550
1788350476,20:01:16,70.0,56.0,61.0,59,94.27,35,ep? s550
1788350481,20:01:21,71.0,59.0,61.0,59,97.52,29,ep? s600
1788350486,20:01:26,66.0,60.0,58.0,59,90.31,30,ep? s600
1788350491,20:01:31,66.0,60.0,61.0,60,94.80,29,ep? s600
1788350496,20:01:36,66.0,58.0,61.0,59,95.15,30,ep? s600
1788350501,20:01:41,66.0,59.0,59.0,59,94.90,29,ep? s600
1788350506,20:01:46,66.0,59.0,59.0,59,94.87,29,ep? s600
1788350511,20:01:51,65.0,59.0,59.0,59,94.79,30,ep? s600
1788350516,20:01:56,66.0,66.0,61.0,59,95.02,30,ep? s600
1788350521,20:02:01,66.0,60.0,66.0,59,94.85,30,ep? s600
1788350526,20:02:06,66.0,60.0,61.0,59,94.10,30,ep? s600
1788350531,20:02:11,65.0,55.0,59.0,59,94.96,30,ep? s650
1788350536,20:02:16,66.0,58.0,61.0,59,94.71,30,ep? s650
1788350542,20:02:22,65.0,63.0,61.0,59,95.04,31,ep? s650
1788350547,20:02:27,66.0,65.0,61.0,59,95.02,30,ep? s650
1788350552,20:02:32,65.0,58.0,59.0,59,94.53,32,ep? s650
1788350557,20:02:37,65.0,58.0,59.0,59,94.83,30,ep? s650
1788350562,20:02:42,66.0,59.0,59.0,59,94.65,34,ep? s650
1788350567,20:02:47,63.0,56.0,58.0,59,95.02,31,ep? s650
1788350572,20:02:52,65.0,59.0,59.0,59,94.60,25,ep? s650
1788350577,20:02:57,65.0,59.0,61.0,59,94.83,31,ep? s650
1788350582,20:03:02,65.0,57.0,61.0,59,96.68,27,ep? s700
1788350587,20:03:07,66.0,60.0,61.0,59,96.60,25,ep? s700
1788350592,20:03:12,65.0,55.0,59.0,60,96.47,27,ep? s700
1788350597,20:03:17,67.0,56.0,57.0,60,94.33,25,ep? s700
1788350602,20:03:22,68.0,56.0,59.0,59,94.22,34,ep? s700
1788350607,20:03:27,74.0,59.0,61.0,59,94.13,35,ep? s700
1788350612,20:03:32,69.0,63.0,59.0,59,94.51,33,ep? s700
1788350617,20:03:37,69.0,56.0,61.0,59,94.22,34,ep? s700
1788350622,20:03:42,68.0,55.0,61.0,59,93.48,29,ep? s700
1788350627,20:03:47,70.0,56.0,61.0,59,94.75,34,ep? s700
1788350633,20:03:53,68.0,59.0,61.0,60,93.38,29,ep? s750
1788350638,20:03:58,81.0,60.0,61.0,60,97.27,29,ep? s750
1788350643,20:04:03,63.0,58.0,59.0,60,97.33,35,ep? s750
1788350648,20:04:08,63.0,59.0,59.0,59,94.46,30,ep? s750
1788350653,20:04:13,63.0,58.0,57.0,59,95.08,30,ep? s750
1788350658,20:04:18,65.0,59.0,58.0,59,94.81,30,ep? s750
1788350664,20:04:24,65.0,59.0,57.0,59,93.99,30,ep? s750
1788350669,20:04:29,63.0,58.0,58.0,59,94.65,30,ep? s750
1788350674,20:04:34,66.0,57.0,61.0,59,93.64,30,ep? s750
1788350679,20:04:39,65.0,56.0,59.0,59,94.76,30,ep? s750
1788350684,20:04:44,65.0,55.0,59.0,59,94.44,31,ep? s800
1788350689,20:04:49,65.0,57.0,59.0,59,94.75,29,ep? s800
1788350694,20:04:54,63.0,57.0,61.0,59,95.12,30,ep? s800
1788350699,20:04:59,65.0,56.0,59.0,60,94.66,30,ep? s800
1788350704,20:05:04,65.0,58.0,61.0,59,94.60,28,ep? s800
1788350709,20:05:09,65.0,58.0,62.0,59,94.83,31,ep? s800
1788350714,20:05:14,65.0,60.0,61.0,59,95.65,28,ep? s800
1788350719,20:05:19,63.0,59.0,61.0,59,96.65,25,ep? s800
1788350724,20:05:24,69.0,57.0,61.0,59,95.17,33,ep? s800
1788350729,20:05:29,64.0,59.0,61.0,59,96.70,27,ep? s800
1788350735,20:05:35,65.0,55.0,59.0,59,95.07,30,ep? s850
1788350740,20:05:40,67.0,60.0,59.0,59,93.67,34,ep? s850
1788350745,20:05:45,71.0,56.0,59.0,59,94.39,26,ep? s850
1788350750,20:05:50,70.0,56.0,59.0,59,94.40,33,ep? s850
1788350755,20:05:55,71.0,59.0,58.0,59,94.36,34,ep? s850
1788350760,20:06:00,71.0,59.0,59.0,59,97.55,30,ep? s850
1788350765,20:06:05,63.0,56.0,58.0,60,96.94,34,ep? s850
1788350770,20:06:10,65.0,58.0,61.0,60,95.07,29,ep? s850
1788350775,20:06:15,65.0,59.0,58.0,59,94.73,30,ep? s850
1788350780,20:06:20,68.0,68.0,57.0,59,94.63,29,ep? s850
1788350785,20:06:25,65.0,58.0,59.0,59,94.86,30,ep? s850
1788350790,20:06:30,65.0,61.0,61.0,59,95.14,30,ep? s900
1788350795,20:06:35,65.0,58.0,59.0,59,93.85,30,ep? s900
1788350800,20:06:40,65.0,56.0,58.0,59,94.62,30,ep? s900
1788350805,20:06:45,65.0,59.0,57.0,59,94.66,30,ep? s900
1788350810,20:06:50,65.0,58.0,57.0,59,94.91,30,ep? s900
1788350815,20:06:55,65.0,60.0,58.0,59,95.00,30,ep? s900
1788350820,20:07:00,65.0,62.0,58.0,59,95.06,30,ep? s900
1788350826,20:07:06,75.0,59.0,58.0,59,94.77,34,ep? s900
1788350831,20:07:11,65.0,59.0,58.0,59,94.86,28,ep? s900
1788350836,20:07:16,66.0,60.0,61.0,59,95.13,34,ep? s900
1788350841,20:07:21,67.0,59.0,61.0,59,95.87,28,ep? s950
1788350846,20:07:26,65.0,60.0,61.0,59,95.61,23,ep? s950
1788350851,20:07:31,62.0,58.0,61.0,60,94.19,33,ep? s950
1788350856,20:07:36,67.0,58.0,62.0,60,94.81,23,ep? s950
1788350861,20:07:41,65.0,59.0,59.0,59,94.14,32,ep? s950
1788350866,20:07:46,69.0,61.0,61.0,59,94.03,34,ep? s950
1788350871,20:07:51,71.0,58.0,59.0,59,97.40,29,ep? s950
1788350876,20:07:56,73.0,58.0,61.0,59,94.47,34,ep? s950
1788350881,20:08:01,70.0,58.0,61.0,59,96.78,29,ep? s950
1788350886,20:08:06,67.0,55.0,58.0,60,96.40,29,ep? s950
1788350891,20:08:11,66.0,61.0,61.0,59,93.79,30,ep? s1000
1788350896,20:08:16,65.0,59.0,57.0,59,94.76,29,ep? s1000
1788350901,20:08:21,65.0,58.0,59.0,59,93.64,30,ep? s1000
1788350906,20:08:26,65.0,59.0,61.0,59,94.76,30,ep? s1000
1788350911,20:08:31,65.0,58.0,59.0,59,94.43,31,ep? s1000
1788350916,20:08:36,81.0,56.0,59.0,59,94.93,30,ep? s1000
1788350921,20:08:41,65.0,56.0,59.0,59,94.98,31,ep? s1000
1788350927,20:08:47,70.0,60.0,61.0,59,94.78,30,ep? s1000
1788350932,20:08:52,63.0,58.0,66.0,59,94.73,30,ep? s1000
1788350937,20:08:57,66.0,58.0,62.0,59,95.07,30,ep? s1000
1788350942,20:09:02,65.0,59.0,61.0,59,94.88,34,ep? s1050
1788350947,20:09:07,63.0,58.0,61.0,59,94.47,28,ep? s1050
1788350952,20:09:12,66.0,58.0,61.0,59,94.66,27,ep? s1050
1788350957,20:09:17,63.0,56.0,59.0,59,95.71,29,ep? s1050
1788350962,20:09:22,63.0,58.0,58.0,59,94.49,28,ep? s1050
1788350968,20:09:28,63.0,56.0,57.0,59,94.43,30,ep? s1050
1788350973,20:09:33,75.0,60.0,61.0,59,94.39,30,ep? s1050
1788350978,20:09:38,65.0,59.0,58.0,59,94.49,30,ep? s1050
1788350983,20:09:43,68.0,57.0,63.0,59,94.76,31,ep? s1050
1788350988,20:09:48,63.0,59.0,61.0,59,93.51,30,ep? s1050
1788350993,20:09:53,70.0,59.0,62.0,59,94.73,30,ep? s1100
1788350998,20:09:58,65.0,57.0,63.0,59,94.90,30,ep? s1100
1788351003,20:10:03,72.0,72.0,58.0,59,94.99,31,ep? s1100
1788351008,20:10:08,64.0,55.0,61.0,59,94.70,31,ep? s1100
1788351013,20:10:13,69.0,56.0,61.0,59,94.76,30,ep? s1100
1788351018,20:10:18,66.0,60.0,62.0,59,94.96,30,ep? s1100
1788351023,20:10:23,73.0,57.0,63.0,59,94.93,31,ep? s1100
1788351028,20:10:28,66.0,59.0,61.0,59,95.31,28,ep? s1100
1788351033,20:10:33,74.0,74.0,63.0,59,95.11,30,ep? s1100
1788351038,20:10:38,66.0,66.0,62.0,59,96.99,28,ep? s1100
1788351043,20:10:43,75.0,61.0,62.0,59,96.92,25,ep? s1150
1788351048,20:10:48,68.0,59.0,62.0,59,88.29,29,ep? s1150
1788351053,20:10:53,84.0,56.0,84.0,59,94.36,25,ep? s1150
1788351058,20:10:58,75.0,58.0,59.0,59,94.59,33,ep? s1150
1788351063,20:11:03,87.0,60.0,87.0,59,94.37,35,ep? s1150
1788351069,20:11:09,71.0,56.0,61.0,59,97.89,30,ep? s1150
1788351074,20:11:14,78.0,65.0,62.0,60,97.75,36,ep? s1150
1788351079,20:11:19,74.0,68.0,62.0,60,94.88,29,ep? s1150
1788351084,20:11:24,75.0,59.0,63.0,59,93.84,31,ep? s1150
1788351089,20:11:29,68.0,56.0,59.0,59,95.03,30,ep? s1150
1788351094,20:11:34,83.0,56.0,83.0,59,95.12,30,ep? s1200
1788351099,20:11:39,65.0,58.0,61.0,59,95.32,30,ep? s1200
1788351104,20:11:44,80.0,57.0,80.0,59,94.84,31,ep? s1200
1788351109,20:11:49,63.0,56.0,59.0,59,94.99,30,ep? s1200
1788351114,20:11:54,71.0,59.0,62.0,59,94.79,31,ep? s1200
1788351119,20:11:59,63.0,58.0,59.0,59,95.09,30,ep? s1200
1788351124,20:12:04,76.0,57.0,59.0,59,95.29,31,ep? s1200
1788351129,20:12:09,63.0,57.0,61.0,59,95.07,31,ep? s1200
1788351134,20:12:14,68.0,63.0,62.0,59,95.17,31,ep? s1200
1788351139,20:12:19,67.0,58.0,61.0,59,95.40,31,ep? s1200
1788351144,20:12:24,68.0,58.0,65.0,59,95.14,29,ep? s1250
1788351149,20:12:29,100.0,61.0,100.0,59,95.03,29,ep? s1250
1788351154,20:12:34,70.0,58.0,59.0,59,94.92,28,ep? s1250
1788351159,20:12:39,63.0,59.0,59.0,59,93.74,22,ep? s1250
1788351165,20:12:45,75.0,62.0,67.0,59,96.67,28,ep? s1250
1788351170,20:12:50,64.0,62.0,61.0,60,96.55,25,ep? s1250
1788351175,20:12:55,70.0,62.0,61.0,60,94.22,33,ep? s1250
1788351180,20:13:00,75.0,60.0,61.0,59,86.96,25,ep? s1250
1788351185,20:13:05,78.0,59.0,59.0,59,94.67,33,ep? s1250
1788351190,20:13:10,70.0,59.0,58.0,59,94.36,34,ep? s1250
1788351195,20:13:15,72.0,60.0,58.0,59,97.70,30,ep? s1300
1788351200,20:13:20,69.0,58.0,59.0,59,96.17,34,ep? s1300
1788351205,20:13:25,72.0,55.0,58.0,60,95.13,30,ep? s1300
1788351210,20:13:30,65.0,59.0,58.0,59,95.00,30,ep? s1300
1788351215,20:13:35,77.0,59.0,58.0,59,95.02,31,ep? s1300
1788351220,20:13:40,66.0,62.0,59.0,59,95.19,30,ep? s1300
1788351225,20:13:45,82.0,63.0,82.0,59,95.10,31,ep? s1300
1788351230,20:13:50,65.0,59.0,61.0,59,95.16,30,ep? s1300
1788351235,20:13:55,80.0,61.0,70.0,59,95.23,31,ep? s1300
1788351240,20:14:00,65.0,59.0,61.0,59,94.91,30,ep? s1300
1788351245,20:14:05,68.0,59.0,62.0,59,94.83,30,ep? s1350
1788351250,20:14:10,65.0,66.0,61.0,59,95.08,30,ep? s1350
1788351255,20:14:15,70.0,60.0,62.0,59,93.80,26,ep? s1350
1788351260,20:14:20,65.0,56.0,61.0,59,95.08,28,ep? s1350
1788351265,20:14:25,70.0,70.0,66.0,59,94.01,31,ep? s1350
1788351271,20:14:31,67.0,59.0,67.0,59,94.98,29,ep? s1350
1788351276,20:14:36,69.0,61.0,59.0,59,93.94,30,ep? s1350
1788351281,20:14:41,65.0,60.0,62.0,59,95.20,30,ep? s1350
1788351286,20:14:46,71.0,64.0,61.0,59,95.23,30,ep? s1350
1788351291,20:14:51,66.0,60.0,61.0,59,94.90,30,ep? s1350
1788351296,20:14:56,71.0,61.0,61.0,59,93.71,30,ep? s1400
1788351301,20:15:01,67.0,59.0,61.0,59,94.77,30,ep? s1400
1788351306,20:15:06,69.0,69.0,61.0,59,93.70,30,ep? s1400
1788351312,20:15:12,65.0,56.0,61.0,59,94.60,30,ep? s1400
1788351317,20:15:17,79.0,60.0,79.0,59,94.86,34,ep? s1400
1788351322,20:15:22,66.0,59.0,61.0,59,95.33,29,ep? s1400
1788351327,20:15:27,75.0,60.0,67.0,59,95.19,30,ep? s1400
1788351332,20:15:32,65.0,59.0,58.0,59,95.06,30,ep? s1400
1788351337,20:15:37,72.0,72.0,65.0,59,94.81,28,ep? s1400
1788351342,20:15:42,64.0,58.0,61.0,59,95.00,32,ep? s1400
1788351347,20:15:47,68.0,58.0,59.0,59,96.38,28,ep? s1450
1788351352,20:15:52,65.0,58.0,61.0,59,87.55,26,ep? s1450
1788351357,20:15:57,83.0,59.0,83.0,60,94.55,33,ep? s1450
1788351362,20:16:02,69.0,59.0,57.0,59,94.33,35,ep? s1450
1788351367,20:16:07,72.0,72.0,59.0,59,94.26,33,ep? s1450
1788351372,20:16:12,69.0,59.0,58.0,59,97.67,35,ep? s1450
1788351377,20:16:17,77.0,66.0,61.0,60,97.31,30,ep? s1450
1788351382,20:16:22,69.0,60.0,69.0,60,94.76,29,ep? s1450
1788351387,20:16:27,72.0,58.0,59.0,59,94.76,30,ep? s1450
1788351392,20:16:32,64.0,58.0,61.0,59,94.90,29,ep? s1450
1788351397,20:16:37,80.0,60.0,80.0,59,94.83,30,ep? s1500
1788351402,20:16:42,64.0,56.0,58.0,59,94.51,30,ep? s1500
1788351407,20:16:47,71.0,62.0,61.0,59,94.92,30,ep? s1500
1788351413,20:16:53,63.0,59.0,57.0,59,94.99,30,ep? s1500
1788351418,20:16:58,77.0,64.0,62.0,59,94.95,30,ep? s1500
1788351423,20:17:03,65.0,61.0,61.0,59,94.72,30,ep? s1500
1788351428,20:17:08,76.0,59.0,61.0,59,94.61,30,ep? s1500
1788351433,20:17:13,64.0,59.0,61.0,59,94.61,33,ep? s1500
1788351438,20:17:18,73.0,60.0,61.0,59,94.92,28,ep? s1500
1788351443,20:17:23,63.0,59.0,61.0,59,95.67,33,ep? s1500
1788351448,20:17:28,87.0,60.0,76.0,59,96.12,28,ep? s1550
1788351453,20:17:33,65.0,61.0,62.0,60,97.28,23,ep? s1550
1788351458,20:17:38,76.0,59.0,76.0,61,93.55,34,ep? s1550
1788351463,20:17:43,71.0,64.0,62.0,60,93.95,31,ep? s1550
1788351468,20:17:48,70.0,60.0,61.0,59,93.73,33,ep? s1550
1788351473,20:17:53,69.0,59.0,61.0,59,93.75,36,ep? s1550
1788351478,20:17:58,75.0,60.0,59.0,59,97.87,36,ep? s1550
1788351483,20:18:03,65.0,60.0,69.0,59,95.74,29,ep? s1550
1788351488,20:18:08,81.0,64.0,71.0,60,102.55,36,ep? s1550
1788351493,20:18:13,65.0,60.0,63.0,60,101.62,37,ep? s1550
1788351498,20:18:18,82.0,68.0,66.0,61,116.09,35,ep? s1550
1788351503,20:18:23,67.0,60.0,65.0,61,111.22,36,ep? s1600
1788351508,20:18:28,69.0,65.0,62.0,60,99.40,37,ep? s1600
1788351514,20:18:34,66.0,66.0,63.0,60,105.00,33,ep? s1600
1788351519,20:18:39,70.0,66.0,63.0,60,104.92,35,ep? s1600
1788351524,20:18:44,72.0,72.0,61.0,60,95.22,26,ep? s1600
1788351529,20:18:49,72.0,61.0,62.0,60,94.85,34,ep? s1600
1788351534,20:18:54,68.0,59.0,67.0,60,94.09,29,ep? s1600
1788351539,20:18:59,76.0,61.0,67.0,60,97.69,34,ep? s1600
1788351544,20:19:04,68.0,59.0,58.0,59,95.17,30,ep? s1600
1788351549,20:19:09,76.0,61.0,65.0,60,95.58,34,ep? s1600
1788351554,20:19:14,65.0,59.0,61.0,60,93.75,31,ep? s1650
1788351559,20:19:19,76.0,62.0,67.0,60,95.11,30,ep? s1650
1788351564,20:19:24,64.0,59.0,61.0,60,93.96,30,ep? s1650
1788351569,20:19:29,82.0,61.0,82.0,60,94.99,30,ep? s1650
1788351575,20:19:35,67.0,61.0,62.0,60,95.11,28,ep? s1650
1788351580,20:19:40,65.0,60.0,59.0,60,95.15,31,ep? s1650
1788351585,20:19:45,67.0,61.0,65.0,60,96.53,28,ep? s1650
1788351590,20:19:50,65.0,59.0,59.0,60,97.39,25,ep? s1650
1788351595,20:19:55,64.0,57.0,62.0,60,95.32,31,ep? s1650
1788351600,20:20:00,64.0,58.0,62.0,60,95.51,25,ep? s1650
1788351605,20:20:05,64.0,58.0,58.0,61,94.50,25,ep? s1700
1788351610,20:20:10,69.0,58.0,62.0,59,94.62,34,ep? s1700
1788351615,20:20:15,70.0,59.0,63.0,59,94.90,35,ep? s1700
1788351620,20:20:20,68.0,60.0,59.0,59,93.88,26,ep? s1700
1788351625,20:20:25,70.0,60.0,66.0,59,98.07,35,ep? s1700
1788351630,20:20:30,66.0,59.0,62.0,60,96.96,30,ep? s1700
1788351636,20:20:36,67.0,60.0,59.0,60,98.32,35,ep? s1700
1788351641,20:20:41,64.0,59.0,61.0,61,94.30,30,ep? s1700
1788351646,20:20:46,65.0,60.0,65.0,61,95.36,30,ep? s1700
1788351651,20:20:51,65.0,59.0,62.0,60,97.67,35,ep? s1700
1788351656,20:20:56,67.0,60.0,67.0,59,95.13,30,ep? s1750
1788351661,20:21:01,67.0,61.0,61.0,59,95.04,30,ep? s1750
1788351666,20:21:06,64.0,59.0,62.0,59,95.15,30,ep? s1750
1788351671,20:21:11,66.0,59.0,66.0,59,95.42,30,ep? s1750
1788351676,20:21:16,65.0,59.0,61.0,59,95.12,30,ep? s1750
1788351681,20:21:21,65.0,60.0,61.0,59,95.11,31,ep? s1750
1788351686,20:21:26,64.0,60.0,59.0,59,95.26,30,ep? s1750
1788351691,20:21:31,65.0,59.0,61.0,59,95.20,30,ep? s1750
1788351696,20:21:36,66.0,60.0,66.0,59,92.17,27,ep? s1750
1788351701,20:21:41,67.0,60.0,61.0,60,95.21,32,ep? s1750
1788351706,20:21:46,65.0,60.0,62.0,59,95.07,30,ep? s1800
1788351711,20:21:51,64.0,59.0,61.0,59,95.35,30,ep? s1800
1788351716,20:21:56,64.0,59.0,61.0,59,94.39,23,ep? s1800
1788351722,20:22:02,64.0,59.0,61.0,59,90.65,27,ep? s1800
1788351727,20:22:07,64.0,59.0,63.0,59,94.13,29,ep? s1800
1788351732,20:22:12,64.0,60.0,61.0,59,96.89,28,ep? s1800
1788351737,20:22:17,65.0,60.0,61.0,59,96.51,25,ep? s1800
1788351742,20:22:22,68.0,60.0,61.0,60,94.26,33,ep? s1800
1788351747,20:22:27,67.0,67.0,59.0,60,95.06,23,ep? s1800
1788351752,20:22:32,66.0,61.0,59.0,59,94.72,33,ep? s1800
1788351757,20:22:37,66.0,59.0,59.0,59,94.33,34,ep? s1850
1788351762,20:22:42,68.0,59.0,59.0,59,97.13,29,ep? s1850
1788351767,20:22:47,69.0,60.0,62.0,59,94.61,34,ep? s1850
1788351772,20:22:52,70.0,60.0,61.0,60,95.10,30,ep? s1850
1788351777,20:22:57,68.0,61.0,58.0,60,98.18,29,ep? s1850
1788351782,20:23:02,65.0,58.0,59.0,61,95.68,31,ep? s1850
1788351787,20:23:07,65.0,59.0,61.0,59,95.08,30,ep? s1850
1788351792,20:23:12,65.0,60.0,61.0,59,95.26,30,ep? s1850
1788351797,20:23:17,64.0,58.0,58.0,59,95.28,30,ep? s1850
1788351802,20:23:22,64.0,57.0,58.0,59,94.06,30,ep? s1850
1788351807,20:23:27,64.0,58.0,59.0,59,95.41,30,ep? s1900
1788351812,20:23:32,64.0,58.0,57.0,59,95.33,30,ep? s1900
1788351817,20:23:37,65.0,59.0,59.0,59,95.27,30,ep? s1900
1788351823,20:23:43,62.0,57.0,58.0,59,93.91,30,ep? s1900
1788351828,20:23:48,65.0,59.0,61.0,59,92.11,27,ep? s1900
1788351833,20:23:53,64.0,58.0,58.0,59,94.46,27,ep? s1900
1788351838,20:23:58,65.0,59.0,57.0,59,95.51,28,ep? s1900
1788351843,20:24:03,64.0,58.0,57.0,59,95.30,31,ep? s1900
1788351848,20:24:08,64.0,57.0,58.0,59,95.22,28,ep? s1900
1788351853,20:24:13,64.0,59.0,59.0,59,96.77,24,ep? s1900
1788351858,20:24:18,64.0,59.0,58.0,59,97.10,28,ep? s1950
1788351863,20:24:23,82.0,59.0,82.0,59,95.22,24,ep? s1950
1788351868,20:24:28,67.0,60.0,58.0,60,94.47,33,ep? s1950
1788351873,20:24:33,65.0,57.0,57.0,59,94.37,34,ep? s1950
1788351879,20:24:39,68.0,59.0,59.0,59,97.63,29,ep? s1950
1788351884,20:24:44,67.0,59.0,58.0,59,97.22,34,ep? s1950
1788351889,20:24:49,64.0,59.0,63.0,60,94.90,29,ep? s1950
1788351894,20:24:54,64.0,58.0,58.0,60,95.37,30,ep? s1950
1788351899,20:24:59,64.0,61.0,58.0,59,95.07,29,ep? s1950
1788351904,20:25:04,63.0,56.0,63.0,59,95.20,29,ep? s1950
1788351909,20:25:09,64.0,60.0,61.0,59,93.91,30,ep? s2000
1788351914,20:25:14,66.0,56.0,58.0,59,95.43,30,ep? s2000
1788351919,20:25:19,64.0,59.0,61.0,59,95.23,30,ep? s2000
1788351925,20:25:25,64.0,59.0,59.0,59,95.58,30,ep? s2000
1788351930,20:25:30,64.0,59.0,61.0,59,93.65,30,ep? s2000
1788351935,20:25:35,64.0,59.0,59.0,59,95.15,30,ep? s2000
1788351940,20:25:40,65.0,59.0,59.0,59,95.36,31,ep? s2000
1788351945,20:25:45,64.0,59.0,61.0,59,95.01,30,ep? s2000
1788351950,20:25:50,64.0,60.0,58.0,59,93.89,31,ep? s2000
1788351955,20:25:55,65.0,59.0,62.0,59,95.24,30,ep? s2000
1788351960,20:26:00,67.0,60.0,62.0,59,94.10,30,ep? s2050
1788351965,20:26:05,64.0,59.0,61.0,59,94.75,28,ep? s2050
1788351970,20:26:10,64.0,56.0,61.0,59,94.65,24,ep? s2050
1788351975,20:26:15,62.0,56.0,62.0,59,96.34,29,ep? s2050
1788351980,20:26:20,73.0,58.0,65.0,59,96.46,27,ep? s2050
1788351985,20:26:25,63.0,60.0,62.0,60,95.16,31,ep? s2050
1788351990,20:26:30,67.0,61.0,62.0,60,94.46,33,ep? s2050
1788351995,20:26:35,69.0,59.0,59.0,59,94.20,25,ep? s2050
1788352000,20:26:40,66.0,58.0,61.0,59,94.19,33,ep? s2050
1788352005,20:26:45,69.0,59.0,62.0,59,94.54,35,ep? s2050
1788352010,20:26:50,68.0,59.0,61.0,59,94.40,33,ep? s2100
1788352016,20:26:56,69.0,58.0,61.0,59,97.56,34,ep? s2100
1788352021,20:27:01,70.0,66.0,61.0,59,94.89,34,ep? s2100
1788352026,20:27:06,64.0,58.0,61.0,60,95.22,30,ep? s2100
1788352031,20:27:11,64.0,56.0,63.0,60,97.42,36,ep? s2100
1788352036,20:27:16,64.0,58.0,59.0,60,94.78,29,ep? s2100
1788352041,20:27:21,65.0,59.0,61.0,59,94.92,30,ep? s2100
1788352046,20:27:26,64.0,59.0,61.0,59,94.89,29,ep? s2100
1788352051,20:27:31,71.0,57.0,62.0,59,95.15,30,ep? s2100
1788352056,20:27:36,64.0,60.0,62.0,59,94.87,30,ep? s2100
1788352061,20:27:41,65.0,59.0,61.0,59,95.10,31,ep? s2150
1788352066,20:27:46,66.0,60.0,63.0,59,95.24,30,ep? s2150
1788352071,20:27:51,66.0,59.0,61.0,59,95.32,31,ep? s2150
1788352076,20:27:56,64.0,58.0,61.0,59,95.40,30,ep? s2150
1788352081,20:28:01,65.0,58.0,65.0,59,95.11,34,ep? s2150
1788352086,20:28:06,62.0,55.0,61.0,59,94.78,30,ep? s2150
1788352091,20:28:11,65.0,57.0,62.0,59,95.36,34,ep? s2150
1788352096,20:28:16,65.0,58.0,62.0,59,95.57,31,ep? s2150
1788352101,20:28:21,64.0,56.0,59.0,59,95.08,26,ep? s2150
1788352106,20:28:26,64.0,59.0,61.0,59,95.30,31,ep? s2150
1788352112,20:28:32,65.0,65.0,61.0,59,95.28,28,ep? s2200
1788352117,20:28:37,65.0,60.0,61.0,59,96.68,25,ep? s2200
1788352122,20:28:42,64.0,59.0,62.0,59,93.77,26,ep? s2200
1788352127,20:28:47,65.0,58.0,65.0,59,95.49,25,ep? s2200
1788352132,20:28:52,62.0,56.0,61.0,59,96.36,25,ep? s2200
1788352137,20:28:57,65.0,56.0,59.0,60,96.50,27,ep? s2200
1788352142,20:29:02,67.0,58.0,59.0,60,93.79,18,ep? s2200
1788352147,20:29:07,66.0,59.0,61.0,59,94.39,33,ep? s2200
1788352152,20:29:12,74.0,58.0,74.0,59,93.83,19,ep? s2200
1788352157,20:29:17,71.0,58.0,59.0,59,94.39,33,ep? s2200
1788352162,20:29:22,69.0,56.0,61.0,59,94.23,34,ep? s2250
1788352167,20:29:27,68.0,63.0,59.0,59,97.62,29,ep? s2250
1788352172,20:29:32,68.0,59.0,58.0,59,94.53,34,ep? s2250
1788352177,20:29:37,67.0,66.0,59.0,60,94.78,29,ep? s2250
1788352183,20:29:43,65.0,60.0,61.0,59,94.79,30,ep? s2250
1788352188,20:29:48,65.0,60.0,58.0,59,94.59,30,ep? s2250
1788352193,20:29:53,65.0,56.0,65.0,59,95.04,30,ep? s2250
1788352198,20:29:58,65.0,59.0,59.0,59,95.29,29,ep? s2250
1788352203,20:30:03,65.0,58.0,58.0,59,94.80,27,ep? s2250
1788352208,20:30:08,65.0,58.0,59.0,60,94.71,31,ep? s2250
1788352213,20:30:13,65.0,58.0,61.0,59,96.61,27,ep? s2300
1788352218,20:30:18,68.0,60.0,61.0,60,94.39,17,ep? s2300
1788352223,20:30:23,67.0,61.0,59.0,60,96.45,34,ep? s2300
1788352228,20:30:28,70.0,56.0,57.0,60,94.29,25,ep? s2300
1788352234,20:30:34,68.0,58.0,59.0,60,94.32,33,ep? s2300
1788352239,20:30:39,65.0,59.0,61.0,59,94.37,35,ep? s2300
1788352244,20:30:44,71.0,58.0,58.0,59,94.33,33,ep? s2300
1788352249,20:30:49,67.0,63.0,58.0,59,97.40,34,ep? s2300
1788352254,20:30:54,70.0,58.0,59.0,59,97.67,29,ep? s2300
1788352259,20:30:59,67.0,56.0,65.0,60,94.82,30,ep? s2300
1788352264,20:31:04,65.0,58.0,58.0,59,95.02,29,ep? s2350
1788352269,20:31:09,64.0,56.0,62.0,59,94.68,30,ep? s2350
1788352274,20:31:14,64.0,58.0,57.0,59,94.64,30,ep? s2350
1788352279,20:31:19,64.0,57.0,61.0,59,95.05,30,ep? s2350
1788352284,20:31:24,64.0,58.0,58.0,59,95.01,30,ep? s2350
1788352289,20:31:29,64.0,63.0,61.0,59,94.81,32,ep? s2350
1788352294,20:31:34,67.0,59.0,67.0,59,93.80,25,ep5
1788352299,20:31:39,64.0,59.0,61.0,59,94.89,30,ep5
1788352304,20:31:44,64.0,57.0,61.0,59,94.77,31,ep5
1788352309,20:31:49,65.0,60.0,62.0,59,94.65,28,ep5
1788352314,20:31:54,65.0,60.0,62.0,59,96.80,25,ep5
1788352319,20:31:59,73.0,60.0,61.0,60,96.25,27,ep5
1788352324,20:32:04,65.0,58.0,61.0,60,94.09,25,ep5
1788352329,20:32:09,74.0,59.0,59.0,59,94.25,34,ep5
1788352335,20:32:15,72.0,58.0,62.0,59,94.10,25,ep5
1788352340,20:32:20,70.0,60.0,62.0,59,94.14,34,ep5
1788352345,20:32:25,69.0,60.0,62.0,59,94.64,35,ep5
1788352350,20:32:30,63.0,60.0,61.0,60,95.07,29,ep5
1788352355,20:32:35,67.0,60.0,62.0,60,97.43,35,ep5
1788352360,20:32:40,65.0,60.0,62.0,59,94.85,29,ep5
1788352365,20:32:45,65.0,60.0,59.0,59,94.88,30,ep5
1788352370,20:32:50,65.0,59.0,63.0,59,94.91,30,ep5
1788352375,20:32:55,64.0,60.0,62.0,59,94.98,30,ep5
1788352380,20:33:00,65.0,60.0,62.0,59,95.03,30,ep5
1788352385,20:33:05,64.0,59.0,62.0,59,95.18,30,ep5
1788352390,20:33:10,68.0,61.0,62.0,59,95.10,30,ep5
1788352395,20:33:15,65.0,60.0,59.0,59,95.19,30,ep5
1788352400,20:33:20,65.0,65.0,62.0,59,94.96,30,ep5
1788352405,20:33:25,64.0,59.0,59.0,59,95.26,31,ep5
1788352410,20:33:30,64.0,60.0,61.0,59,91.87,27,ep5
1788352415,20:33:35,67.0,60.0,67.0,59,95.17,31,ep5
1788352420,20:33:40,65.0,61.0,61.0,59,95.01,28,ep5
1788352426,20:33:46,64.0,58.0,62.0,59,94.79,31,ep5
1788352431,20:33:51,64.0,58.0,61.0,59,96.75,28,ep5
1788352436,20:33:56,73.0,62.0,62.0,59,96.51,24,ep5
1788352441,20:34:01,64.0,59.0,61.0,60,94.69,33,ep5
1788352446,20:34:06,75.0,60.0,62.0,59,94.15,25,ep5
1788352451,20:34:11,69.0,59.0,63.0,59,94.32,33,ep5
1788352456,20:34:16,73.0,62.0,61.0,59,94.72,34,ep5
1788352461,20:34:21,69.0,59.0,61.0,59,97.65,30,ep5
1788352466,20:34:26,72.0,60.0,62.0,59,97.43,35,ep5
1788352471,20:34:31,68.0,60.0,61.0,60,97.73,30,ep5
1788352476,20:34:36,64.0,56.0,61.0,60,94.81,30,ep5
1788352481,20:34:41,65.0,56.0,61.0,59,94.57,30,ep5
1788352487,20:34:47,65.0,58.0,59.0,59,94.73,30,ep5
1788352492,20:34:52,64.0,56.0,61.0,59,95.21,30,ep5
1788352497,20:34:57,64.0,56.0,61.0,59,94.95,31,ep5
1788352502,20:35:02,71.0,56.0,65.0,59,95.01,26,ep5
1788352507,20:35:07,62.0,56.0,58.0,59,95.03,31,ep5
1788352512,20:35:12,64.0,56.0,58.0,59,95.03,25,ep5
1788352517,20:35:17,64.0,59.0,58.0,59,96.67,25,ep5
1788352522,20:35:22,62.0,58.0,59.0,60,96.52,27,ep5
1788352527,20:35:27,65.0,55.0,57.0,60,94.22,25,ep5
1788352532,20:35:32,62.0,58.0,58.0,59,94.18,34,ep5
1788352537,20:35:37,66.0,58.0,58.0,59,94.34,25,ep5
1788352543,20:35:43,68.0,55.0,58.0,59,94.04,33,ep5
1788352548,20:35:48,66.0,56.0,56.0,59,94.69,34,ep5
1788352553,20:35:53,68.0,61.0,57.0,59,94.72,33,ep5
1788352558,20:35:58,67.0,61.0,57.0,59,98.02,35,ep5
1788352563,20:36:03,68.0,58.0,58.0,59,95.87,29,ep5
1788352568,20:36:08,63.0,59.0,59.0,60,94.69,30,ep5
1788352573,20:36:13,64.0,59.0,61.0,60,95.71,32,ep5
1788352578,20:36:18,65.0,61.0,61.0,60,95.32,29,ep5
1788352583,20:36:23,65.0,60.0,61.0,59,94.71,30,ep5
1788352588,20:36:28,62.0,60.0,62.0,59,94.82,30,ep5
1788352593,20:36:33,64.0,59.0,61.0,59,94.84,29,ep5
1788352598,20:36:38,65.0,56.0,61.0,59,94.77,30,ep5
1788352603,20:36:43,64.0,60.0,61.0,59,94.74,31,ep5
1788352608,20:36:48,65.0,59.0,59.0,59,94.76,30,ep5
1788352613,20:36:53,63.0,56.0,58.0,59,95.04,30,ep5
1788352618,20:36:58,67.0,58.0,61.0,59,95.21,30,ep5
1788352623,20:37:03,65.0,59.0,61.0,59,95.35,30,ep5
1788352629,20:37:09,67.0,58.0,62.0,59,94.24,30,ep5
1788352634,20:37:14,64.0,59.0,57.0,60,95.19,30,ep5
1788352639,20:37:19,64.0,59.0,58.0,59,94.31,28,ep5
1788352644,20:37:24,65.0,59.0,61.0,59,95.33,30,ep5
1788352649,20:37:29,64.0,56.0,57.0,59,95.26,31,ep5
1788352654,20:37:34,62.0,56.0,57.0,59,94.50,27,ep5
1788352659,20:37:39,62.0,58.0,58.0,59,94.81,31,ep5
1788352664,20:37:44,64.0,55.0,59.0,59,95.04,28,ep5
1788352669,20:37:49,64.0,61.0,58.0,59,96.43,26,ep5
1788352674,20:37:54,62.0,59.0,59.0,59,96.60,33,ep5
1788352679,20:37:59,65.0,58.0,59.0,60,94.95,23,ep5
1788352684,20:38:04,69.0,60.0,59.0,59,94.21,33,ep5
1788352689,20:38:09,67.0,56.0,58.0,59,94.23,34,ep5
1788352694,20:38:14,68.0,58.0,58.0,59,94.23,33,ep5
1788352699,20:38:19,68.0,59.0,58.0,59,97.35,34,ep5
1788352704,20:38:24,67.0,59.0,59.0,60,93.88,30,ep5
1788352709,20:38:29,62.0,59.0,59.0,60,95.01,29,ep5
1788352714,20:38:34,63.0,60.0,61.0,60,97.71,35,ep5
1788352719,20:38:39,64.0,59.0,62.0,59,94.60,29,ep5
1788352725,20:38:45,65.0,60.0,62.0,59,93.49,30,ep5
1788352730,20:38:50,65.0,59.0,62.0,59,94.70,30,ep5
1788352735,20:38:55,64.0,58.0,59.0,59,93.59,30,ep5
1788352740,20:39:00,65.0,58.0,62.0,59,94.89,30,ep5
1788352745,20:39:05,64.0,58.0,61.0,59,94.57,30,ep5
1788352750,20:39:10,64.0,58.0,61.0,59,95.08,30,ep5
1788352755,20:39:15,64.0,55.0,57.0,59,94.71,30,ep5
1788352760,20:39:20,67.0,60.0,66.0,59,95.28,30,ep5
1788352765,20:39:25,64.0,60.0,61.0,59,94.76,30,ep5
1788352770,20:39:30,65.0,58.0,61.0,59,94.92,30,ep5
1788352775,20:39:35,64.0,59.0,61.0,59,95.01,30,ep5
1788352780,20:39:40,65.0,59.0,61.0,59,95.18,30,ep5
1788352785,20:39:45,64.0,59.0,61.0,59,94.92,30,ep5
1788352791,20:39:51,85.0,62.0,85.0,59,95.17,27,ep5
1788352796,20:39:56,68.0,59.0,61.0,59,97.64,29,ep5
1788352801,20:40:01,68.0,68.0,67.0,60,93.98,30,ep5
1788352806,20:40:06,64.0,59.0,62.0,60,95.44,29,ep5
1788352811,20:40:11,69.0,69.0,63.0,59,94.04,30,ep5
1788352816,20:40:16,82.0,56.0,59.0,59,95.25,30,ep5
1788352821,20:40:21,71.0,66.0,66.0,59,95.18,29,ep5
1788352826,20:40:26,65.0,56.0,61.0,59,95.07,30,ep5
1788352831,20:40:31,83.0,60.0,83.0,59,94.97,30,ep5
1788352836,20:40:36,64.0,58.0,59.0,59,95.12,30,ep5
1788352841,20:40:41,74.0,74.0,62.0,59,95.10,30,ep5
1788352846,20:40:46,67.0,61.0,62.0,59,95.10,30,ep5
1788352852,20:40:52,70.0,59.0,70.0,59,95.31,30,ep5
1788352857,20:40:57,64.0,60.0,59.0,59,95.24,31,ep5
1788352862,20:41:02,80.0,60.0,62.0,59,94.89,30,ep5
1788352867,20:41:07,67.0,60.0,61.0,59,95.28,32,ep5
1788352872,20:41:12,77.0,59.0,61.0,59,95.38,30,ep5
1788352877,20:41:17,65.0,58.0,61.0,60,95.97,23,ep5
1788352882,20:41:22,77.0,64.0,61.0,59,95.41,31,ep5
1788352887,20:41:27,64.0,60.0,61.0,59,93.93,17,ep5
1788352892,20:41:32,71.0,71.0,59.0,59,96.73,25,ep5
1788352897,20:41:37,66.0,58.0,59.0,60,95.16,26,ep5
1788352902,20:41:42,83.0,59.0,69.0,61,94.29,25,ep5
1788352907,20:41:47,66.0,58.0,61.0,60,95.38,33,ep5
1788352912,20:41:52,72.0,60.0,62.0,59,94.50,35,ep5
1788352917,20:41:57,66.0,58.0,61.0,59,94.46,28,ep5
1788352922,20:42:02,81.0,60.0,66.0,59,97.60,35,ep5
1788352927,20:42:07,71.0,59.0,61.0,59,94.95,34,ep5
1788352932,20:42:12,78.0,58.0,78.0,60,95.13,29,ep5
1788352937,20:42:17,65.0,55.0,58.0,60,97.43,35,ep5
1788352942,20:42:22,75.0,58.0,75.0,59,95.07,30,ep5
1788352948,20:42:28,64.0,58.0,61.0,59,95.34,30,ep5
1788352953,20:42:33,69.0,61.0,62.0,59,95.17,30,ep5
1788352958,20:42:38,64.0,58.0,61.0,59,95.30,30,ep5
1788352963,20:42:43,83.0,58.0,83.0,59,95.28,30,ep5
1788352968,20:42:48,65.0,58.0,59.0,59,95.20,30,ep5
1788352973,20:42:53,69.0,58.0,65.0,59,95.18,30,ep5
1788352978,20:42:58,64.0,60.0,61.0,60,95.24,30,ep5
1788352983,20:43:03,80.0,60.0,80.0,59,93.93,30,ep5
1788352988,20:43:08,65.0,58.0,61.0,59,95.44,31,ep5
1788352993,20:43:13,77.0,60.0,63.0,59,93.74,28,ep5
1788352998,20:43:18,65.0,61.0,61.0,60,94.79,31,ep5
1788353003,20:43:23,71.0,64.0,59.0,59,94.97,30,ep5
1788353008,20:43:28,66.0,58.0,61.0,60,96.33,25,ep5
1788353013,20:43:33,77.0,59.0,58.0,60,96.35,27,ep5
1788353018,20:43:38,68.0,59.0,58.0,60,94.91,34,ep5
1788353023,20:43:43,77.0,58.0,61.0,60,94.17,25,ep5
1788353028,20:43:48,70.0,60.0,61.0,59,94.54,34,ep5
1788353033,20:43:53,82.0,59.0,67.0,59,94.85,35,ep5
1788353038,20:43:58,70.0,59.0,59.0,59,94.47,34,ep5
1788353043,20:44:03,75.0,62.0,59.0,59,97.81,35,ep5
1788353048,20:44:08,62.0,62.0,61.0,60,97.48,29,ep5
1788353054,20:44:14,70.0,59.0,63.0,60,98.08,35,ep5
1788353059,20:44:19,64.0,60.0,59.0,59,95.53,29,ep5
1788353064,20:44:24,84.0,59.0,84.0,59,95.53,30,ep5
1788353069,20:44:29,64.0,59.0,58.0,59,94.23,30,ep5
1788353074,20:44:34,78.0,61.0,59.0,59,95.19,30,ep5
1788353079,20:44:39,65.0,60.0,61.0,59,95.04,30,ep5
1788353084,20:44:44,81.0,59.0,67.0,59,94.90,30,ep5
1788353089,20:44:49,65.0,59.0,63.0,59,93.73,30,ep5
1788353095,20:44:55,65.0,59.0,58.0,59,94.61,25,ep5
1788353100,20:45:00,71.0,58.0,62.0,59,93.91,34,ep5
1788353105,20:45:05,71.0,59.0,62.0,59,94.61,35,ep5
1788353110,20:45:10,71.0,59.0,65.0,59,94.54,30,ep5
1788353115,20:45:15,69.0,60.0,59.0,59,98.11,35,ep5
1788353120,20:45:20,70.0,60.0,62.0,60,97.60,29,ep5
1788353125,20:45:25,65.0,56.0,61.0,60,97.92,35,ep5
1788353130,20:45:30,67.0,60.0,62.0,60,95.17,29,ep5
1788353135,20:45:35,65.0,59.0,59.0,59,95.18,30,ep5
1788353140,20:45:40,65.0,59.0,61.0,59,95.14,30,ep5
1788353145,20:45:45,65.0,55.0,61.0,59,95.21,30,ep5
1788353150,20:45:50,65.0,59.0,59.0,59,95.14,30,ep5
1788353155,20:45:55,64.0,58.0,59.0,59,95.05,30,ep5
1788353160,20:46:00,65.0,58.0,59.0,59,95.21,30,ep5
1788353165,20:46:05,67.0,56.0,62.0,59,94.97,30,ep5
1788353170,20:46:10,64.0,58.0,61.0,59,95.02,30,ep5
1788353175,20:46:15,65.0,59.0,61.0,59,94.29,23,ep5
1788353181,20:46:21,65.0,60.0,62.0,60,95.00,30,ep5
1788353186,20:46:26,66.0,59.0,59.0,60,93.86,29,ep5
1788353191,20:46:31,64.0,58.0,61.0,60,94.89,27,ep5
1788353196,20:46:36,64.0,59.0,59.0,59,92.43,25,ep5
1788353201,20:46:41,64.0,59.0,61.0,60,96.96,27,ep5
1788353206,20:46:46,64.0,59.0,61.0,60,96.70,24,ep5
1788353211,20:46:51,68.0,59.0,65.0,60,94.63,33,ep5
1788353216,20:46:56,65.0,59.0,61.0,60,95.14,23,ep5
1788353221,20:47:01,68.0,58.0,63.0,59,94.52,33,ep5
1788353226,20:47:06,70.0,59.0,59.0,59,94.36,34,ep5
1788353231,20:47:11,69.0,59.0,62.0,59,94.29,33,ep5
1788353236,20:47:16,67.0,58.0,59.0,59,94.43,34,ep5
1788353241,20:47:21,71.0,60.0,62.0,59,93.36,31,ep5
1788353246,20:47:26,70.0,59.0,65.0,59,97.15,29,ep5
1788353251,20:47:31,68.0,59.0,61.0,59,96.80,29,ep5
1788353256,20:47:36,69.0,60.0,69.0,60,97.78,29,ep5
1788353261,20:47:41,65.0,60.0,65.0,60,93.66,30,ep5
1788353266,20:47:46,64.0,58.0,59.0,62,94.98,29,ep5
1788353272,20:47:52,65.0,60.0,59.0,59,93.93,30,ep5
1788353277,20:47:57,82.0,61.0,67.0,59,94.98,30,ep5
1788353282,20:48:02,67.0,58.0,59.0,59,94.96,30,ep5
1788353287,20:48:07,64.0,59.0,59.0,59,92.33,30,ep5
1788353292,20:48:12,67.0,60.0,59.0,59,94.90,30,ep5
1788353297,20:48:17,65.0,59.0,59.0,60,95.00,30,ep5
1788353302,20:48:22,64.0,60.0,59.0,59,94.92,30,ep5
1788353307,20:48:27,65.0,58.0,65.0,59,95.46,30,ep5
1788353312,20:48:32,64.0,56.0,59.0,59,95.40,30,ep5
1788353317,20:48:37,62.0,55.0,58.0,59,91.37,30,ep5
1788353322,20:48:42,64.0,59.0,58.0,60,95.26,30,ep5
1788353327,20:48:47,64.0,59.0,59.0,59,95.23,31,ep5
1788353332,20:48:52,64.0,59.0,63.0,59,95.12,30,ep5
1788353337,20:48:57,64.0,56.0,61.0,60,94.54,31,ep5
1788353342,20:49:02,64.0,59.0,61.0,59,94.60,28,ep5
1788353347,20:49:07,62.0,59.0,58.0,60,94.36,24,ep5
1788353352,20:49:12,64.0,62.0,61.0,60,96.69,28,ep5
1788353357,20:49:17,64.0,59.0,61.0,60,94.04,24,ep5
1788353363,20:49:23,71.0,60.0,61.0,59,93.69,33,ep5
1788353368,20:49:28,69.0,59.0,61.0,59,93.72,34,ep5
1788353373,20:49:33,70.0,60.0,61.0,59,94.64,33,ep5
1788353378,20:49:38,71.0,60.0,61.0,59,97.71,35,ep5
1788353383,20:49:43,68.0,65.0,61.0,60,97.71,30,ep5
1788353388,20:49:48,69.0,59.0,61.0,60,97.81,35,ep5
1788353393,20:49:53,66.0,59.0,66.0,61,95.19,30,ep5
1788353399,20:49:59,64.0,59.0,61.0,59,95.46,31,ep5
1788353404,20:50:04,64.0,59.0,58.0,60,95.12,28,ep5
1788353409,20:50:09,65.0,59.0,62.0,59,95.02,31,ep5
1788353414,20:50:14,65.0,60.0,61.0,60,96.57,28,ep5
1788353419,20:50:19,67.0,58.0,58.0,60,96.58,25,ep5
1788353424,20:50:24,64.0,60.0,62.0,59,94.21,34,ep5
1788353429,20:50:29,67.0,59.0,61.0,60,94.54,25,ep5
1788353434,20:50:34,73.0,60.0,58.0,59,94.57,33,ep5
1788353439,20:50:39,71.0,60.0,59.0,59,94.35,35,ep5
1788353444,20:50:44,71.0,60.0,59.0,59,95.66,29,ep5
1788353449,20:50:49,71.0,59.0,58.0,60,97.59,35,ep5
1788353454,20:50:54,64.0,58.0,61.0,60,94.97,30,ep5
1788353459,20:50:59,64.0,59.0,61.0,60,95.12,30,ep5
1788353464,20:51:04,64.0,59.0,61.0,60,94.98,30,ep5
1788353469,20:51:09,64.0,58.0,63.0,59,94.99,30,ep5
1788353474,20:51:14,63.0,58.0,59.0,59,94.75,30,ep5
1788353479,20:51:19,65.0,59.0,61.0,59,94.85,30,ep5
1788353484,20:51:24,64.0,60.0,62.0,59,94.84,30,ep5
1788353490,20:51:30,65.0,59.0,58.0,59,94.91,31,ep5
1788353495,20:51:35,64.0,62.0,59.0,59,95.04,30,ep5
1788353500,20:51:40,64.0,59.0,58.0,60,95.07,31,ep5
1788353505,20:51:45,64.0,59.0,58.0,60,95.37,30,ep5
1788353510,20:51:50,68.0,60.0,62.0,59,95.08,31,ep5
1788353515,20:51:55,64.0,59.0,58.0,59,95.13,30,ep5
1788353520,20:52:00,64.0,58.0,58.0,60,94.14,34,ep5
1788353525,20:52:05,64.0,58.0,61.0,60,95.34,31,ep5
1788353530,20:52:10,64.0,60.0,58.0,59,89.96,27,ep5
1788353535,20:52:15,65.0,59.0,58.0,60,96.78,25,ep5
1788353540,20:52:20,64.0,60.0,61.0,60,96.70,28,ep5
1788353545,20:52:25,66.0,60.0,61.0,60,96.18,25,ep5
1788353550,20:52:30,65.0,62.0,63.0,60,96.22,25,ep5
1788353555,20:52:35,66.0,58.0,58.0,60,94.74,23,ep5
1788353560,20:52:40,64.0,62.0,62.0,60,96.08,25,ep5
1788353565,20:52:45,64.0,59.0,59.0,59,93.92,34,ep5
1788353570,20:52:50,69.0,57.0,58.0,59,94.23,35,ep5
1788353575,20:52:55,69.0,59.0,61.0,59,94.42,34,ep5
1788353580,20:53:00,68.0,59.0,59.0,59,94.35,35,ep5
1788353586,20:53:06,65.0,59.0,61.0,60,95.26,29,ep5
1788353591,20:53:11,64.0,58.0,61.0,60,98.02,35,ep5
1788353596,20:53:16,65.0,60.0,61.0,59,95.21,29,ep5
1788353601,20:53:21,64.0,60.0,61.0,59,95.03,30,ep5
1788353606,20:53:26,65.0,60.0,59.0,59,94.94,30,ep5
1788353611,20:53:31,67.0,61.0,59.0,59,94.90,30,ep5
1788353616,20:53:36,65.0,60.0,62.0,59,93.68,30,ep5
1788353621,20:53:41,65.0,61.0,61.0,59,94.90,30,ep5
1788353626,20:53:46,64.0,60.0,61.0,59,93.53,30,ep5
1788353631,20:53:51,65.0,61.0,62.0,59,95.04,30,ep5
1788353636,20:53:56,65.0,62.0,61.0,59,95.25,30,ep5
1788353641,20:54:01,62.0,60.0,59.0,59,95.30,31,ep5
1788353646,20:54:06,64.0,59.0,59.0,59,94.80,30,ep5
1788353651,20:54:11,64.0,61.0,62.0,59,94.52,33,ep5
1788353656,20:54:16,65.0,61.0,62.0,59,95.04,31,ep5
1788353661,20:54:21,67.0,67.0,63.0,59,94.86,24,ep5
1788353666,20:54:26,81.0,60.0,61.0,60,94.52,31,ep5
1788353671,20:54:31,64.0,61.0,62.0,60,95.53,23,ep5
1788353676,20:54:36,64.0,60.0,59.0,60,96.63,25,ep5
1788353682,20:54:42,65.0,60.0,61.0,60,96.25,26,ep5
1788353687,20:54:47,65.0,60.0,61.0,60,94.28,25,ep5
1788353692,20:54:52,71.0,60.0,61.0,59,94.25,34,ep5
1788353697,20:54:57,72.0,60.0,61.0,59,94.50,35,ep5
1788353702,20:55:02,66.0,60.0,66.0,59,95.15,30,ep5
1788353707,20:55:07,66.0,60.0,66.0,59,95.07,30,ep5
1788353712,20:55:12,62.0,61.0,59.0,60,93.75,30,ep5
1788353718,20:55:18,65.0,60.0,62.0,60,94.81,31,ep5
1788353723,20:55:23,73.0,58.0,59.0,59,94.90,30,ep5
1788353728,20:55:28,63.0,59.0,63.0,60,94.64,31,ep5
1788353733,20:55:33,65.0,61.0,58.0,59,93.75,23,ep5
1788353738,20:55:38,64.0,56.0,58.0,60,96.10,24,ep5
1788353743,20:55:43,64.0,56.0,58.0,60,94.77,30,ep5
1788353748,20:55:48,64.0,60.0,61.0,60,94.92,24,ep5
1788353753,20:55:53,64.0,58.0,59.0,60,93.21,18,ep5
1788353758,20:55:58,64.0,60.0,61.0,60,94.10,34,ep5
1788353763,20:56:03,65.0,65.0,61.0,59,94.01,21,ep5
1788353768,20:56:08,68.0,58.0,61.0,59,95.77,34,ep5
1788353773,20:56:13,72.0,58.0,59.0,59,94.29,35,ep5
1788353778,20:56:18,70.0,61.0,62.0,59,94.18,34,ep5
1788353783,20:56:23,68.0,59.0,61.0,60,97.44,35,ep5
1788353788,20:56:28,64.0,60.0,61.0,60,94.29,30,ep5
1788353793,20:56:33,62.0,55.0,59.0,60,97.28,35,ep5
1788353798,20:56:38,64.0,59.0,63.0,59,94.57,30,ep5
1788353803,20:56:43,65.0,59.0,61.0,60,94.23,30,ep5
1788353808,20:56:48,64.0,59.0,62.0,59,94.66,30,ep5
1788353814,20:56:54,64.0,59.0,63.0,59,94.69,30,ep5
1788353819,20:56:59,65.0,58.0,65.0,59,94.61,30,ep5
1788353824,20:57:04,65.0,58.0,62.0,59,94.66,30,ep5
1788353829,20:57:09,64.0,56.0,61.0,59,94.59,31,ep5
1788353834,20:57:14,64.0,58.0,59.0,59,94.79,30,ep5
1788353839,20:57:19,64.0,58.0,62.0,59,94.64,30,ep5
1788353844,20:57:24,65.0,65.0,61.0,59,94.79,30,ep5
1788353849,20:57:29,64.0,61.0,61.0,60,94.69,34,ep5
1788353854,20:57:34,64.0,58.0,62.0,59,94.86,30,ep5
1788353859,20:57:39,64.0,58.0,59.0,59,94.99,30,ep5
1788353864,20:57:44,65.0,58.0,61.0,59,94.97,30,ep5
1788353869,20:57:49,63.0,56.0,63.0,59,95.17,28,ep5
1788353874,20:57:54,62.0,59.0,58.0,60,94.61,31,ep5
1788353879,20:57:59,64.0,59.0,59.0,59,94.88,28,ep5
1788353884,20:58:04,64.0,62.0,58.0,60,94.89,17,ep5
1788353889,20:58:09,63.0,58.0,59.0,60,96.37,28,ep5
1788353894,20:58:14,63.0,59.0,59.0,59,93.30,17,ep5
1788353899,20:58:19,65.0,58.0,59.0,59,94.06,33,ep5
1788353904,20:58:24,73.0,62.0,61.0,59,94.00,34,ep5
1788353909,20:58:29,70.0,59.0,62.0,59,94.22,33,ep5
1788353915,20:58:35,78.0,60.0,59.0,59,95.50,34,ep5
1788353920,20:58:40,68.0,58.0,63.0,59,93.86,29,ep5
1788353925,20:58:45,70.0,61.0,62.0,60,97.47,30,ep5
1788353930,20:58:50,64.0,59.0,61.0,60,94.93,30,ep5
1788353935,20:58:55,65.0,60.0,63.0,60,97.49,29,ep5
1788353940,20:59:00,65.0,64.0,62.0,59,94.77,31,ep5
1788353945,20:59:05,65.0,60.0,61.0,59,94.73,30,ep5
1788353950,20:59:10,65.0,61.0,61.0,59,94.84,30,ep5
1788353955,20:59:15,66.0,66.0,61.0,59,94.99,30,ep5
1788353960,20:59:20,64.0,58.0,61.0,59,95.10,30,ep5
1788353965,20:59:25,71.0,56.0,62.0,59,95.34,30,ep5
1788353970,20:59:30,66.0,60.0,66.0,59,95.02,30,ep5
1788353975,20:59:35,64.0,59.0,61.0,59,95.12,30,ep5
1788353980,20:59:40,65.0,58.0,61.0,59,95.23,30,ep5
1788353985,20:59:45,67.0,61.0,62.0,59,95.10,30,ep5
1788353990,20:59:50,64.0,59.0,61.0,59,91.31,27,ep5
1788353995,20:59:55,64.0,56.0,62.0,59,95.39,31,ep5
1788354000,21:00:00,64.0,60.0,61.0,59,95.29,30,ep5
1788354006,21:00:06,68.0,56.0,61.0,60,97.37,35,ep5
1788354011,21:00:11,63.0,56.0,57.0,60,97.89,29,ep5
1788354016,21:00:16,63.0,55.0,59.0,59,95.04,30,ep5
1788354021,21:00:21,62.0,56.0,57.0,59,94.96,29,ep5
1788354026,21:00:26,64.0,55.0,61.0,59,94.24,30,ep? s50
1788354031,21:00:31,64.0,58.0,63.0,59,95.38,30,ep? s50
1788354036,21:00:36,64.0,56.0,58.0,59,95.30,30,ep? s50
1788354041,21:00:41,68.0,68.0,61.0,59,95.17,30,ep? s50
1788354047,21:00:47,65.0,58.0,61.0,59,93.76,30,ep? s50
1788354052,21:00:52,65.0,59.0,58.0,59,95.07,30,ep? s50
1788354057,21:00:57,64.0,56.0,59.0,59,95.07,30,ep? s50
1788354062,21:01:02,64.0,58.0,62.0,59,95.10,30,ep? s50
1788354067,21:01:07,65.0,65.0,62.0,59,93.73,32,ep? s50
1788354072,21:01:12,79.0,58.0,61.0,59,95.24,31,ep? s50
1788354077,21:01:17,65.0,60.0,62.0,59,94.18,32,ep? s50
1788354082,21:01:22,67.0,59.0,67.0,59,95.22,31,ep? s50
1788354087,21:01:27,64.0,60.0,62.0,59,94.98,29,ep? s50
1788354092,21:01:32,64.0,56.0,61.0,59,94.80,31,ep? s50
1788354097,21:01:37,66.0,58.0,61.0,59,95.59,29,ep? s50
1788354102,21:01:42,66.0,66.0,62.0,59,96.23,25,ep? s50
1788354107,21:01:47,67.0,58.0,67.0,59,96.64,25,ep? s50
1788354112,21:01:52,68.0,59.0,61.0,60,94.84,23,ep? s50
1788354117,21:01:57,67.0,59.0,62.0,60,96.57,25,ep? s50
1788354122,21:02:02,69.0,59.0,69.0,59,94.37,34,ep? s50
1788354127,21:02:07,72.0,59.0,61.0,59,94.45,35,ep? s150
1788354132,21:02:12,71.0,59.0,61.0,59,94.12,34,ep? s150
1788354137,21:02:17,70.0,61.0,65.0,59,94.35,35,ep? s150
1788354143,21:02:23,71.0,60.0,61.0,59,98.09,29,ep? s150
1788354148,21:02:28,69.0,60.0,61.0,60,97.68,35,ep? s150
1788354153,21:02:33,65.0,59.0,61.0,60,95.50,29,ep? s150
1788354158,21:02:38,65.0,60.0,61.0,60,94.89,30,ep? s150
1788354163,21:02:43,68.0,60.0,63.0,60,98.10,35,ep? s150
1788354168,21:02:48,67.0,61.0,61.0,59,94.96,30,ep? s150
1788354173,21:02:53,66.0,59.0,61.0,59,94.99,30,ep? s150
1788354178,21:02:58,65.0,60.0,61.0,59,94.79,30,ep? s200
1788354183,21:03:03,65.0,60.0,62.0,59,95.25,30,ep? s200
1788354188,21:03:08,64.0,59.0,61.0,59,95.01,30,ep? s200
1788354193,21:03:13,64.0,59.0,61.0,59,95.07,30,ep? s200
1788354198,21:03:18,65.0,59.0,61.0,59,94.81,30,ep? s200
1788354203,21:03:23,65.0,59.0,61.0,59,95.34,30,ep? s200
1788354208,21:03:28,65.0,60.0,61.0,59,94.92,30,ep? s200
1788354213,21:03:33,64.0,59.0,61.0,59,94.93,30,ep? s200
1788354218,21:03:38,66.0,55.0,61.0,59,93.71,30,ep? s200
1788354223,21:03:43,65.0,60.0,61.0,59,95.13,30,ep? s200
1788354228,21:03:48,64.0,60.0,61.0,59,94.09,29,ep? s250
1788354234,21:03:54,65.0,59.0,61.0,59,95.07,30,ep? s250
1788354239,21:03:59,64.0,56.0,61.0,59,95.25,33,ep? s250
1788354244,21:04:04,65.0,58.0,61.0,60,94.96,28,ep? s250
1788354249,21:04:09,66.0,60.0,66.0,59,96.57,24,ep? s250
1788354254,21:04:14,64.0,66.0,61.0,59,96.22,28,ep? s250
1788354259,21:04:19,67.0,61.0,63.0,60,95.06,24,ep? s250
1788354264,21:04:24,69.0,61.0,61.0,61,94.58,33,ep? s250
1788354269,21:04:29,67.0,60.0,66.0,60,94.39,34,ep? s250
1788354274,21:04:34,73.0,58.0,66.0,59,94.68,33,ep? s250
1788354279,21:04:39,71.0,59.0,61.0,59,94.61,34,ep? s300
1788354284,21:04:44,72.0,56.0,61.0,59,96.93,29,ep? s300
1788354289,21:04:49,69.0,57.0,61.0,59,97.96,29,ep? s300
1788354294,21:04:54,65.0,58.0,61.0,60,96.37,33,ep? s300
1788354299,21:04:59,64.0,56.0,59.0,60,97.85,30,ep? s300
1788354304,21:05:04,64.0,56.0,59.0,60,95.35,30,ep? s300
1788354310,21:05:10,64.0,57.0,59.0,59,95.26,30,ep? s300
1788354315,21:05:15,62.0,56.0,59.0,60,93.99,31,ep? s300
1788354320,21:05:20,68.0,59.0,59.0,60,95.33,28,ep? s300
1788354325,21:05:25,64.0,59.0,59.0,60,94.84,31,ep? s300
1788354330,21:05:30,65.0,59.0,61.0,60,96.64,28,ep? s350
1788354335,21:05:35,64.0,60.0,59.0,60,96.03,24,ep? s350
1788354340,21:05:40,70.0,59.0,61.0,60,87.59,30,ep? s350
1788354345,21:05:45,67.0,59.0,61.0,60,94.95,23,ep? s350
1788354350,21:05:50,67.0,60.0,61.0,60,94.05,33,ep? s350
1788354355,21:05:55,71.0,58.0,65.0,60,94.38,34,ep? s350
1788354361,21:06:01,71.0,59.0,61.0,59,94.30,33,ep? s350
1788354366,21:06:06,73.0,59.0,61.0,59,95.49,34,ep? s350
1788354371,21:06:11,68.0,65.0,59.0,59,97.35,29,ep? s350
1788354376,21:06:16,72.0,59.0,59.0,59,94.45,34,ep? s350
1788354381,21:06:21,65.0,58.0,58.0,60,94.90,29,ep? s400
1788354386,21:06:26,64.0,60.0,61.0,60,95.07,29,ep? s400
1788354391,21:06:31,67.0,57.0,67.0,59,93.66,29,ep? s400
1788354396,21:06:36,64.0,58.0,61.0,59,94.72,29,ep? s400
1788354401,21:06:41,69.0,58.0,61.0,59,94.61,30,ep? s400
1788354406,21:06:46,65.0,58.0,61.0,59,94.51,30,ep? s400
1788354411,21:06:51,64.0,58.0,61.0,59,93.36,30,ep? s400
1788354416,21:06:56,65.0,59.0,61.0,59,94.57,30,ep? s400
1788354421,21:07:01,67.0,61.0,62.0,59,94.67,31,ep? s400
1788354426,21:07:06,67.0,58.0,67.0,59,94.78,30,ep? s400
1788354431,21:07:11,66.0,59.0,61.0,59,94.65,31,ep? s450
1788354436,21:07:16,65.0,62.0,59.0,59,94.87,30,ep? s450
1788354441,21:07:21,70.0,58.0,61.0,59,94.73,30,ep? s450
1788354447,21:07:27,65.0,60.0,62.0,59,94.95,30,ep? s450
1788354452,21:07:32,64.0,60.0,61.0,59,94.85,34,ep? s450
1788354457,21:07:37,72.0,58.0,72.0,59,94.73,28,ep? s450
1788354462,21:07:42,65.0,60.0,61.0,59,95.10,30,ep? s450
1788354467,21:07:47,65.0,58.0,65.0,59,95.95,29,ep? s450
1788354472,21:07:52,64.0,58.0,61.0,59,94.76,27,ep? s450
1788354477,21:07:57,65.0,58.0,61.0,60,95.49,30,ep? s450
1788354482,21:08:02,65.0,62.0,61.0,60,96.94,28,ep? s500
1788354487,21:08:07,72.0,58.0,61.0,61,87.62,24,ep? s500
1788354492,21:08:12,67.0,58.0,59.0,60,94.29,33,ep? s500
1788354497,21:08:17,69.0,58.0,59.0,59,93.68,35,ep? s500
1788354502,21:08:22,71.0,60.0,61.0,59,94.32,33,ep? s500
1788354507,21:08:27,69.0,57.0,58.0,59,93.89,35,ep? s500
1788354512,21:08:32,69.0,55.0,58.0,59,97.73,29,ep? s500
1788354517,21:08:37,69.0,58.0,58.0,59,98.23,29,ep? s500
1788354522,21:08:42,64.0,55.0,58.0,60,95.51,29,ep? s500
1788354527,21:08:47,65.0,59.0,58.0,60,98.21,30,ep? s500
1788354532,21:08:52,64.0,58.0,58.0,59,95.16,30,ep? s550
1788354537,21:08:57,64.0,59.0,58.0,59,95.20,29,ep? s550
1788354543,21:09:03,64.0,56.0,59.0,59,94.90,30,ep? s550
1788354548,21:09:08,64.0,56.0,63.0,59,95.06,30,ep? s550
1788354553,21:09:13,64.0,56.0,58.0,59,95.27,30,ep? s550
1788354558,21:09:18,65.0,56.0,62.0,59,95.21,30,ep? s550
1788354563,21:09:23,65.0,56.0,59.0,59,95.36,30,ep? s550
1788354568,21:09:28,64.0,56.0,59.0,59,95.49,30,ep? s550
1788354573,21:09:33,64.0,56.0,59.0,60,95.39,30,ep? s550
1788354578,21:09:38,64.0,55.0,59.0,60,94.98,30,ep? s550
1788354583,21:09:43,64.0,59.0,59.0,59,94.88,31,ep? s600
1788354588,21:09:48,65.0,60.0,62.0,59,95.13,28,ep? s600
1788354593,21:09:53,65.0,58.0,62.0,59,94.04,31,ep? s600
1788354598,21:09:58,64.0,58.0,61.0,59,96.24,29,ep? s600
1788354603,21:10:03,67.0,60.0,61.0,60,96.93,25,ep? s600
1788354608,21:10:08,64.0,59.0,58.0,60,95.29,33,ep? s600
1788354614,21:10:14,65.0,59.0,61.0,59,94.84,29,ep? s600
1788354619,21:10:19,76.0,59.0,62.0,59,94.62,30,ep? s600
1788354624,21:10:24,65.0,59.0,61.0,60,94.79,30,ep? s600
1788354629,21:10:29,82.0,61.0,69.0,59,94.81,31,ep? s600
1788354634,21:10:34,65.0,59.0,61.0,59,94.76,30,ep? s650
1788354639,21:10:39,66.0,58.0,58.0,60,94.87,30,ep? s650
1788354644,21:10:44,64.0,55.0,57.0,60,94.74,30,ep? s650
1788354649,21:10:49,70.0,62.0,59.0,59,95.01,30,ep? s650
1788354654,21:10:54,64.0,56.0,61.0,59,95.01,30,ep? s650
1788354659,21:10:59,70.0,62.0,61.0,59,95.20,31,ep? s650
1788354664,21:11:04,65.0,62.0,62.0,59,94.89,28,ep? s650
1788354669,21:11:09,75.0,63.0,62.0,60,94.57,31,ep? s650
1788354674,21:11:14,65.0,59.0,61.0,59,95.02,30,ep? s650
1788354680,21:11:20,68.0,58.0,66.0,60,95.49,23,ep? s650
1788354685,21:11:25,64.0,60.0,61.0,60,96.34,25,ep? s700
1788354690,21:11:30,71.0,71.0,61.0,60,96.05,27,ep? s700
1788354695,21:11:35,68.0,56.0,61.0,60,94.12,25,ep? s700
1788354700,21:11:40,85.0,58.0,85.0,59,94.46,33,ep? s700
1788354705,21:11:45,72.0,56.0,59.0,59,94.44,35,ep? s700
1788354710,21:11:50,71.0,56.0,59.0,59,93.49,33,ep? s700
1788354715,21:11:55,69.0,58.0,61.0,59,96.28,34,ep? s700
1788354720,21:12:00,71.0,71.0,59.0,59,94.19,35,ep? s700
1788354725,21:12:05,67.0,56.0,58.0,60,94.98,29,ep? s700
1788354730,21:12:10,79.0,58.0,59.0,60,97.45,35,ep? s700
1788354735,21:12:15,65.0,59.0,59.0,59,94.74,29,ep? s700
1788354740,21:12:20,72.0,60.0,62.0,62,94.69,30,ep? s750
1788354745,21:12:25,67.0,59.0,61.0,59,94.87,29,ep? s750
1788354750,21:12:30,75.0,59.0,61.0,59,94.81,29,ep? s750
1788354755,21:12:35,64.0,56.0,59.0,59,94.99,30,ep? s750
1788354760,21:12:40,80.0,60.0,75.0,59,94.76,30,ep? s750
1788354765,21:12:45,65.0,58.0,61.0,59,89.46,27,ep? s750
1788354770,21:12:50,83.0,60.0,69.0,59,95.27,30,ep? s750
1788354775,21:12:55,64.0,65.0,61.0,59,95.20,30,ep? s750
1788354781,21:13:01,78.0,60.0,61.0,59,95.08,30,ep? s750
1788354786,21:13:06,64.0,59.0,62.0,59,93.69,30,ep? s750
1788354791,21:13:11,77.0,60.0,59.0,59,94.99,30,ep? s800
1788354796,21:13:16,61.0,55.0,57.0,59,95.05,31,ep? s800
1788354801,21:13:21,68.0,55.0,58.0,59,94.79,28,ep? s800
1788354806,21:13:26,67.0,56.0,59.0,59,93.74,31,ep? s800
1788354811,21:13:31,71.0,64.0,57.0,59,96.43,28,ep? s800
1788354816,21:13:36,64.0,59.0,61.0,60,94.76,19,ep? s800
1788354821,21:13:41,70.0,58.0,59.0,60,93.93,33,ep? s800
1788354826,21:13:46,70.0,58.0,61.0,60,94.73,25,ep? s800
1788354831,21:13:51,77.0,62.0,61.0,59,93.99,33,ep? s800
1788354836,21:13:56,69.0,58.0,59.0,59,94.41,34,ep? s800
1788354841,21:14:01,83.0,56.0,75.0,59,94.24,29,ep? s850
1788354846,21:14:06,68.0,56.0,58.0,59,97.25,34,ep? s850
1788354851,21:14:11,72.0,61.0,57.0,60,97.71,29,ep? s850
1788354856,21:14:16,81.0,56.0,66.0,60,95.12,30,ep? s850
1788354861,21:14:21,76.0,58.0,57.0,60,94.24,30,ep? s850
1788354866,21:14:26,66.0,59.0,66.0,59,94.99,29,ep? s850
1788354871,21:14:31,73.0,73.0,59.0,59,94.94,30,ep? s850
1788354877,21:14:37,83.0,60.0,61.0,59,95.03,30,ep? s850
1788354882,21:14:42,78.0,60.0,78.0,59,95.09,30,ep? s850
1788354887,21:14:47,65.0,58.0,58.0,59,94.73,30,ep? s850
1788354892,21:14:52,70.0,56.0,66.0,59,95.38,30,ep? s900
1788354897,21:14:57,64.0,59.0,63.0,59,95.24,30,ep? s900
1788354902,21:15:02,78.0,58.0,69.0,59,95.26,30,ep? s900
1788354907,21:15:07,62.0,56.0,59.0,59,95.07,30,ep? s900
1788354912,21:15:12,77.0,59.0,62.0,60,94.93,30,ep? s900
1788354918,21:15:18,69.0,56.0,59.0,59,97.33,29,ep? s900
1788354923,21:15:23,71.0,63.0,62.0,59,94.42,34,ep? s900
1788354928,21:15:28,69.0,61.0,59.0,60,95.61,31,ep? s900
1788354933,21:15:33,68.0,60.0,65.0,60,98.04,29,ep? s900
1788354938,21:15:38,67.0,56.0,67.0,59,93.98,30,ep? s900
1788354943,21:15:43,65.0,59.0,62.0,59,94.74,29,ep? s950
1788354948,21:15:48,64.0,59.0,61.0,59,94.97,30,ep? s950
1788354953,21:15:53,65.0,60.0,61.0,59,95.06,30,ep? s950
1788354958,21:15:58,67.0,61.0,62.0,59,94.92,30,ep? s950
1788354963,21:16:03,65.0,59.0,59.0,59,94.98,30,ep? s950
1788354968,21:16:08,65.0,56.0,59.0,59,95.50,30,ep? s950
1788354973,21:16:13,64.0,59.0,61.0,59,95.39,30,ep? s950
1788354978,21:16:18,64.0,58.0,59.0,59,95.01,30,ep? s950
1788354983,21:16:23,65.0,60.0,61.0,59,94.80,30,ep? s950
1788354988,21:16:28,65.0,59.0,59.0,59,90.55,27,ep? s950
1788354993,21:16:33,64.0,63.0,61.0,59,94.75,31,ep? s1000
1788354998,21:16:38,64.0,59.0,61.0,59,95.07,30,ep? s1000
1788355003,21:16:43,64.0,59.0,59.0,59,95.01,34,ep? s1000
1788355008,21:16:48,65.0,66.0,61.0,59,95.11,30,ep? s1000
1788355013,21:16:53,64.0,58.0,61.0,59,95.43,23,ep? s1000
1788355019,21:16:59,64.0,59.0,61.0,59,94.79,31,ep? s1000
1788355024,21:17:04,65.0,60.0,61.0,59,96.33,27,ep? s1000
1788355029,21:17:09,64.0,59.0,61.0,59,96.69,25,ep? s1000
1788355034,21:17:14,69.0,60.0,61.0,60,93.63,30,ep? s1000
1788355039,21:17:19,67.0,58.0,61.0,60,94.50,25,ep? s1000
1788355044,21:17:24,72.0,60.0,62.0,60,95.39,29,ep? s1050
1788355049,21:17:29,70.0,61.0,62.0,59,94.52,35,ep? s1050
1788355054,21:17:34,72.0,58.0,65.0,59,93.94,18,ep? s1050
1788355059,21:17:39,69.0,58.0,61.0,59,95.82,34,ep? s1050
1788355064,21:17:44,72.0,59.0,62.0,59,94.45,35,ep? s1050
1788355069,21:17:49,69.0,59.0,61.0,59,97.91,30,ep? s1050
1788355074,21:17:54,69.0,59.0,61.0,60,98.03,35,ep? s1050
1788355079,21:17:59,64.0,60.0,58.0,61,94.90,29,ep? s1050
1788355084,21:18:04,65.0,62.0,61.0,59,95.04,29,ep? s1050
1788355089,21:18:09,65.0,58.0,61.0,59,95.18,30,ep? s1050
1788355094,21:18:14,66.0,59.0,62.0,59,94.84,30,ep? s1100
1788355099,21:18:19,64.0,63.0,61.0,59,94.86,30,ep? s1100
1788355104,21:18:24,64.0,56.0,59.0,59,95.16,30,ep? s1100
1788355109,21:18:29,64.0,58.0,58.0,59,94.10,30,ep? s1100
1788355115,21:18:35,67.0,59.0,62.0,59,95.33,30,ep? s1100
1788355120,21:18:40,65.0,60.0,61.0,60,95.28,30,ep? s1100
1788355125,21:18:45,79.0,79.0,62.0,59,95.34,30,ep? s1100
1788355130,21:18:50,65.0,57.0,62.0,59,95.45,30,ep? s1100
1788355135,21:18:55,66.0,66.0,58.0,59,95.49,30,ep? s1100
1788355140,21:19:00,65.0,58.0,61.0,59,95.02,33,ep? s1100
1788355145,21:19:05,65.0,58.0,57.0,59,94.86,28,ep? s1150
1788355150,21:19:10,64.0,62.0,58.0,59,96.28,25,ep? s1150
1788355155,21:19:15,64.0,56.0,57.0,60,96.64,28,ep? s1150
1788355160,21:19:20,62.0,58.0,59.0,60,95.02,25,ep? s1150
1788355165,21:19:25,65.0,56.0,59.0,60,94.45,33,ep? s1150
1788355170,21:19:30,67.0,58.0,58.0,60,94.34,34,ep? s1150
1788355175,21:19:35,70.0,56.0,70.0,59,94.34,33,ep? s1150
1788355180,21:19:40,71.0,59.0,58.0,59,94.70,34,ep? s1150
1788355185,21:19:45,69.0,56.0,58.0,59,93.61,31,ep? s1150
1788355190,21:19:50,69.0,59.0,61.0,59,97.99,29,ep? s1150
1788355195,21:19:55,68.0,61.0,62.0,60,96.77,35,ep? s1200
1788355200,21:20:00,64.0,56.0,62.0,60,94.63,29,ep? s1200
1788355205,21:20:05,65.0,56.0,67.0,59,94.01,30,ep? s1200
1788355210,21:20:10,64.0,55.0,61.0,59,95.19,30,ep? s1200
1788355215,21:20:15,65.0,58.0,65.0,59,95.26,30,ep? s1200
1788355221,21:20:21,64.0,61.0,58.0,60,95.09,30,ep? s1200
1788355226,21:20:26,64.0,58.0,61.0,60,95.06,28,ep? s1200
1788355231,21:20:31,64.0,58.0,58.0,59,95.06,31,ep? s1200
1788355236,21:20:36,65.0,55.0,61.0,59,96.76,28,ep? s1200
1788355241,21:20:41,65.0,58.0,59.0,60,96.80,25,ep? s1200
1788355246,21:20:46,63.0,58.0,58.0,60,94.43,32,ep? s1250
1788355251,21:20:51,67.0,58.0,59.0,60,94.25,25,ep? s1250
1788355257,21:20:57,66.0,56.0,61.0,60,94.18,32,ep? s1250
1788355262,21:21:02,69.0,59.0,59.0,59,94.34,34,ep? s1250
1788355267,21:21:07,69.0,58.0,62.0,59,94.40,35,ep? s1250
1788355272,21:21:12,71.0,60.0,63.0,59,96.74,34,ep? s1250
1788355277,21:21:17,81.0,60.0,59.0,59,94.23,35,ep? s1250
1788355282,21:21:22,69.0,59.0,67.0,59,93.60,34,ep? s1250
1788355287,21:21:27,69.0,61.0,61.0,59,97.62,35,ep? s1250
1788355292,21:21:32,69.0,59.0,61.0,59,97.56,29,ep? s1250
1788355297,21:21:37,64.0,56.0,69.0,60,94.91,30,ep? s1300
1788355302,21:21:42,64.0,56.0,58.0,60,95.26,29,ep? s1300
1788355307,21:21:47,64.0,55.0,57.0,59,94.80,30,ep? s1300
1788355312,21:21:52,64.0,56.0,58.0,59,94.91,30,ep? s1300
1788355317,21:21:57,64.0,58.0,59.0,59,94.76,30,ep? s1300
1788355322,21:22:02,64.0,63.0,61.0,59,94.99,30,ep? s1300
1788355327,21:22:07,64.0,56.0,61.0,59,94.54,30,ep? s1300
1788355332,21:22:12,64.0,60.0,62.0,59,94.92,30,ep? s1300
1788355337,21:22:17,66.0,60.0,59.0,59,95.10,30,ep? s1300
1788355342,21:22:22,65.0,59.0,59.0,59,94.90,30,ep? s1300
1788355348,21:22:28,64.0,63.0,61.0,59,94.88,31,ep? s1350
1788355353,21:22:33,65.0,60.0,62.0,59,95.13,31,ep? s1350
1788355358,21:22:38,62.0,55.0,58.0,59,93.63,30,ep? s1350
1788355363,21:22:43,65.0,55.0,58.0,59,94.74,33,ep? s1350
1788355368,21:22:48,64.0,59.0,57.0,59,94.50,28,ep? s1350
1788355373,21:22:53,65.0,59.0,62.0,59,94.99,30,ep? s1350
1788355378,21:22:58,65.0,59.0,61.0,59,93.59,29,ep? s1350
1788355383,21:23:03,82.0,65.0,59.0,60,94.44,27,ep? s1350
1788355388,21:23:08,64.0,59.0,63.0,59,94.60,31,ep? s1350
1788355393,21:23:13,64.0,59.0,58.0,59,96.44,28,ep? s1350
1788355398,21:23:18,64.0,57.0,58.0,60,95.04,17,ep? s1400
1788355403,21:23:23,68.0,61.0,61.0,60,94.28,33,ep? s1400
1788355408,21:23:28,63.0,58.0,58.0,59,93.50,17,ep? s1400
1788355413,21:23:33,71.0,61.0,59.0,59,94.17,33,ep? s1400
1788355418,21:23:38,69.0,58.0,59.0,59,94.08,34,ep? s1400
1788355423,21:23:43,71.0,59.0,59.0,59,96.87,29,ep? s1400
1788355428,21:23:48,69.0,59.0,61.0,59,94.20,34,ep? s1400
1788355433,21:23:53,69.0,59.0,62.0,59,96.12,34,ep? s1400
1788355439,21:23:59,69.0,59.0,62.0,60,97.77,29,ep? s1400
1788355444,21:24:04,65.0,60.0,61.0,60,97.70,35,ep? s1400
1788355449,21:24:09,65.0,65.0,61.0,60,94.84,30,ep? s1450
1788355454,21:24:14,67.0,61.0,59.0,59,93.49,30,ep? s1450
1788355459,21:24:19,65.0,65.0,62.0,59,95.29,30,ep? s1450
1788355464,21:24:24,64.0,58.0,62.0,59,94.93,30,ep? s1450
1788355469,21:24:29,65.0,59.0,61.0,59,94.83,30,ep? s1450
1788355474,21:24:34,64.0,56.0,62.0,59,94.75,31,ep? s1450
1788355479,21:24:39,64.0,58.0,61.0,59,95.06,30,ep? s1450
1788355484,21:24:44,64.0,56.0,59.0,59,95.04,30,ep? s1450
1788355489,21:24:49,65.0,59.0,61.0,59,94.96,30,ep? s1450
1788355494,21:24:54,64.0,56.0,61.0,59,95.14,30,ep? s1450
1788355499,21:24:59,64.0,56.0,59.0,59,95.33,31,ep? s1500
1788355504,21:25:04,64.0,60.0,61.0,59,95.31,30,ep? s1500
1788355509,21:25:09,65.0,59.0,61.0,59,95.37,31,ep? s1500
1788355514,21:25:14,67.0,61.0,61.0,59,95.22,28,ep? s1500
1788355519,21:25:19,65.0,59.0,61.0,59,96.25,24,ep? s1500
1788355525,21:25:25,67.0,60.0,62.0,60,95.23,30,ep? s1500
1788355530,21:25:30,64.0,56.0,61.0,59,95.04,30,ep? s1500
1788355535,21:25:35,65.0,59.0,61.0,59,95.25,30,ep? s1500
1788355540,21:25:40,64.0,62.0,59.0,59,95.25,30,ep? s1500
1788355545,21:25:45,65.0,61.0,65.0,59,95.24,30,ep? s1500
1788355550,21:25:50,64.0,60.0,62.0,59,95.51,30,ep? s1550
1788355555,21:25:55,65.0,56.0,61.0,59,95.01,30,ep? s1550
1788355560,21:26:00,67.0,61.0,62.0,59,95.01,30,ep? s1550
1788355565,21:26:05,64.0,59.0,61.0,59,95.28,31,ep? s1550
1788355570,21:26:10,64.0,58.0,61.0,60,93.96,30,ep? s1550
1788355575,21:26:15,64.0,60.0,61.0,59,95.12,33,ep? s1550
1788355581,21:26:21,62.0,60.0,61.0,59,95.17,30,ep? s1550
1788355586,21:26:26,65.0,56.0,65.0,59,95.52,30,ep? s1550
1788355591,21:26:31,65.0,60.0,61.0,59,93.89,30,ep? s1550
1788355596,21:26:36,64.0,59.0,63.0,59,95.12,28,ep? s1550
1788355601,21:26:41,65.0,59.0,61.0,59,95.64,33,ep? s1600
1788355606,21:26:46,64.0,58.0,58.0,59,96.28,28,ep? s1600
1788355611,21:26:51,65.0,63.0,61.0,59,95.19,25,ep? s1600
1788355616,21:26:56,64.0,56.0,62.0,60,95.32,33,ep? s1600
1788355621,21:27:01,64.0,59.0,61.0,60,96.96,27,ep? s1600
1788355626,21:27:06,74.0,60.0,61.0,60,94.38,29,ep? s1600
1788355631,21:27:11,76.0,62.0,61.0,59,94.51,34,ep? s1600
1788355636,21:27:16,69.0,58.0,61.0,59,94.75,34,ep? s1600
1788355641,21:27:21,69.0,58.0,61.0,59,94.79,33,ep? s1600
1788355646,21:27:26,69.0,58.0,62.0,59,97.80,36,ep? s1600
1788355651,21:27:31,69.0,55.0,61.0,59,98.24,30,ep? s1650
1788355656,21:27:36,65.0,55.0,65.0,61,95.28,30,ep? s1650
1788355661,21:27:41,64.0,56.0,61.0,59,95.23,29,ep? s1650
1788355666,21:27:46,65.0,58.0,62.0,59,94.01,30,ep? s1650
1788355671,21:27:51,64.0,56.0,61.0,59,95.09,30,ep? s1650
1788355677,21:27:57,65.0,58.0,62.0,59,94.93,29,ep? s1650
1788355682,21:28:02,65.0,62.0,61.0,59,95.28,30,ep? s1650
1788355687,21:28:07,67.0,60.0,69.0,59,94.63,33,ep? s1650
1788355692,21:28:12,67.0,60.0,62.0,60,97.21,30,ep? s1650
1788355697,21:28:17,64.0,58.0,62.0,59,94.47,31,ep? s1650
1788355702,21:28:22,65.0,56.0,61.0,59,95.44,30,ep? s1650
1788355707,21:28:27,65.0,56.0,59.0,59,95.56,30,ep? s1700
1788355712,21:28:32,67.0,61.0,63.0,60,107.68,33,ep? s1700
1788355717,21:28:37,67.0,65.0,62.0,60,95.68,32,ep? s1700
1788355722,21:28:42,68.0,62.0,65.0,60,97.15,40,ep? s1700
1788355727,21:28:47,65.0,66.0,61.0,60,95.89,28,ep? s1700
1788355732,21:28:52,67.0,60.0,59.0,60,95.54,33,ep? s1700
1788355737,21:28:57,65.0,63.0,62.0,60,97.37,28,ep? s1700
1788355742,21:29:02,65.0,63.0,59.0,60,100.91,25,ep? s1700
1788355747,21:29:07,64.0,61.0,59.0,60,94.68,33,ep? s1700
1788355752,21:29:12,66.0,59.0,59.0,60,94.72,25,ep? s1700
1788355757,21:29:17,66.0,59.0,61.0,59,95.10,33,ep? s1750
1788355762,21:29:22,69.0,58.0,61.0,59,94.25,35,ep? s1750
1788355767,21:29:27,68.0,59.0,58.0,59,94.84,33,ep? s1750
1788355773,21:29:33,69.0,60.0,59.0,59,94.50,27,ep? s1750
1788355778,21:29:38,72.0,59.0,59.0,60,96.36,29,ep? s1750
1788355783,21:29:43,62.0,59.0,67.0,60,94.70,30,ep? s1750
1788355788,21:29:48,67.0,59.0,59.0,60,97.39,34,ep? s1750
1788355793,21:29:53,67.0,62.0,58.0,59,94.81,30,ep? s1750
1788355798,21:29:58,64.0,56.0,58.0,60,95.65,30,ep? s1750
1788355803,21:30:03,67.0,59.0,58.0,59,95.38,29,ep? s1750
1788355808,21:30:08,65.0,58.0,61.0,59,95.72,29,ep? s1800
1788355813,21:30:13,64.0,55.0,59.0,59,95.85,30,ep? s1800
1788355818,21:30:18,65.0,58.0,59.0,59,95.66,31,ep? s1800
1788355823,21:30:23,78.0,60.0,59.0,60,97.54,36,ep? s1800
1788355829,21:30:29,67.0,61.0,63.0,61,115.56,28,ep? s1800
1788355834,21:30:34,72.0,68.0,61.0,60,97.10,35,ep? s1800
1788355839,21:30:39,71.0,68.0,61.0,60,96.56,39,ep? s1800
1788355844,21:30:44,74.0,64.0,62.0,59,95.62,37,ep? s1800
1788355849,21:30:49,72.0,62.0,65.0,60,103.75,35,ep? s1800
1788355854,21:30:54,72.0,61.0,67.0,60,97.98,29,ep? s1800
1788355859,21:30:59,65.0,59.0,62.0,60,98.37,36,ep? s1850
1788355864,21:31:04,74.0,61.0,65.0,60,94.96,29,ep? s1850
1788355869,21:31:09,67.0,59.0,67.0,59,94.01,30,ep? s1850
1788355874,21:31:14,65.0,59.0,61.0,59,95.16,30,ep? s1850
1788355879,21:31:19,65.0,60.0,62.0,59,93.83,30,ep? s1850
1788355884,21:31:24,65.0,66.0,62.0,59,94.95,30,ep? s1850
1788355889,21:31:29,64.0,60.0,59.0,59,94.90,30,ep? s1850
1788355894,21:31:34,64.0,59.0,58.0,59,95.09,30,ep? s1850
1788355899,21:31:39,65.0,61.0,58.0,59,95.25,30,ep? s1850
1788355905,21:31:45,69.0,61.0,69.0,59,95.01,30,ep? s1850
1788355910,21:31:50,67.0,62.0,62.0,59,94.72,30,ep? s1900
1788355915,21:31:55,65.0,58.0,59.0,59,94.94,31,ep? s1900
1788355920,21:32:00,65.0,60.0,61.0,59,94.88,30,ep? s1900
1788355925,21:32:05,65.0,56.0,61.0,59,94.96,31,ep? s1900
1788355930,21:32:10,65.0,59.0,61.0,59,95.00,28,ep? s1900
1788355935,21:32:15,65.0,61.0,61.0,59,94.87,31,ep? s1900
1788355940,21:32:20,71.0,61.0,66.0,59,96.10,29,ep? s1900
1788355945,21:32:25,64.0,58.0,61.0,59,96.68,25,ep? s1900
1788355950,21:32:30,64.0,59.0,59.0,59,94.95,32,ep? s1900
1788355955,21:32:35,65.0,61.0,58.0,60,94.98,24,ep? s1900
1788355960,21:32:40,65.0,58.0,59.0,60,96.65,25,ep? s1950
1788355965,21:32:45,76.0,59.0,61.0,59,94.35,34,ep? s1950
1788355970,21:32:50,69.0,61.0,62.0,59,94.29,29,ep? s1950
1788355975,21:32:55,69.0,60.0,62.0,59,95.17,33,ep? s1950
1788355980,21:33:00,69.0,58.0,61.0,59,94.09,35,ep? s1950
1788355985,21:33:05,71.0,66.0,59.0,59,97.57,30,ep? s1950
1788355990,21:33:10,69.0,56.0,61.0,59,97.03,35,ep? s1950
1788355995,21:33:15,69.0,60.0,61.0,59,93.34,33,ep? s1950
1788356001,21:33:21,65.0,55.0,61.0,60,94.35,29,ep? s1950
1788356006,21:33:26,65.0,56.0,59.0,59,93.36,30,ep? s1950
1788356011,21:33:31,65.0,55.0,59.0,59,94.42,29,ep? s2000
1788356016,21:33:36,64.0,58.0,61.0,59,93.56,30,ep? s2000
1788356021,21:33:41,66.0,60.0,62.0,59,94.61,30,ep? s2000
1788356026,21:33:46,65.0,66.0,59.0,59,94.34,30,ep? s2000
1788356031,21:33:51,64.0,58.0,61.0,59,94.53,30,ep? s2000
1788356036,21:33:56,64.0,59.0,61.0,59,94.66,31,ep? s2000
1788356041,21:34:01,64.0,60.0,62.0,59,94.83,30,ep? s2000
1788356046,21:34:06,64.0,59.0,61.0,59,94.77,30,ep? s2000
1788356051,21:34:11,64.0,60.0,62.0,59,94.78,30,ep? s2000
1788356056,21:34:16,65.0,60.0,61.0,59,94.45,30,ep? s2000
1788356061,21:34:21,65.0,62.0,61.0,59,94.73,30,ep? s2050
1788356066,21:34:26,65.0,60.0,61.0,59,94.71,30,ep? s2050
1788356071,21:34:31,65.0,61.0,62.0,59,94.93,30,ep? s2050
1788356076,21:34:36,65.0,60.0,61.0,59,94.79,30,ep? s2050
1788356081,21:34:41,65.0,60.0,61.0,59,94.72,31,ep? s2050
1788356087,21:34:47,64.0,60.0,62.0,59,94.64,28,ep? s2050
1788356092,21:34:52,65.0,59.0,58.0,59,93.21,25,ep? s2050
1788356097,21:34:57,66.0,62.0,59.0,59,94.85,29,ep? s2050
1788356102,21:35:02,64.0,62.0,59.0,59,95.69,25,ep? s2050
1788356107,21:35:07,64.0,58.0,59.0,59,95.59,28,ep? s2050
1788356112,21:35:12,69.0,59.0,58.0,60,94.32,24,ep? s2100
1788356117,21:35:17,68.0,59.0,58.0,60,96.58,25,ep? s2100
1788356122,21:35:22,75.0,60.0,75.0,60,94.50,33,ep? s2100
1788356127,21:35:27,67.0,59.0,62.0,59,94.16,25,ep? s2100
1788356133,21:35:33,64.0,59.0,61.0,59,94.95,30,ep? s2100
1788356138,21:35:38,64.0,59.0,58.0,59,94.75,31,ep? s2100
1788356143,21:35:43,65.0,60.0,61.0,59,94.80,30,ep? s2100
1788356148,21:35:48,67.0,66.0,61.0,59,94.86,31,ep? s2100
1788356153,21:35:53,65.0,60.0,58.0,59,94.57,30,ep? s2100
1788356158,21:35:58,69.0,61.0,62.0,59,94.63,34,ep? s2100
1788356163,21:36:03,65.0,60.0,63.0,59,94.81,30,ep? s2150
1788356168,21:36:08,65.0,60.0,61.0,59,94.92,32,ep? s2150
1788356173,21:36:13,65.0,59.0,61.0,59,94.84,31,ep? s2150
1788356178,21:36:18,64.0,59.0,61.0,59,94.77,27,ep? s2150
1788356183,21:36:23,65.0,59.0,59.0,59,95.10,31,ep? s2150
1788356188,21:36:28,65.0,58.0,61.0,59,96.66,27,ep? s2150
1788356193,21:36:33,64.0,58.0,59.0,59,95.93,24,ep? s2150
1788356198,21:36:38,65.0,59.0,61.0,59,96.25,28,ep? s2150
1788356203,21:36:43,64.0,58.0,58.0,60,94.65,24,ep? s2150
1788356208,21:36:48,69.0,59.0,59.0,59,93.67,33,ep? s2150
1788356214,21:36:54,72.0,62.0,61.0,59,93.79,35,ep? s2200
1788356219,21:36:59,70.0,56.0,59.0,59,93.54,19,ep? s2200
1788356224,21:37:04,69.0,59.0,61.0,59,94.25,34,ep? s2200
1788356229,21:37:09,68.0,56.0,59.0,59,93.29,29,ep? s2200
1788356234,21:37:14,68.0,57.0,61.0,59,97.28,30,ep? s2200
1788356239,21:37:19,63.0,56.0,58.0,60,96.27,35,ep? s2200
1788356244,21:37:24,81.0,56.0,61.0,60,94.58,29,ep? s2200
1788356249,21:37:29,66.0,58.0,66.0,60,96.02,30,ep? s2200
1788356254,21:37:34,64.0,56.0,63.0,59,94.69,30,ep? s2200
1788356259,21:37:39,65.0,58.0,61.0,59,94.51,29,ep? s2200
1788356264,21:37:44,65.0,56.0,59.0,59,94.58,30,ep? s2250
1788356269,21:37:49,65.0,59.0,62.0,59,94.41,30,ep? s2250
1788356274,21:37:54,65.0,62.0,61.0,59,94.29,31,ep? s2250
1788356279,21:37:59,65.0,59.0,61.0,59,94.67,30,ep? s2250
1788356284,21:38:04,65.0,59.0,59.0,59,94.37,31,ep? s2250
1788356289,21:38:09,65.0,57.0,63.0,59,94.28,30,ep? s2250
1788356294,21:38:14,67.0,55.0,61.0,59,94.42,30,ep? s2250
1788356299,21:38:19,67.0,61.0,65.0,59,94.48,30,ep? s2250
1788356305,21:38:25,68.0,61.0,63.0,59,93.27,34,ep? s2250
1788356310,21:38:30,65.0,56.0,61.0,59,94.42,30,ep? s2250
1788356315,21:38:35,67.0,62.0,61.0,59,93.50,33,ep? s2300
1788356320,21:38:40,69.0,69.0,61.0,59,94.80,31,ep? s2300
1788356325,21:38:45,65.0,58.0,58.0,59,94.39,28,ep? s2300
1788356330,21:38:50,67.0,59.0,62.0,59,94.43,30,ep? s2300
1788356335,21:38:55,65.0,56.0,61.0,59,96.10,28,ep? s2300
1788356340,21:39:00,67.0,56.0,58.0,60,95.47,27,ep? s2300
1788356345,21:39:05,64.0,56.0,61.0,60,96.08,33,ep? s2300
1788356350,21:39:10,72.0,58.0,59.0,59,94.09,31,ep? s2300
1788356355,21:39:15,69.0,58.0,58.0,59,93.92,34,ep? s2300
1788356360,21:39:20,71.0,59.0,59.0,59,93.64,29,ep? s2300
1788356365,21:39:25,68.0,60.0,58.0,59,96.23,30,ep? s2350
1788356370,21:39:30,64.0,55.0,61.0,60,94.65,29,ep? s2350
1788356375,21:39:35,64.0,55.0,65.0,60,94.39,30,ep? s2350
1788356380,21:39:40,72.0,72.0,58.0,59,93.21,30,ep? s2350
1788356385,21:39:45,62.0,55.0,59.0,59,93.95,30,ep? s2350
1788356390,21:39:50,63.0,58.0,59.0,59,94.02,30,ep? s2350
1788356395,21:39:55,64.0,56.0,61.0,59,94.71,31,ep6
1788356400,21:40:00,64.0,60.0,59.0,59,94.30,29,ep6
1788356405,21:40:05,62.0,57.0,61.0,59,90.42,30,ep6
1788356411,21:40:11,64.0,55.0,58.0,59,94.38,31,ep6
1788356416,21:40:16,63.0,62.0,59.0,59,94.14,27,ep6
1788356421,21:40:21,64.0,63.0,59.0,59,95.89,24,ep6
1788356426,21:40:26,67.0,56.0,66.0,60,94.35,25,ep6
1788356431,21:40:31,65.0,58.0,59.0,60,95.87,24,ep6
1788356436,21:40:36,65.0,58.0,62.0,59,94.22,30,ep6
1788356441,21:40:41,64.0,56.0,61.0,59,94.12,30,ep6
1788356447,21:40:47,80.0,56.0,67.0,59,94.20,31,ep6
1788356452,21:40:52,65.0,63.0,62.0,59,94.39,30,ep6
1788356457,21:40:57,72.0,72.0,59.0,59,94.26,30,ep6
1788356462,21:41:02,64.0,55.0,58.0,59,94.20,30,ep6
1788356467,21:41:07,65.0,55.0,58.0,59,94.74,29,ep6
1788356472,21:41:12,65.0,56.0,61.0,59,93.70,25,ep6
1788356477,21:41:17,77.0,77.0,59.0,60,93.09,33,ep6
1788356482,21:41:22,64.0,55.0,59.0,59,92.89,24,ep6
1788356487,21:41:27,71.0,56.0,57.0,59,93.28,34,ep6
1788356492,21:41:32,72.0,58.0,69.0,59,93.47,35,ep6
1788356497,21:41:37,82.0,56.0,82.0,59,93.78,34,ep6
1788356502,21:41:42,69.0,56.0,61.0,59,96.80,35,ep6
1788356507,21:41:47,76.0,56.0,61.0,60,92.83,30,ep6
1788356512,21:41:52,64.0,55.0,61.0,61,94.64,32,ep6
1788356517,21:41:57,68.0,56.0,61.0,59,92.80,29,ep6
1788356522,21:42:02,65.0,56.0,59.0,59,94.12,30,ep6
1788356527,21:42:07,76.0,58.0,61.0,59,92.92,31,ep6
1788356532,21:42:12,64.0,56.0,59.0,59,93.76,30,ep6
1788356538,21:42:18,72.0,60.0,62.0,59,94.09,30,ep6
1788356543,21:42:23,65.0,60.0,65.0,59,94.13,30,ep6
1788356548,21:42:28,72.0,60.0,61.0,59,94.03,33,ep6
1788356553,21:42:33,64.0,58.0,59.0,59,93.98,30,ep6
1788356558,21:42:38,82.0,56.0,67.0,59,94.34,33,ep6
1788356563,21:42:43,65.0,63.0,61.0,59,90.52,24,ep6
1788356568,21:42:48,68.0,56.0,61.0,59,93.82,24,ep6
1788356573,21:42:53,66.0,60.0,62.0,59,94.82,28,ep6
1788356578,21:42:58,78.0,56.0,67.0,60,93.71,24,ep6
1788356583,21:43:03,70.0,60.0,61.0,59,93.67,33,ep6
1788356588,21:43:08,80.0,66.0,80.0,59,93.59,34,ep6
1788356593,21:43:13,70.0,56.0,62.0,59,92.67,33,ep6
1788356598,21:43:18,80.0,65.0,61.0,59,96.57,34,ep6
1788356603,21:43:23,70.0,58.0,61.0,59,94.09,31,ep6
1788356608,21:43:28,79.0,58.0,59.0,59,93.74,30,ep6
1788356613,21:43:33,67.0,59.0,59.0,59,92.54,30,ep6
1788356618,21:43:38,75.0,60.0,61.0,59,93.91,30,ep6
1788356623,21:43:43,65.0,59.0,61.0,59,92.94,30,ep6
1788356628,21:43:48,64.0,58.0,61.0,59,94.23,30,ep6
1788356633,21:43:53,65.0,56.0,61.0,59,93.58,30,ep6
1788356638,21:43:58,66.0,61.0,66.0,59,93.63,30,ep6
1788356643,21:44:03,65.0,58.0,63.0,59,93.74,32,ep6
1788356649,21:44:09,73.0,61.0,62.0,59,93.89,28,ep6
1788356654,21:44:14,64.0,56.0,61.0,59,93.73,31,ep6
1788356659,21:44:19,67.0,58.0,65.0,59,95.62,27,ep6
1788356664,21:44:24,72.0,55.0,59.0,59,95.78,25,ep6
1788356669,21:44:29,80.0,60.0,74.0,59,93.42,34,ep6
1788356674,21:44:34,69.0,58.0,59.0,59,93.39,25,ep6
1788356679,21:44:39,75.0,68.0,61.0,59,93.81,34,ep6
1788356684,21:44:44,70.0,58.0,58.0,59,96.73,35,ep6
1788356689,21:44:49,75.0,63.0,67.0,60,96.27,29,ep6
1788356694,21:44:54,64.0,60.0,61.0,60,93.79,30,ep6
1788356699,21:44:59,65.0,58.0,59.0,60,94.12,29,ep6
1788356704,21:45:04,63.0,55.0,59.0,59,93.88,30,ep6
1788356709,21:45:09,76.0,59.0,61.0,59,93.94,30,ep6
1788356714,21:45:14,65.0,58.0,59.0,59,93.84,30,ep6
1788356719,21:45:19,69.0,59.0,62.0,59,93.51,30,ep6
1788356724,21:45:24,65.0,56.0,61.0,59,93.80,30,ep6
1788356729,21:45:29,78.0,78.0,61.0,59,94.13,30,ep6
1788356734,21:45:34,63.0,55.0,61.0,59,93.91,31,ep6
1788356740,21:45:40,75.0,58.0,58.0,59,93.25,33,ep6
1788356745,21:45:45,67.0,58.0,61.0,59,93.24,35,ep6
1788356750,21:45:50,73.0,58.0,62.0,59,92.87,33,ep6
1788356755,21:45:55,67.0,59.0,59.0,59,95.32,34,ep6
1788356760,21:46:00,77.0,77.0,61.0,60,96.11,29,ep6
1788356765,21:46:05,71.0,60.0,61.0,59,93.46,30,ep6
1788356770,21:46:10,78.0,63.0,65.0,59,94.97,35,ep6
1788356775,21:46:15,65.0,59.0,61.0,59,94.26,30,ep6
1788356780,21:46:20,71.0,56.0,63.0,59,93.76,30,ep6
1788356786,21:46:26,64.0,56.0,57.0,59,92.54,30,ep6
1788356791,21:46:31,70.0,58.0,66.0,59,93.94,30,ep6
1788356796,21:46:36,64.0,55.0,57.0,59,93.83,30,ep6
1788356801,21:46:41,82.0,59.0,65.0,59,93.67,33,ep6
1788356806,21:46:46,63.0,56.0,56.0,59,92.81,26,ep6
1788356811,21:46:51,82.0,60.0,62.0,60,93.82,30,ep6
1788356816,21:46:56,63.0,54.0,59.0,59,92.40,16,ep6
1788356821,21:47:01,72.0,56.0,58.0,59,93.74,31,ep6
1788356826,21:47:06,68.0,57.0,59.0,59,92.75,22,ep6
1788356831,21:47:11,82.0,59.0,67.0,59,93.13,32,ep6
1788356836,21:47:16,69.0,60.0,61.0,59,93.11,34,ep6
1788356841,21:47:21,73.0,61.0,61.0,59,96.48,29,ep6
1788356846,21:47:26,70.0,58.0,61.0,59,96.46,34,ep6
1788356851,21:47:31,83.0,67.0,82.0,60,93.66,29,ep6
1788356856,21:47:36,64.0,59.0,61.0,60,93.20,29,ep6
1788356861,21:47:41,65.0,61.0,61.0,59,92.62,30,ep6
1788356866,21:47:46,67.0,59.0,67.0,59,93.64,29,ep6
1788356871,21:47:51,91.0,62.0,82.0,59,93.92,30,ep6
1788356877,21:47:57,65.0,60.0,61.0,59,93.59,30,ep6
1788356882,21:48:02,76.0,61.0,62.0,59,92.92,30,ep6
1788356887,21:48:07,67.0,60.0,62.0,59,93.81,30,ep6
1788356892,21:48:12,80.0,59.0,62.0,59,93.82,30,ep6
1788356897,21:48:17,65.0,56.0,62.0,59,94.02,32,ep6
1788356902,21:48:22,72.0,61.0,65.0,59,92.79,30,ep6
1788356907,21:48:27,65.0,60.0,61.0,59,93.83,31,ep6
1788356912,21:48:32,73.0,73.0,69.0,59,92.46,21,ep6
1788356917,21:48:37,76.0,60.0,65.0,59,95.00,25,ep6
1788356922,21:48:42,72.0,60.0,66.0,59,93.83,30,ep6
1788356927,21:48:47,61.0,58.0,59.0,59,93.27,25,ep6
1788356932,21:48:52,82.0,61.0,82.0,59,95.07,27,ep6
1788356937,21:48:57,65.0,61.0,61.0,59,93.40,25,ep6
1788356942,21:49:02,68.0,60.0,61.0,59,93.39,33,ep6
1788356947,21:49:07,68.0,57.0,59.0,59,93.41,35,ep6
1788356952,21:49:12,75.0,64.0,61.0,59,96.71,29,ep6
1788356957,21:49:17,63.0,59.0,61.0,60,93.89,35,ep6
1788356962,21:49:22,74.0,56.0,59.0,60,94.04,30,ep6
1788356967,21:49:27,65.0,59.0,59.0,60,94.38,30,ep6
1788356973,21:49:33,76.0,59.0,62.0,59,93.92,30,ep6
1788356978,21:49:38,64.0,58.0,58.0,59,93.85,30,ep6
1788356983,21:49:43,73.0,60.0,63.0,59,94.08,30,ep6
1788356988,21:49:48,65.0,60.0,59.0,59,93.62,30,ep6
1788356993,21:49:53,70.0,62.0,67.0,59,94.08,30,ep6
1788356998,21:49:58,65.0,59.0,59.0,59,94.12,30,ep6
1788357003,21:50:03,80.0,60.0,66.0,59,93.81,30,ep6
1788357008,21:50:08,65.0,56.0,58.0,59,93.52,31,ep6
1788357013,21:50:13,70.0,61.0,65.0,59,93.70,28,ep6
1788357018,21:50:18,65.0,59.0,61.0,59,93.83,31,ep6
1788357023,21:50:23,73.0,61.0,61.0,59,95.01,27,ep6
1788357028,21:50:28,65.0,58.0,61.0,59,95.86,25,ep6
1788357033,21:50:33,70.0,59.0,62.0,60,92.54,34,ep6
1788357038,21:50:38,64.0,59.0,61.0,60,92.93,25,ep6
1788357044,21:50:44,65.0,60.0,65.0,59,93.57,30,ep6
1788357049,21:50:49,65.0,59.0,61.0,59,93.75,30,ep6
1788357054,21:50:54,65.0,60.0,59.0,59,93.74,30,ep6
1788357059,21:50:59,65.0,59.0,61.0,59,93.81,30,ep6
1788357064,21:51:04,71.0,65.0,63.0,59,93.37,30,ep6
1788357069,21:51:09,65.0,61.0,59.0,59,94.10,30,ep6
1788357074,21:51:14,65.0,58.0,61.0,59,93.98,30,ep6
1788357079,21:51:19,65.0,58.0,59.0,59,93.65,30,ep6
1788357084,21:51:24,65.0,59.0,61.0,59,93.92,28,ep6
1788357089,21:51:29,67.0,58.0,67.0,59,92.53,30,ep6
1788357094,21:51:34,71.0,58.0,58.0,59,95.56,28,ep6
1788357099,21:51:39,62.0,56.0,61.0,60,95.40,25,ep6
1788357104,21:51:44,64.0,60.0,61.0,60,93.02,33,ep6
1788357109,21:51:49,62.0,60.0,59.0,59,92.43,17,ep6
1788357115,21:51:55,70.0,59.0,61.0,59,93.04,34,ep6
1788357120,21:52:00,70.0,59.0,61.0,59,93.40,35,ep6
1788357125,21:52:05,68.0,60.0,61.0,59,96.60,30,ep6
1788357130,21:52:10,69.0,59.0,61.0,59,96.33,35,ep6
1788357135,21:52:15,64.0,55.0,58.0,59,93.59,30,ep6
1788357140,21:52:20,65.0,63.0,61.0,59,93.81,30,ep6
1788357145,21:52:25,65.0,59.0,59.0,59,93.67,30,ep6
1788357150,21:52:30,65.0,59.0,61.0,59,93.45,30,ep6
1788357155,21:52:35,67.0,61.0,67.0,59,93.92,30,ep6
1788357160,21:52:40,77.0,56.0,61.0,59,93.66,30,ep6
1788357165,21:52:45,65.0,59.0,62.0,59,92.78,30,ep6
1788357170,21:52:50,65.0,59.0,63.0,59,93.94,31,ep6
1788357175,21:52:55,65.0,60.0,61.0,59,93.94,30,ep6
1788357180,21:53:00,65.0,59.0,61.0,59,94.28,30,ep6
1788357185,21:53:05,64.0,60.0,61.0,59,94.35,28,ep6
1788357190,21:53:10,65.0,62.0,59.0,59,94.26,33,ep6
1788357195,21:53:15,67.0,60.0,62.0,59,94.45,31,ep6
1788357200,21:53:20,64.0,59.0,67.0,59,94.09,24,ep6
1788357205,21:53:25,71.0,66.0,62.0,59,94.24,31,ep6
1788357210,21:53:30,65.0,63.0,62.0,59,95.71,27,ep6
1788357216,21:53:36,64.0,59.0,61.0,59,95.51,25,ep6
1788357221,21:53:41,64.0,59.0,61.0,59,93.20,34,ep6
1788357226,21:53:46,64.0,61.0,62.0,59,92.93,25,ep6
1788357231,21:53:51,72.0,60.0,62.0,59,93.82,34,ep6
1788357236,21:53:56,70.0,60.0,61.0,59,94.08,35,ep6
1788357241,21:54:01,67.0,59.0,61.0,59,89.35,27,ep6
1788357246,21:54:06,71.0,60.0,62.0,59,97.08,35,ep6
1788357251,21:54:11,65.0,60.0,61.0,60,96.67,30,ep6
1788357256,21:54:16,64.0,59.0,61.0,60,93.92,30,ep6
1788357261,21:54:21,71.0,66.0,61.0,59,92.76,30,ep6
1788357266,21:54:26,65.0,60.0,61.0,59,93.94,30,ep6
1788357271,21:54:31,65.0,60.0,61.0,59,92.70,30,ep6
1788357276,21:54:36,67.0,61.0,62.0,59,93.96,30,ep6
1788357281,21:54:41,67.0,59.0,61.0,59,92.67,30,ep6
1788357286,21:54:46,67.0,66.0,62.0,59,93.86,30,ep6
1788357291,21:54:51,65.0,59.0,65.0,59,94.15,30,ep6
1788357296,21:54:56,65.0,59.0,62.0,59,94.22,30,ep6
1788357301,21:55:01,65.0,59.0,65.0,59,94.02,30,ep6
1788357307,21:55:07,64.0,59.0,61.0,59,93.55,31,ep6
1788357312,21:55:12,67.0,61.0,61.0,59,94.09,31,ep6
1788357317,21:55:17,68.0,60.0,62.0,59,93.97,30,ep6
1788357322,21:55:22,65.0,65.0,61.0,59,88.53,31,ep6
1788357327,21:55:27,64.0,59.0,62.0,59,92.55,17,ep6
1788357332,21:55:32,65.0,59.0,61.0,59,95.02,27,ep6
1788357337,21:55:37,65.0,62.0,62.0,59,95.70,28,ep6
1788357342,21:55:42,67.0,55.0,67.0,59,93.17,27,ep6
1788357348,21:55:48,65.0,59.0,62.0,59,93.66,30,ep6
1788357353,21:55:53,64.0,59.0,62.0,59,94.07,30,ep6
1788357358,21:55:58,64.0,59.0,62.0,59,94.06,30,ep6
1788357363,21:56:03,68.0,59.0,66.0,59,94.21,30,ep6
1788357368,21:56:08,62.0,58.0,61.0,59,93.98,30,ep6
1788357373,21:56:13,61.0,59.0,59.0,59,93.98,30,ep6
1788357378,21:56:18,64.0,60.0,62.0,59,94.07,30,ep6
1788357383,21:56:23,74.0,74.0,62.0,59,89.94,31,ep6
1788357388,21:56:28,64.0,60.0,62.0,59,94.14,30,ep6
1788357393,21:56:33,64.0,61.0,62.0,59,94.11,30,ep6
1788357398,21:56:38,65.0,65.0,62.0,59,94.03,28,ep6
1788357403,21:56:43,67.0,58.0,67.0,59,93.79,31,ep6
1788357408,21:56:48,66.0,60.0,66.0,59,93.70,28,ep6
1788357413,21:56:53,64.0,60.0,62.0,59,93.21,25,ep6
1788357418,21:56:58,64.0,60.0,62.0,59,94.82,28,ep6
1788357423,21:57:03,65.0,60.0,69.0,59,93.18,25,ep6
1788357428,21:57:08,65.0,59.0,61.0,59,93.13,33,ep6
1788357434,21:57:14,67.0,59.0,59.0,59,92.55,35,ep6
1788357439,21:57:19,71.0,58.0,71.0,59,93.38,33,ep6
1788357444,21:57:24,68.0,66.0,59.0,59,95.46,34,ep6
1788357449,21:57:29,68.0,61.0,70.0,60,96.46,30,ep6
1788357454,21:57:34,66.0,59.0,66.0,60,93.61,30,ep6
1788357459,21:57:39,62.0,60.0,61.0,59,93.41,29,ep6
1788357464,21:57:44,62.0,59.0,67.0,59,93.49,29,ep6
1788357469,21:57:49,64.0,63.0,61.0,59,93.54,30,ep6
1788357474,21:57:54,66.0,59.0,62.0,59,93.33,30,ep6
1788357479,21:57:59,68.0,68.0,66.0,59,93.85,30,ep6
1788357484,21:58:04,64.0,62.0,62.0,59,93.54,30,ep6
1788357489,21:58:09,67.0,59.0,61.0,59,94.14,30,ep6
1788357494,21:58:14,65.0,58.0,65.0,59,93.45,30,ep6
1788357499,21:58:19,63.0,59.0,62.0,59,93.81,30,ep6
1788357504,21:58:24,64.0,58.0,62.0,59,93.60,30,ep6
1788357509,21:58:29,65.0,59.0,62.0,59,92.50,28,ep6
1788357514,21:58:34,63.0,60.0,62.0,59,94.09,30,ep6
1788357519,21:58:39,63.0,60.0,62.0,59,92.90,31,ep6
1788357524,21:58:44,64.0,58.0,61.0,59,94.02,28,ep6
1788357530,21:58:50,64.0,58.0,62.0,59,92.64,31,ep6
1788357535,21:58:55,64.0,58.0,59.0,59,95.14,28,ep6
1788357540,21:59:00,64.0,60.0,61.0,59,93.71,27,ep6
1788357545,21:59:05,64.0,58.0,62.0,59,93.96,33,ep6
1788357550,21:59:10,72.0,72.0,61.0,60,95.41,27,ep6
1788357555,21:59:15,71.0,59.0,61.0,59,93.37,33,ep6
1788357560,21:59:20,68.0,60.0,61.0,59,93.39,34,ep6
1788357565,21:59:25,69.0,60.0,61.0,59,94.49,30,ep6
1788357570,21:59:30,72.0,62.0,59.0,59,93.06,34,ep6
1788357575,21:59:35,71.0,62.0,63.0,59,94.04,31,ep6
1788357580,21:59:40,68.0,59.0,63.0,59,96.67,30,ep6
1788357585,21:59:45,68.0,60.0,63.0,60,93.99,30,ep6
1788357590,21:59:50,68.0,59.0,62.0,61,94.15,29,ep6
1788357595,21:59:55,66.0,59.0,61.0,59,94.16,30,ep6
1788357600,22:00:00,67.0,59.0,63.0,59,94.00,30,ep6
1788357605,22:00:05,65.0,59.0,62.0,59,94.02,30,ep6
1788357610,22:00:10,67.0,60.0,62.0,59,93.97,30,ep6
1788357615,22:00:15,65.0,59.0,61.0,59,93.88,30,ep6
1788357620,22:00:20,79.0,64.0,62.0,59,94.22,30,ep6
1788357626,22:00:26,66.0,60.0,62.0,59,93.73,30,ep6
1788357631,22:00:31,67.0,61.0,62.0,59,92.71,30,ep6
1788357636,22:00:36,66.0,62.0,62.0,59,94.26,30,ep6
1788357641,22:00:41,67.0,61.0,62.0,59,94.20,31,ep6
1788357646,22:00:46,67.0,61.0,63.0,59,93.74,30,ep6
1788357651,22:00:51,72.0,62.0,62.0,59,93.49,35,ep6
1788357657,22:00:57,74.0,74.0,62.0,59,93.16,32,ep6
1788357662,22:01:02,70.0,61.0,62.0,59,93.39,34,ep6
1788357667,22:01:07,68.0,61.0,63.0,59,86.24,29,ep6
1788357672,22:01:12,70.0,66.0,62.0,59,96.14,30,ep6
1788357677,22:01:17,67.0,59.0,61.0,60,96.19,36,ep6
1788357682,22:01:22,77.0,66.0,63.0,60,93.67,29,ep6
1788357687,22:01:27,76.0,58.0,61.0,59,93.92,30,ep6
1788357692,22:01:32,74.0,74.0,63.0,59,93.60,29,ep6
1788357697,22:01:37,66.0,59.0,61.0,59,93.67,30,ep6
1788357702,22:01:42,66.0,59.0,61.0,59,93.63,30,ep6
1788357707,22:01:47,66.0,59.0,58.0,59,93.88,31,ep6
1788357712,22:01:52,66.0,59.0,61.0,59,93.77,30,ep6
1788357717,22:01:57,65.0,58.0,63.0,59,93.64,30,ep6
1788357722,22:02:02,67.0,60.0,57.0,59,93.71,30,ep6
1788357727,22:02:07,65.0,58.0,61.0,60,92.36,34,ep6
1788357732,22:02:12,66.0,60.0,62.0,59,93.40,30,ep6
1788357737,22:02:17,66.0,62.0,63.0,59,93.64,30,ep6
1788357742,22:02:22,67.0,60.0,61.0,59,93.80,31,ep6
1788357747,22:02:27,67.0,67.0,62.0,60,92.41,26,ep6
1788357752,22:02:32,67.0,60.0,65.0,59,93.68,32,ep6
1788357758,22:02:38,67.0,59.0,61.0,59,92.64,22,ep6
1788357763,22:02:43,67.0,61.0,63.0,59,95.43,24,ep6
1788357768,22:02:48,65.0,58.0,59.0,59,95.36,25,ep6
1788357773,22:02:53,67.0,60.0,61.0,60,93.99,24,ep6
1788357778,22:02:58,64.0,58.0,59.0,60,96.06,25,ep6
1788357783,22:03:03,80.0,59.0,61.0,59,93.58,34,ep6
1788357788,22:03:08,64.0,59.0,58.0,59,93.28,25,ep6
1788357793,22:03:13,68.0,59.0,58.0,59,93.49,34,ep6
1788357798,22:03:18,70.0,59.0,65.0,59,93.68,35,ep6
1788357803,22:03:23,69.0,58.0,62.0,59,95.11,30,ep6
1788357808,22:03:28,69.0,59.0,61.0,59,96.62,35,ep6
1788357813,22:03:33,64.0,58.0,58.0,60,96.72,30,ep6
1788357818,22:03:38,64.0,60.0,61.0,60,93.70,30,ep6
1788357823,22:03:43,67.0,60.0,61.0,61,93.09,29,ep6
1788357828,22:03:48,67.0,66.0,58.0,59,93.71,29,ep6
1788357833,22:03:53,65.0,58.0,58.0,59,94.07,30,ep6
1788357838,22:03:58,65.0,59.0,63.0,59,94.10,30,ep6
1788357843,22:04:03,67.0,59.0,66.0,59,92.91,30,ep6
1788357849,22:04:09,67.0,60.0,61.0,59,94.03,30,ep6
1788357854,22:04:14,66.0,59.0,67.0,59,92.74,30,ep6
1788357859,22:04:19,67.0,59.0,62.0,59,94.17,30,ep6
1788357864,22:04:24,66.0,59.0,62.0,59,94.45,30,ep6
1788357869,22:04:29,67.0,59.0,61.0,59,94.50,30,ep6
1788357874,22:04:34,66.0,59.0,61.0,59,94.16,30,ep6
1788357879,22:04:39,79.0,59.0,61.0,59,94.11,30,ep6
1788357884,22:04:44,66.0,59.0,59.0,59,94.13,30,ep6
1788357889,22:04:49,67.0,60.0,59.0,59,94.35,31,ep6
1788357894,22:04:54,66.0,60.0,59.0,59,94.22,30,ep6
1788357899,22:04:59,67.0,60.0,61.0,59,94.42,31,ep6
1788357904,22:05:04,66.0,60.0,59.0,59,94.19,30,ep6
1788357909,22:05:09,67.0,60.0,59.0,59,95.73,24,ep6
1788357914,22:05:14,66.0,59.0,61.0,59,94.36,31,ep6
1788357919,22:05:19,66.0,58.0,59.0,59,95.52,27,ep6
1788357924,22:05:24,65.0,58.0,59.0,59,95.44,25,ep6
1788357929,22:05:29,64.0,60.0,58.0,60,93.13,32,ep6
1788357934,22:05:34,65.0,60.0,61.0,60,93.46,25,ep6
1788357940,22:05:40,68.0,58.0,61.0,59,92.66,20,ep6
1788357945,22:05:45,69.0,56.0,59.0,59,93.40,34,ep6
1788357950,22:05:50,68.0,54.0,59.0,59,93.37,25,ep6
1788357955,22:05:55,65.0,59.0,58.0,59,94.35,30,ep6
1788357960,22:06:00,67.0,59.0,61.0,59,94.17,30,ep6
1788357965,22:06:05,67.0,59.0,61.0,59,94.23,30,ep6
1788357970,22:06:10,65.0,59.0,61.0,59,93.94,30,ep6
1788357975,22:06:15,67.0,60.0,59.0,59,94.36,30,ep6
1788357981,22:06:21,65.0,56.0,59.0,59,94.29,30,ep6
1788357986,22:06:26,65.0,56.0,59.0,59,95.63,24,ep6
1788357991,22:06:31,66.0,58.0,61.0,59,94.10,30,ep6
1788357996,22:06:36,70.0,59.0,59.0,60,93.41,26,ep6
1788358001,22:06:41,67.0,56.0,61.0,60,93.79,32,ep6
1788358006,22:06:46,67.0,56.0,66.0,59,93.53,35,ep6
1788358011,22:06:51,72.0,56.0,61.0,59,93.02,26,ep6
1788358016,22:06:56,69.0,56.0,58.0,59,93.36,34,ep6
1788358021,22:07:01,69.0,58.0,61.0,59,93.15,35,ep6
1788358026,22:07:06,69.0,56.0,61.0,59,92.70,34,ep6
1788358031,22:07:11,69.0,56.0,57.0,59,96.47,35,ep6
1788358036,22:07:16,66.0,58.0,61.0,60,94.96,29,ep6
1788358041,22:07:21,66.0,63.0,66.0,60,93.89,30,ep6
1788358046,22:07:26,72.0,66.0,61.0,60,94.25,32,ep6
1788358051,22:07:31,66.0,59.0,61.0,60,94.21,30,ep6
1788358056,22:07:36,66.0,56.0,61.0,59,93.90,30,ep6
1788358061,22:07:41,65.0,58.0,61.0,59,93.95,29,ep6
1788358066,22:07:46,66.0,59.0,62.0,59,94.16,30,ep6
1788358071,22:07:51,69.0,60.0,62.0,59,94.11,30,ep6
1788358077,22:07:57,67.0,59.0,63.0,59,94.32,31,ep6
1788358082,22:08:02,67.0,58.0,63.0,59,94.30,30,ep6
1788358087,22:08:07,66.0,56.0,61.0,59,94.14,30,ep6
1788358092,22:08:12,68.0,56.0,62.0,59,94.51,30,ep6
1788358097,22:08:17,66.0,58.0,61.0,59,94.48,30,ep6
1788358102,22:08:22,66.0,55.0,62.0,60,94.45,30,ep6
1788358107,22:08:27,67.0,60.0,62.0,60,94.24,30,ep6
1788358112,22:08:32,67.0,59.0,59.0,59,94.59,31,ep6
1788358117,22:08:37,66.0,55.0,58.0,59,94.49,30,ep6
1788358122,22:08:42,68.0,59.0,58.0,60,93.33,31,ep6
1788358127,22:08:47,72.0,57.0,59.0,60,94.46,30,ep? s50
1788358132,22:08:52,66.0,58.0,58.0,60,94.17,28,ep? s50
1788358137,22:08:57,66.0,58.0,63.0,60,94.80,31,ep? s50
1788358142,22:09:02,72.0,72.0,62.0,60,95.53,28,ep? s50
1788358147,22:09:07,67.0,65.0,62.0,60,96.08,25,ep? s50
1788358152,22:09:12,66.0,58.0,62.0,60,94.09,33,ep? s50
1788358157,22:09:17,65.0,58.0,62.0,61,93.75,25,ep? s50
1788358162,22:09:22,72.0,60.0,61.0,61,94.94,29,ep? s50
1788358167,22:09:27,78.0,60.0,61.0,59,93.80,35,ep? s50
1788358173,22:09:33,72.0,56.0,63.0,59,93.82,25,ep? s50
1788358178,22:09:38,71.0,58.0,61.0,59,93.91,34,ep? s50
1788358183,22:09:43,72.0,59.0,69.0,59,93.17,35,ep? s50
1788358188,22:09:48,69.0,60.0,63.0,60,92.80,34,ep? s50
1788358193,22:09:53,72.0,60.0,61.0,60,96.76,35,ep? s50
1788358198,22:09:58,71.0,68.0,63.0,59,94.19,32,ep? s50
1788358203,22:10:03,64.0,61.0,58.0,60,94.23,29,ep? s50
1788358208,22:10:08,66.0,58.0,63.0,60,93.42,29,ep? s50
1788358213,22:10:13,67.0,57.0,66.0,60,94.65,30,ep? s50
1788358218,22:10:18,67.0,62.0,62.0,60,93.56,30,ep? s50
1788358223,22:10:23,67.0,60.0,62.0,60,94.58,30,ep? s50
1788358228,22:10:28,67.0,58.0,61.0,60,94.70,30,ep? s150
1788358233,22:10:33,69.0,59.0,61.0,60,94.21,30,ep? s150
1788358238,22:10:38,69.0,59.0,61.0,60,94.59,30,ep? s150
1788358243,22:10:43,80.0,80.0,62.0,60,94.47,30,ep? s150
1788358248,22:10:48,69.0,61.0,59.0,60,94.76,30,ep? s150
1788358253,22:10:53,67.0,59.0,62.0,60,94.70,30,ep? s150
1788358259,22:10:59,67.0,59.0,62.0,60,94.12,34,ep? s150
1788358264,22:11:04,72.0,62.0,62.0,59,93.72,33,ep? s150
1788358269,22:11:09,73.0,57.0,61.0,60,94.17,34,ep? s150
1788358274,22:11:14,69.0,58.0,62.0,60,93.31,31,ep? s150
1788358279,22:11:19,71.0,58.0,62.0,60,94.18,33,ep? s200
1788358284,22:11:24,77.0,60.0,63.0,60,93.52,29,ep? s200
1788358289,22:11:29,65.0,65.0,59.0,60,97.57,30,ep? s200
1788358294,22:11:34,71.0,58.0,59.0,60,94.75,30,ep? s200
1788358300,22:11:40,70.0,59.0,61.0,60,94.70,30,ep? s200
1788358305,22:11:45,80.0,61.0,65.0,60,94.84,30,ep? s200
1788358310,22:11:50,69.0,60.0,61.0,60,94.93,30,ep? s200
1788358315,22:11:55,77.0,62.0,62.0,60,95.01,30,ep? s200
1788358320,22:12:00,67.0,60.0,59.0,60,94.70,30,ep? s200
1788358325,22:12:05,66.0,63.0,61.0,60,94.73,30,ep? s200
1788358330,22:12:10,69.0,59.0,61.0,60,94.76,30,ep? s250
1788358335,22:12:15,80.0,59.0,80.0,60,95.07,30,ep? s250
1788358340,22:12:20,67.0,66.0,61.0,60,94.85,30,ep? s250
1788358345,22:12:25,77.0,60.0,66.0,60,94.59,30,ep? s250
1788358350,22:12:30,67.0,63.0,59.0,60,94.69,31,ep? s250
1788358355,22:12:35,75.0,59.0,59.0,60,94.30,30,ep? s250
1788358360,22:12:40,67.0,72.0,59.0,60,94.15,31,ep? s250
1788358365,22:12:45,78.0,59.0,58.0,60,94.75,29,ep? s250
1788358370,22:12:50,69.0,59.0,63.0,60,95.85,25,ep? s250
1788358375,22:12:55,71.0,66.0,59.0,60,94.47,30,ep? s250
1788358380,22:13:00,67.0,65.0,62.0,60,96.02,24,ep? s300
1788358385,22:13:05,68.0,62.0,62.0,60,96.33,26,ep? s300
1788358390,22:13:10,65.0,58.0,61.0,61,94.18,18,ep? s300
1788358396,22:13:16,77.0,58.0,66.0,60,94.00,25,ep? s300
1788358401,22:13:21,65.0,59.0,63.0,60,93.89,33,ep? s300
1788358406,22:13:26,72.0,60.0,59.0,60,93.84,35,ep? s300
1788358411,22:13:31,69.0,58.0,61.0,59,93.56,28,ep? s300
1788358416,22:13:36,69.0,69.0,59.0,60,97.44,35,ep? s300
1788358421,22:13:41,69.0,58.0,61.0,60,96.01,29,ep? s300
1788358426,22:13:46,71.0,63.0,61.0,60,94.50,30,ep? s300
1788358431,22:13:51,66.0,58.0,61.0,60,94.86,31,ep? s350
1788358436,22:13:56,70.0,64.0,63.0,60,94.94,30,ep? s350
1788358441,22:14:01,67.0,61.0,62.0,60,94.68,30,ep? s350
1788358446,22:14:06,74.0,61.0,58.0,60,94.48,30,ep? s350
1788358451,22:14:11,66.0,58.0,63.0,60,94.71,30,ep? s350
1788358456,22:14:16,73.0,60.0,71.0,60,94.60,30,ep? s350
1788358461,22:14:21,66.0,58.0,61.0,60,94.83,30,ep? s350
1788358466,22:14:26,76.0,59.0,69.0,60,93.23,31,ep? s350
1788358471,22:14:31,67.0,59.0,61.0,60,94.32,30,ep? s350
1788358476,22:14:36,73.0,73.0,63.0,60,94.13,30,ep? s350
1788358481,22:14:41,66.0,57.0,59.0,60,94.32,30,ep? s400
1788358487,22:14:47,84.0,56.0,84.0,60,94.65,31,ep? s400
1788358492,22:14:52,66.0,58.0,62.0,60,94.84,31,ep? s400
1788358497,22:14:57,81.0,60.0,62.0,60,94.22,31,ep? s400
1788358502,22:15:02,66.0,58.0,62.0,60,94.35,31,ep? s400
1788358507,22:15:07,78.0,66.0,59.0,60,94.84,31,ep? s400
1788358512,22:15:12,66.0,60.0,58.0,60,95.74,24,ep? s400
1788358517,22:15:17,69.0,64.0,65.0,60,94.42,31,ep? s400
1788358522,22:15:22,67.0,61.0,62.0,60,95.32,26,ep? s400
1788358527,22:15:27,84.0,66.0,70.0,60,96.08,25,ep? s400
1788358532,22:15:32,67.0,63.0,61.0,60,93.78,34,ep? s450
1788358537,22:15:37,78.0,59.0,66.0,60,93.86,25,ep? s450
1788358542,22:15:42,68.0,55.0,59.0,60,93.93,34,ep? s450
1788358547,22:15:47,78.0,58.0,61.0,60,93.85,35,ep? s450
1788358552,22:15:52,64.0,58.0,62.0,60,94.53,30,ep? s450
1788358557,22:15:57,75.0,61.0,59.0,60,95.90,36,ep? s450
1788358563,22:16:03,67.0,59.0,61.0,60,94.77,34,ep? s450
1788358568,22:16:08,85.0,59.0,85.0,60,94.70,30,ep? s450
1788358573,22:16:13,66.0,60.0,62.0,60,94.40,26,ep? s450
1788358578,22:16:18,73.0,61.0,63.0,60,94.38,31,ep? s450
1788358583,22:16:23,66.0,57.0,63.0,60,96.22,27,ep? s500
1788358588,22:16:28,83.0,60.0,67.0,60,93.76,25,ep? s500
1788358593,22:16:33,67.0,58.0,62.0,60,94.45,33,ep? s500
1788358598,22:16:38,68.0,59.0,65.0,60,93.94,25,ep? s500
1788358603,22:16:43,67.0,58.0,61.0,60,94.08,32,ep? s500
1788358608,22:16:48,80.0,59.0,80.0,60,94.37,35,ep? s500
1788358613,22:16:53,78.0,61.0,61.0,60,94.15,36,ep? s500
1788358618,22:16:58,80.0,59.0,63.0,60,95.53,34,ep? s500
1788358623,22:17:03,68.0,59.0,58.0,60,97.36,35,ep? s500
1788358629,22:17:09,78.0,58.0,67.0,62,94.40,30,ep? s500
1788358634,22:17:14,67.0,60.0,59.0,61,94.76,30,ep? s500
1788358639,22:17:19,78.0,59.0,78.0,60,93.49,30,ep? s550
1788358644,22:17:24,69.0,59.0,61.0,60,94.99,30,ep? s550
1788358649,22:17:29,80.0,80.0,59.0,60,93.67,30,ep? s550
1788358654,22:17:34,70.0,61.0,70.0,60,94.68,30,ep? s550
1788358659,22:17:39,78.0,59.0,78.0,60,94.70,30,ep? s550
1788358664,22:17:44,69.0,61.0,65.0,60,95.14,31,ep? s550
1788358669,22:17:49,80.0,80.0,70.0,60,94.57,30,ep? s550
1788358674,22:17:54,67.0,60.0,62.0,60,94.75,34,ep? s550
1788358679,22:17:59,80.0,56.0,62.0,60,94.72,30,ep? s550
1788358684,22:18:04,67.0,62.0,63.0,60,94.97,33,ep? s550
1788358689,22:18:09,75.0,62.0,66.0,60,94.77,31,ep? s600
1788358694,22:18:14,74.0,60.0,61.0,60,94.37,26,ep? s600
1788358699,22:18:19,72.0,62.0,59.0,60,94.47,31,ep? s600
1788358704,22:18:24,69.0,62.0,63.0,60,94.27,27,ep? s600
1788358709,22:18:29,78.0,65.0,61.0,60,96.04,25,ep? s600
1788358714,22:18:34,67.0,58.0,61.0,60,95.83,27,ep? s600
1788358719,22:18:39,74.0,58.0,59.0,61,93.85,25,ep? s600
1788358724,22:18:44,69.0,56.0,61.0,60,93.21,34,ep? s600
1788358730,22:18:50,80.0,57.0,70.0,60,93.71,35,ep? s600
1788358735,22:18:55,73.0,62.0,62.0,60,101.75,25,ep? s600
1788358740,22:19:00,80.0,62.0,67.0,60,109.44,35,ep? s650
1788358745,22:19:05,66.0,59.0,66.0,61,94.35,30,ep? s650
1788358750,22:19:10,72.0,60.0,67.0,60,95.43,29,ep? s650
1788358755,22:19:15,67.0,60.0,63.0,60,94.24,30,ep? s650
1788358760,22:19:20,82.0,59.0,82.0,60,95.72,30,ep? s650
1788358765,22:19:25,67.0,60.0,62.0,60,95.57,30,ep? s650
1788358770,22:19:30,76.0,61.0,65.0,60,95.92,30,ep? s650
1788358775,22:19:35,67.0,62.0,59.0,60,95.78,30,ep? s650
1788358780,22:19:40,82.0,61.0,65.0,60,95.64,30,ep? s650
1788358785,22:19:45,69.0,60.0,69.0,60,92.48,30,ep? s650
1788358790,22:19:50,78.0,78.0,63.0,60,95.77,30,ep? s700
1788358795,22:19:55,68.0,61.0,59.0,60,95.60,30,ep? s700
1788358800,22:20:00,77.0,61.0,63.0,60,95.74,31,ep? s700
1788358805,22:20:05,67.0,59.0,61.0,60,96.05,30,ep? s700
1788358810,22:20:10,76.0,59.0,61.0,60,95.53,31,ep? s700
1788358815,22:20:15,68.0,62.0,63.0,60,95.56,30,ep? s700
1788358820,22:20:20,71.0,71.0,62.0,60,97.07,24,ep? s700
1788358826,22:20:26,68.0,59.0,63.0,60,95.95,30,ep? s700
1788358831,22:20:31,76.0,61.0,62.0,60,95.29,25,ep? s700
1788358836,22:20:36,67.0,59.0,62.0,61,97.38,25,ep? s700
1788358841,22:20:41,69.0,60.0,62.0,61,94.88,34,ep? s750
1788358846,22:20:46,68.0,61.0,63.0,60,94.76,25,ep? s750
1788358851,22:20:51,80.0,59.0,70.0,60,94.17,33,ep? s750
1788358856,22:20:56,73.0,66.0,63.0,60,95.01,35,ep? s750
1788358861,22:21:01,72.0,59.0,70.0,60,95.13,33,ep? s750
1788358867,22:21:07,69.0,59.0,63.0,60,95.64,30,ep? s750
1788358872,22:21:12,69.0,59.0,61.0,60,94.80,30,ep? s750
1788358877,22:21:17,70.0,61.0,63.0,60,96.01,31,ep? s750
1788358882,22:21:22,67.0,59.0,59.0,60,96.13,30,ep? s750
1788358887,22:21:27,67.0,60.0,61.0,60,95.86,31,ep? s750
1788358892,22:21:32,70.0,61.0,59.0,60,96.15,30,ep? s800
1788358897,22:21:37,69.0,62.0,61.0,60,96.78,25,ep? s800
1788358902,22:21:42,70.0,62.0,63.0,60,95.70,30,ep? s800
1788358907,22:21:47,73.0,74.0,61.0,60,96.04,25,ep? s800
1788358912,22:21:52,67.0,59.0,61.0,60,97.29,26,ep? s800
1788358917,22:21:57,67.0,60.0,59.0,61,95.64,23,ep? s800
1788358922,22:22:02,69.0,60.0,62.0,61,97.19,25,ep? s800
1788358927,22:22:07,75.0,61.0,61.0,60,95.36,34,ep? s800
1788358932,22:22:12,71.0,59.0,62.0,60,95.22,35,ep? s800
1788358937,22:22:17,71.0,59.0,59.0,60,96.42,34,ep? s800
1788358942,22:22:22,72.0,59.0,59.0,60,94.83,35,ep? s850
1788358947,22:22:27,70.0,62.0,63.0,61,95.64,30,ep? s850
1788358953,22:22:33,72.0,60.0,72.0,61,98.09,35,ep? s850
1788358958,22:22:38,67.0,59.0,59.0,61,98.05,29,ep? s850
1788358963,22:22:43,67.0,62.0,61.0,60,95.56,30,ep? s850
1788358968,22:22:48,69.0,58.0,59.0,60,95.29,30,ep? s850
1788358973,22:22:53,70.0,61.0,61.0,60,95.38,30,ep? s850
1788358978,22:22:58,71.0,58.0,69.0,60,95.39,30,ep? s850
1788358983,22:23:03,70.0,59.0,59.0,60,95.53,31,ep? s850
1788358988,22:23:08,75.0,62.0,75.0,60,95.48,30,ep? s850
1788358993,22:23:13,67.0,57.0,61.0,60,95.83,30,ep? s900
1788358998,22:23:18,70.0,59.0,62.0,60,96.18,30,ep? s900
1788359003,22:23:23,86.0,63.0,67.0,61,95.69,34,ep? s900
1788359008,22:23:28,70.0,62.0,63.0,61,95.52,30,ep? s900
1788359013,22:23:33,70.0,65.0,63.0,60,95.57,34,ep? s900
1788359018,22:23:38,69.0,59.0,61.0,60,96.04,31,ep? s900
1788359023,22:23:43,69.0,59.0,59.0,61,94.64,20,ep? s900
1788359028,22:23:48,69.0,59.0,62.0,60,95.64,31,ep? s900
1788359033,22:23:53,69.0,59.0,63.0,60,96.88,28,ep? s900
1788359038,22:23:58,69.0,59.0,62.0,60,97.62,25,ep? s900
1788359043,22:24:03,67.0,61.0,59.0,61,94.13,28,ep? s950
1788359049,22:24:09,67.0,61.0,61.0,60,94.49,25,ep? s950
1788359054,22:24:14,65.0,59.0,61.0,60,95.12,33,ep? s950
1788359059,22:24:19,71.0,58.0,63.0,60,94.70,35,ep? s950
1788359064,22:24:24,70.0,59.0,65.0,60,96.86,29,ep? s950
1788359069,22:24:29,70.0,58.0,59.0,61,98.13,35,ep? s950
1788359074,22:24:34,68.0,61.0,59.0,61,95.97,29,ep? s950
1788359079,22:24:39,67.0,61.0,61.0,62,95.51,30,ep? s950
1788359084,22:24:44,67.0,59.0,62.0,61,98.51,35,ep? s950
1788359089,22:24:49,67.0,61.0,62.0,60,95.82,30,ep? s950
1788359094,22:24:54,69.0,63.0,62.0,60,95.46,30,ep? s1000
1788359099,22:24:59,82.0,82.0,62.0,60,94.36,30,ep? s1000
1788359104,22:25:04,70.0,63.0,62.0,60,95.59,30,ep? s1000
1788359109,22:25:09,69.0,59.0,62.0,60,96.02,30,ep? s1000
1788359114,22:25:14,69.0,59.0,62.0,60,95.75,31,ep? s1000
1788359119,22:25:19,67.0,67.0,61.0,60,94.56,30,ep? s1000
1788359124,22:25:24,69.0,59.0,61.0,60,96.04,31,ep? s1000
1788359129,22:25:29,73.0,64.0,65.0,60,96.26,30,ep? s1000
1788359134,22:25:34,70.0,59.0,59.0,60,95.94,31,ep? s1000
1788359139,22:25:39,70.0,62.0,70.0,60,94.73,30,ep? s1000
1788359145,22:25:45,69.0,61.0,62.0,60,95.92,33,ep? s1050
1788359150,22:25:50,69.0,62.0,66.0,61,94.59,22,ep? s1050
1788359155,22:25:55,69.0,62.0,63.0,61,95.70,27,ep? s1050
1788359160,22:26:00,69.0,60.0,63.0,61,95.74,31,ep? s1050
1788359165,22:26:05,67.0,66.0,63.0,60,95.85,28,ep? s1050
1788359170,22:26:10,67.0,59.0,61.0,61,95.64,30,ep? s1050
1788359175,22:26:15,70.0,60.0,63.0,60,95.55,30,ep? s1050
1788359181,22:26:21,67.0,62.0,63.0,60,95.53,29,ep? s1050
1788359186,22:26:26,67.0,58.0,62.0,60,95.99,30,ep? s1050
1788359191,22:26:31,70.0,60.0,65.0,60,95.79,29,ep? s1050
1788359196,22:26:36,69.0,59.0,63.0,60,95.72,30,ep? s1100
1788359201,22:26:41,69.0,58.0,63.0,60,95.76,30,ep? s1100
1788359206,22:26:46,69.0,61.0,63.0,60,92.84,30,ep? s1100
1788359211,22:26:51,70.0,60.0,63.0,60,95.37,30,ep? s1100
1788359216,22:26:56,69.0,57.0,63.0,60,95.60,30,ep? s1100
1788359221,22:27:01,69.0,59.0,61.0,60,95.79,30,ep? s1100
1788359226,22:27:06,67.0,60.0,61.0,61,94.00,30,ep? s1100
1788359231,22:27:11,69.0,60.0,61.0,61,95.18,30,ep? s1100
1788359236,22:27:16,73.0,60.0,61.0,60,95.32,31,ep? s1100
1788359241,22:27:21,69.0,60.0,61.0,60,95.55,30,ep? s1100
1788359246,22:27:26,67.0,58.0,61.0,61,94.38,31,ep? s1150
1788359251,22:27:31,70.0,58.0,61.0,61,95.41,30,ep? s1150
1788359256,22:27:36,69.0,61.0,63.0,61,95.63,28,ep? s1150
1788359261,22:27:41,70.0,59.0,63.0,61,95.62,31,ep? s1150
1788359266,22:27:46,70.0,59.0,63.0,61,95.78,24,ep? s1150
1788359272,22:27:52,70.0,61.0,65.0,61,97.57,25,ep? s1150
1788359277,22:27:57,67.0,59.0,62.0,61,94.82,21,ep? s1150
1788359282,22:28:02,65.0,59.0,65.0,61,89.26,24,ep? s1150
1788359287,22:28:07,65.0,58.0,65.0,61,97.22,25,ep? s1150
1788359292,22:28:12,65.0,58.0,61.0,60,94.79,34,ep? s1150
1788359297,22:28:17,71.0,59.0,61.0,60,94.79,25,ep? s1200
1788359302,22:28:22,71.0,59.0,65.0,60,95.59,34,ep? s1200
1788359307,22:28:27,71.0,60.0,62.0,60,95.11,35,ep? s1200
1788359312,22:28:32,71.0,62.0,63.0,61,98.30,29,ep? s1200
1788359317,22:28:37,69.0,58.0,63.0,61,98.30,35,ep? s1200
1788359322,22:28:42,69.0,61.0,63.0,62,96.68,30,ep? s1200
1788359327,22:28:47,67.0,60.0,62.0,61,95.71,29,ep? s1200
1788359332,22:28:52,69.0,62.0,63.0,61,97.77,34,ep? s1200
1788359337,22:28:57,67.0,60.0,63.0,60,95.61,30,ep? s1200
1788359342,22:29:02,75.0,62.0,63.0,60,95.85,30,ep? s1200
1788359347,22:29:07,70.0,64.0,63.0,60,96.14,29,ep? s1250
1788359352,22:29:12,70.0,60.0,63.0,61,96.08,30,ep? s1250
1788359357,22:29:17,69.0,59.0,69.0,61,95.48,30,ep? s1250
1788359363,22:29:23,67.0,59.0,65.0,61,95.76,30,ep? s1250
1788359368,22:29:28,70.0,61.0,63.0,61,95.97,30,ep? s1250
1788359373,22:29:33,67.0,61.0,63.0,61,95.73,30,ep? s1250
1788359378,22:29:38,66.0,58.0,65.0,61,95.52,30,ep? s1250
1788359383,22:29:43,67.0,61.0,63.0,61,95.98,31,ep? s1250
1788359388,22:29:48,67.0,60.0,63.0,61,95.71,30,ep? s1250
1788359393,22:29:53,72.0,61.0,63.0,61,95.59,31,ep? s1250
1788359398,22:29:58,69.0,61.0,63.0,61,95.63,28,ep? s1300
1788359403,22:30:03,69.0,61.0,62.0,61,96.99,25,ep? s1300
1788359408,22:30:08,70.0,62.0,67.0,61,97.73,33,ep? s1300
1788359413,22:30:13,69.0,62.0,65.0,61,95.82,23,ep? s1300
1788359418,22:30:18,67.0,60.0,63.0,61,94.65,18,ep? s1300
1788359423,22:30:23,68.0,61.0,62.0,61,94.93,34,ep? s1300
1788359428,22:30:28,73.0,73.0,65.0,61,95.11,25,ep? s1300
1788359433,22:30:33,71.0,59.0,63.0,60,95.04,34,ep? s1300
1788359438,22:30:38,72.0,60.0,62.0,60,94.78,34,ep? s1300
1788359443,22:30:43,71.0,58.0,62.0,61,98.52,29,ep? s1300
1788359448,22:30:48,72.0,64.0,63.0,61,98.58,35,ep? s1350
1788359453,22:30:53,71.0,61.0,71.0,61,98.66,29,ep? s1350
1788359458,22:30:58,82.0,59.0,82.0,61,95.49,30,ep? s1350
1788359464,22:31:04,68.0,59.0,63.0,61,95.98,29,ep? s1350
1788359469,22:31:09,67.0,57.0,61.0,61,95.80,29,ep? s1350
1788359474,22:31:14,69.0,57.0,62.0,61,95.65,28,ep? s1350
1788359479,22:31:19,67.0,58.0,62.0,61,96.17,30,ep? s1350
1788359484,22:31:24,67.0,58.0,59.0,61,96.87,29,ep? s1350
1788359489,22:31:29,67.0,59.0,61.0,61,95.64,27,ep? s1350
1788359494,22:31:34,67.0,59.0,61.0,61,96.45,28,ep? s1350
1788359500,22:31:40,67.0,60.0,61.0,61,97.28,28,ep? s1400
1788359505,22:31:45,67.0,64.0,61.0,61,94.99,27,ep? s1400
1788359510,22:31:50,68.0,61.0,63.0,61,95.08,33,ep? s1400
1788359515,22:31:55,69.0,59.0,62.0,60,95.00,34,ep? s1400
1788359520,22:32:00,74.0,60.0,61.0,60,95.42,33,ep? s1400
1788359525,22:32:05,73.0,60.0,61.0,61,95.05,35,ep? s1400
1788359530,22:32:10,71.0,58.0,61.0,61,98.62,29,ep? s1400
1788359535,22:32:15,71.0,61.0,59.0,61,98.44,30,ep? s1400
1788359540,22:32:20,67.0,59.0,59.0,61,95.87,30,ep? s1400
1788359545,22:32:25,69.0,65.0,59.0,61,95.90,30,ep? s1400
1788359550,22:32:30,67.0,58.0,58.0,61,96.12,30,ep? s1400
1788359555,22:32:35,69.0,59.0,61.0,61,95.99,30,ep? s1450
1788359560,22:32:40,69.0,58.0,61.0,61,95.98,30,ep? s1450
1788359565,22:32:45,67.0,59.0,59.0,61,96.25,30,ep? s1450
1788359570,22:32:50,67.0,59.0,59.0,61,96.07,30,ep? s1450
1788359575,22:32:55,70.0,59.0,61.0,61,96.01,31,ep? s1450
1788359580,22:33:00,69.0,59.0,61.0,61,96.05,30,ep? s1450
1788359585,22:33:05,67.0,58.0,61.0,61,95.96,30,ep? s1450
1788359590,22:33:10,69.0,59.0,61.0,61,96.10,29,ep? s1450
1788359595,22:33:15,81.0,67.0,61.0,61,95.86,28,ep? s1450
1788359601,22:33:21,70.0,58.0,62.0,61,96.06,31,ep? s1450
1788359606,22:33:26,66.0,58.0,62.0,61,97.24,28,ep? s1500
1788359611,22:33:31,65.0,60.0,62.0,61,95.52,17,ep? s1500
1788359616,22:33:36,69.0,60.0,62.0,61,94.95,33,ep? s1500
1788359621,22:33:41,67.0,59.0,62.0,61,94.45,18,ep? s1500
1788359626,22:33:46,78.0,61.0,63.0,60,94.89,33,ep? s1500
1788359631,22:33:51,68.0,61.0,63.0,60,95.16,34,ep? s1500
1788359636,22:33:56,75.0,62.0,63.0,61,95.14,33,ep? s1500
1788359641,22:34:01,72.0,65.0,62.0,61,95.27,34,ep? s1500
1788359646,22:34:06,73.0,61.0,63.0,61,98.16,30,ep? s1500
1788359651,22:34:11,72.0,60.0,63.0,61,97.74,30,ep? s1500
1788359656,22:34:16,67.0,60.0,61.0,61,95.91,29,ep? s1550
1788359661,22:34:21,69.0,64.0,63.0,61,95.65,29,ep? s1550
1788359666,22:34:26,69.0,61.0,62.0,61,95.83,30,ep? s1550
1788359671,22:34:31,75.0,60.0,61.0,61,95.94,30,ep? s1550
1788359676,22:34:36,67.0,60.0,67.0,61,95.88,30,ep? s1550
1788359681,22:34:41,76.0,76.0,63.0,61,95.93,30,ep? s1550
1788359686,22:34:46,70.0,62.0,63.0,61,94.55,31,ep? s1550
1788359691,22:34:51,71.0,64.0,65.0,61,95.61,30,ep? s1550
1788359697,22:34:57,70.0,61.0,63.0,61,95.93,30,ep? s1550
1788359702,22:35:02,71.0,62.0,59.0,61,96.00,30,ep? s1550
1788359707,22:35:07,67.0,58.0,62.0,61,94.80,30,ep? s1600
1788359712,22:35:12,70.0,63.0,62.0,61,92.28,30,ep? s1600
1788359717,22:35:17,70.0,61.0,63.0,61,94.71,30,ep? s1600
1788359722,22:35:22,67.0,61.0,61.0,61,96.28,31,ep? s1600
1788359727,22:35:27,69.0,61.0,61.0,61,95.83,30,ep? s1600
1788359732,22:35:32,70.0,62.0,62.0,61,95.64,31,ep? s1600
1788359737,22:35:37,69.0,59.0,61.0,61,95.81,29,ep? s1600
1788359742,22:35:42,70.0,68.0,61.0,61,97.64,25,ep? s1600
1788359747,22:35:47,69.0,59.0,61.0,61,96.99,28,ep? s1600
1788359752,22:35:52,68.0,61.0,62.0,61,95.18,25,ep? s1600
1788359757,22:35:57,71.0,61.0,63.0,61,95.94,33,ep? s1650
1788359762,22:36:02,69.0,60.0,62.0,61,95.25,25,ep? s1650
1788359767,22:36:07,71.0,62.0,62.0,61,95.65,32,ep? s1650
1788359772,22:36:12,68.0,59.0,61.0,60,95.12,34,ep? s1650
1788359778,22:36:18,69.0,59.0,59.0,61,95.99,30,ep? s1650
1788359783,22:36:23,69.0,60.0,63.0,61,94.62,30,ep? s1650
1788359788,22:36:28,85.0,62.0,65.0,61,96.22,30,ep? s1650
1788359793,22:36:33,70.0,60.0,62.0,61,96.06,30,ep? s1650
1788359798,22:36:38,69.0,60.0,59.0,61,96.11,30,ep? s1650
1788359803,22:36:43,69.0,59.0,61.0,61,96.01,30,ep? s1650
1788359808,22:36:48,70.0,64.0,59.0,61,95.92,30,ep? s1700
1788359813,22:36:53,67.0,59.0,62.0,61,96.13,30,ep? s1700
1788359819,22:36:59,67.0,60.0,62.0,61,96.52,30,ep? s1700
1788359824,22:37:04,69.0,61.0,62.0,61,96.25,28,ep? s1700
1788359829,22:37:09,69.0,61.0,63.0,61,95.99,31,ep? s1700
1788359834,22:37:14,67.0,61.0,61.0,61,97.77,28,ep? s1700
1788359839,22:37:19,70.0,62.0,63.0,61,98.04,25,ep? s1700
1788359844,22:37:24,65.0,60.0,72.0,61,95.94,33,ep? s1700
1788359849,22:37:29,68.0,62.0,62.0,61,95.25,25,ep? s1700
1788359854,22:37:34,75.0,62.0,66.0,61,95.40,32,ep? s1700
1788359859,22:37:39,82.0,68.0,62.0,61,95.35,35,ep? s1750
1788359864,22:37:44,73.0,59.0,61.0,61,95.43,35,ep? s1750
1788359869,22:37:49,71.0,59.0,62.0,61,95.55,33,ep? s1750
1788359874,22:37:54,71.0,58.0,62.0,61,97.81,34,ep? s1750
1788359879,22:37:59,71.0,60.0,65.0,61,98.46,29,ep? s1750
1788359884,22:38:04,69.0,59.0,63.0,61,96.06,30,ep? s1750
1788359889,22:38:09,70.0,59.0,63.0,61,95.86,29,ep? s1750
1788359894,22:38:14,70.0,60.0,63.0,61,95.83,30,ep? s1750
1788359899,22:38:19,70.0,61.0,62.0,61,96.17,30,ep? s1750
1788359904,22:38:24,69.0,59.0,61.0,61,96.08,30,ep? s1750
1788359909,22:38:29,71.0,60.0,65.0,61,96.22,30,ep? s1800
1788359914,22:38:34,69.0,57.0,62.0,61,96.58,30,ep? s1800
1788359920,22:38:40,70.0,60.0,62.0,61,96.43,30,ep? s1800
1788359925,22:38:45,69.0,61.0,61.0,61,96.28,30,ep? s1800
1788359930,22:38:50,69.0,60.0,61.0,61,96.01,30,ep? s1800
1788359935,22:38:55,69.0,59.0,61.0,61,94.77,31,ep? s1800
1788359940,22:39:00,70.0,60.0,63.0,61,95.90,29,ep? s1800
1788359945,22:39:05,70.0,62.0,62.0,61,96.20,30,ep? s1800
1788359950,22:39:10,70.0,67.0,66.0,61,96.78,29,ep? s1800
1788359955,22:39:15,69.0,59.0,63.0,61,96.45,27,ep? s1800
1788359960,22:39:20,69.0,60.0,63.0,61,96.09,25,ep? s1850
1788359965,22:39:25,69.0,59.0,61.0,61,97.96,28,ep? s1850
1788359970,22:39:30,68.0,60.0,65.0,61,97.52,24,ep? s1850
1788359975,22:39:35,69.0,61.0,65.0,61,95.40,33,ep? s1850
1788359980,22:39:40,74.0,59.0,65.0,61,95.57,25,ep? s1850
1788359985,22:39:45,69.0,59.0,63.0,61,95.47,33,ep? s1850
1788359990,22:39:50,74.0,59.0,63.0,61,94.68,35,ep? s1850
1788359995,22:39:55,74.0,60.0,62.0,61,95.46,33,ep? s1850
1788360000,22:40:00,73.0,61.0,65.0,61,94.40,35,ep? s1850
1788360005,22:40:05,72.0,60.0,63.0,61,98.45,30,ep? s1850
1788360011,22:40:11,70.0,59.0,62.0,61,94.98,30,ep? s1900
1788360016,22:40:16,70.0,59.0,62.0,62,95.99,29,ep? s1900
1788360021,22:40:21,70.0,59.0,63.0,61,98.15,30,ep? s1900
1788360026,22:40:26,69.0,60.0,63.0,63,95.84,30,ep? s1900
1788360031,22:40:31,69.0,59.0,62.0,63,95.58,30,ep? s1900
1788360036,22:40:36,69.0,60.0,61.0,61,93.60,30,ep? s1900
1788360041,22:40:41,70.0,60.0,61.0,61,95.67,30,ep? s1900
1788360046,22:40:46,67.0,64.0,59.0,61,95.53,30,ep? s1900
1788360051,22:40:51,68.0,59.0,65.0,61,95.56,30,ep? s1900
1788360056,22:40:56,68.0,61.0,61.0,61,96.14,30,ep? s1900
1788360061,22:41:01,69.0,61.0,61.0,61,95.48,30,ep? s1950
1788360066,22:41:06,81.0,66.0,63.0,61,94.63,30,ep? s1950
1788360071,22:41:11,70.0,67.0,63.0,61,96.31,30,ep? s1950
1788360076,22:41:16,68.0,61.0,62.0,61,94.75,31,ep? s1950
1788360082,22:41:22,75.0,61.0,62.0,61,95.36,33,ep? s1950
1788360087,22:41:27,71.0,60.0,63.0,60,94.97,35,ep? s1950
1788360092,22:41:32,71.0,60.0,63.0,61,95.22,33,ep? s1950
1788360097,22:41:37,73.0,62.0,66.0,61,97.17,34,ep? s1950
1788360102,22:41:42,71.0,60.0,62.0,61,98.60,29,ep? s1950
1788360107,22:41:47,71.0,61.0,62.0,61,95.40,34,ep? s1950
1788360112,22:41:52,68.0,61.0,62.0,61,96.05,31,ep? s2000
1788360117,22:41:57,73.0,60.0,62.0,61,98.83,29,ep? s2000
1788360123,22:42:03,67.0,60.0,62.0,63,96.95,32,ep? s2000
1788360128,22:42:08,67.0,60.0,61.0,61,95.96,29,ep? s2000
1788360133,22:42:13,68.0,61.0,63.0,61,96.10,30,ep? s2000
1788360138,22:42:18,68.0,61.0,63.0,61,95.79,30,ep? s2000
1788360143,22:42:23,69.0,61.0,63.0,61,95.85,30,ep? s2000
1788360148,22:42:28,68.0,61.0,63.0,61,95.86,30,ep? s2000
1788360153,22:42:33,68.0,60.0,62.0,61,96.15,30,ep? s2000
1788360158,22:42:38,67.0,62.0,62.0,61,95.76,30,ep? s2000
1788360163,22:42:43,68.0,61.0,62.0,61,94.36,30,ep? s2050
1788360168,22:42:48,66.0,60.0,62.0,61,95.81,30,ep? s2050
1788360173,22:42:53,69.0,62.0,62.0,61,96.15,31,ep? s2050
1788360178,22:42:58,68.0,61.0,62.0,61,95.73,30,ep? s2050
1788360183,22:43:03,68.0,61.0,62.0,61,94.24,32,ep? s2050
1788360188,22:43:08,68.0,61.0,61.0,61,95.88,30,ep? s2050
1788360193,22:43:13,68.0,61.0,62.0,61,95.99,28,ep? s2050
1788360198,22:43:18,69.0,61.0,62.0,61,95.85,31,ep? s2050
1788360203,22:43:23,73.0,63.0,65.0,61,94.55,19,ep? s2050
1788360208,22:43:28,68.0,61.0,63.0,61,97.33,24,ep? s2050
1788360214,22:43:34,67.0,64.0,63.0,61,95.57,20,ep? s2100
1788360219,22:43:39,74.0,67.0,65.0,62,94.83,25,ep? s2100
1788360224,22:43:44,68.0,61.0,65.0,61,95.01,33,ep? s2100
1788360229,22:43:49,74.0,61.0,65.0,61,95.06,35,ep? s2100
1788360234,22:43:54,72.0,68.0,63.0,61,95.24,33,ep? s2100
1788360239,22:43:59,82.0,66.0,62.0,61,98.35,35,ep? s2100
1788360244,22:44:04,72.0,60.0,63.0,61,96.86,30,ep? s2100
1788360249,22:44:09,69.0,61.0,63.0,61,95.73,30,ep? s2100
1788360254,22:44:14,67.0,62.0,63.0,61,98.62,35,ep? s2100
1788360259,22:44:19,68.0,60.0,62.0,63,95.24,30,ep? s2100
1788360264,22:44:24,69.0,68.0,63.0,61,96.13,30,ep? s2150
1788360269,22:44:29,69.0,62.0,63.0,61,95.96,29,ep? s2150
1788360274,22:44:34,71.0,62.0,71.0,61,95.84,30,ep? s2150
1788360279,22:44:39,67.0,58.0,59.0,61,95.79,30,ep? s2150
1788360284,22:44:44,67.0,60.0,62.0,61,96.15,31,ep? s2150
1788360289,22:44:49,69.0,60.0,63.0,61,96.11,30,ep? s2150
1788360294,22:44:54,72.0,60.0,72.0,61,95.95,30,ep? s2150
1788360299,22:44:59,68.0,60.0,62.0,61,95.98,30,ep? s2150
1788360304,22:45:04,68.0,61.0,62.0,61,95.91,30,ep? s2150
1788360309,22:45:09,68.0,60.0,62.0,61,95.95,31,ep? s2150
1788360315,22:45:15,67.0,60.0,61.0,61,96.06,30,ep? s2200
1788360320,22:45:20,68.0,61.0,62.0,61,95.89,32,ep? s2200
1788360325,22:45:25,67.0,64.0,61.0,61,95.95,28,ep? s2200
1788360330,22:45:30,69.0,62.0,65.0,61,96.18,33,ep? s2200
1788360335,22:45:35,67.0,59.0,63.0,61,94.58,29,ep? s2200
1788360340,22:45:40,68.0,62.0,66.0,61,95.80,27,ep? s2200
1788360345,22:45:45,64.0,61.0,61.0,61,95.90,33,ep? s2200
1788360350,22:45:50,68.0,62.0,63.0,61,97.47,27,ep? s2200
1788360355,22:45:55,69.0,58.0,62.0,61,94.62,27,ep? s2200
1788360360,22:46:00,72.0,59.0,59.0,61,95.31,33,ep? s2200
1788360365,22:46:05,72.0,61.0,61.0,61,95.12,34,ep? s2250
1788360370,22:46:10,73.0,60.0,61.0,61,98.68,29,ep? s2250
1788360375,22:46:15,71.0,59.0,59.0,61,98.48,35,ep? s2250
1788360380,22:46:20,72.0,61.0,62.0,61,98.49,29,ep? s2250
1788360386,22:46:26,82.0,62.0,82.0,61,96.09,30,ep? s2250
1788360391,22:46:31,68.0,62.0,61.0,61,95.81,30,ep? s2250
1788360396,22:46:36,73.0,61.0,59.0,61,95.69,33,ep? s2250
1788360401,22:46:41,68.0,61.0,61.0,61,96.21,29,ep? s2250
1788360406,22:46:46,82.0,62.0,69.0,61,96.27,30,ep? s2250
1788360411,22:46:51,68.0,60.0,65.0,61,97.23,28,ep? s2250
1788360416,22:46:56,76.0,61.0,65.0,61,96.25,27,ep? s2300
1788360421,22:47:01,68.0,62.0,65.0,61,96.34,31,ep? s2300
1788360426,22:47:06,72.0,61.0,70.0,61,97.58,28,ep? s2300
1788360431,22:47:11,67.0,57.0,61.0,62,95.18,25,ep? s2300
1788360436,22:47:16,76.0,65.0,69.0,61,95.23,33,ep? s2300
1788360441,22:47:21,72.0,59.0,65.0,61,95.15,25,ep? s2300
1788360446,22:47:26,68.0,66.0,67.0,61,95.49,33,ep? s2300
1788360452,22:47:32,78.0,59.0,63.0,61,95.21,35,ep? s2300
1788360457,22:47:37,67.0,63.0,65.0,61,95.30,31,ep? s2300
1788360462,22:47:42,72.0,59.0,63.0,61,95.18,34,ep? s2300
1788360467,22:47:47,81.0,62.0,70.0,61,96.52,31,ep? s2350
1788360472,22:47:52,69.0,62.0,59.0,61,97.22,30,ep? s2350
1788360477,22:47:57,76.0,62.0,63.0,61,95.67,30,ep? s2350
1788360482,22:48:02,87.0,62.0,63.0,61,95.81,30,ep? s2350
1788360487,22:48:07,78.0,61.0,70.0,61,95.56,30,ep? s2350
1788360492,22:48:12,69.0,62.0,62.0,61,95.89,30,ep? s2350
1788360497,22:48:17,75.0,62.0,69.0,61,96.12,29,ep7
1788360502,22:48:22,68.0,60.0,63.0,61,96.32,30,ep7
1788360507,22:48:27,74.0,74.0,61.0,61,96.26,30,ep7
1788360512,22:48:32,69.0,59.0,62.0,61,95.99,28,ep7
1788360517,22:48:37,77.0,62.0,61.0,61,96.17,30,ep7
1788360522,22:48:42,67.0,60.0,62.0,61,97.34,27,ep7
1788360527,22:48:47,82.0,59.0,82.0,61,95.19,33,ep7
1788360532,22:48:52,72.0,59.0,62.0,61,95.12,33,ep7
1788360537,22:48:57,82.0,61.0,63.0,61,98.59,29,ep7
1788360542,22:49:02,72.0,61.0,65.0,61,95.74,34,ep7
1788360547,22:49:07,75.0,60.0,67.0,61,95.46,29,ep7
1788360553,22:49:13,66.0,59.0,63.0,62,95.97,30,ep7
1788360558,22:49:18,83.0,62.0,67.0,61,95.10,29,ep7
1788360563,22:49:23,74.0,62.0,61.0,61,95.98,29,ep7
1788360568,22:49:28,77.0,62.0,65.0,61,96.25,30,ep7
1788360573,22:49:33,77.0,62.0,63.0,61,95.78,30,ep7
1788360578,22:49:38,76.0,76.0,63.0,61,95.75,30,ep7
1788360583,22:49:43,68.0,61.0,65.0,61,96.20,30,ep7
1788360588,22:49:48,87.0,60.0,87.0,61,92.48,30,ep7
1788360593,22:49:53,67.0,59.0,62.0,61,95.67,34,ep7
1788360598,22:49:58,78.0,60.0,63.0,61,95.80,30,ep7
1788360603,22:50:03,66.0,60.0,61.0,61,96.19,33,ep7
1788360608,22:50:08,69.0,66.0,65.0,61,96.19,31,ep7
1788360613,22:50:13,68.0,59.0,61.0,61,97.33,24,ep7
1788360618,22:50:18,86.0,61.0,63.0,61,95.80,30,ep7
1788360623,22:50:23,69.0,60.0,69.0,61,95.77,24,ep7
1788360628,22:50:28,80.0,72.0,63.0,62,97.34,27,ep7
1788360633,22:50:33,72.0,61.0,61.0,61,94.37,35,ep7
1788360638,22:50:38,73.0,73.0,62.0,61,94.76,32,ep7
1788360643,22:50:43,72.0,60.0,61.0,61,94.47,26,ep7
1788360648,22:50:48,79.0,59.0,61.0,61,98.27,29,ep7
1788360654,22:50:54,68.0,59.0,61.0,62,94.41,30,ep7
1788360659,22:50:59,80.0,70.0,61.0,61,95.84,29,ep7
1788360664,22:51:04,69.0,60.0,62.0,61,95.50,30,ep7
1788360669,22:51:09,69.0,64.0,61.0,61,95.60,30,ep7
1788360674,22:51:14,67.0,60.0,62.0,61,95.83,30,ep7
1788360679,22:51:19,70.0,70.0,65.0,61,95.75,30,ep7
1788360684,22:51:24,68.0,61.0,62.0,61,96.04,30,ep7
1788360690,22:51:30,70.0,62.0,63.0,61,96.01,28,ep7
1788360695,22:51:35,70.0,61.0,63.0,61,96.15,19,ep7
1788360700,22:51:40,70.0,62.0,63.0,61,97.01,28,ep7
1788360705,22:51:45,68.0,59.0,62.0,61,97.41,24,ep7
1788360710,22:51:50,69.0,59.0,62.0,61,94.89,33,ep7
1788360715,22:51:55,68.0,62.0,65.0,61,95.54,23,ep7
1788360720,22:52:00,67.0,59.0,62.0,61,88.25,30,ep7
1788360725,22:52:05,72.0,59.0,62.0,61,95.02,34,ep7
1788360730,22:52:10,72.0,61.0,62.0,61,98.27,29,ep7
1788360735,22:52:15,72.0,61.0,63.0,61,95.28,34,ep7
1788360740,22:52:20,86.0,61.0,67.0,61,97.33,29,ep7
1788360745,22:52:25,72.0,60.0,62.0,61,98.93,30,ep7
1788360750,22:52:30,72.0,60.0,62.0,61,98.33,35,ep7
1788360755,22:52:35,69.0,61.0,61.0,61,98.36,30,ep7
1788360761,22:52:41,69.0,61.0,63.0,61,98.32,35,ep7
1788360766,22:52:46,69.0,60.0,61.0,61,95.95,29,ep7
1788360771,22:52:51,69.0,59.0,63.0,61,95.75,30,ep7
1788360776,22:52:56,69.0,59.0,63.0,61,95.52,30,ep7
1788360781,22:53:01,68.0,59.0,62.0,61,95.55,29,ep7
1788360786,22:53:06,67.0,59.0,63.0,61,95.75,30,ep7
1788360791,22:53:11,69.0,60.0,63.0,61,95.68,30,ep7
1788360796,22:53:16,68.0,59.0,61.0,61,95.62,30,ep7
1788360801,22:53:21,69.0,60.0,67.0,61,95.94,30,ep7
1788360806,22:53:26,68.0,60.0,59.0,61,95.99,30,ep7
1788360811,22:53:31,69.0,59.0,62.0,61,95.61,30,ep7
1788360816,22:53:36,68.0,61.0,61.0,61,95.52,30,ep7
1788360821,22:53:41,69.0,62.0,61.0,61,95.81,30,ep7
1788360826,22:53:46,68.0,61.0,61.0,61,95.51,31,ep7
1788360831,22:53:51,68.0,61.0,61.0,61,95.65,28,ep7
1788360836,22:53:56,70.0,62.0,63.0,61,95.98,31,ep7
1788360841,22:54:01,70.0,60.0,62.0,61,97.53,29,ep7
1788360846,22:54:06,70.0,62.0,61.0,61,94.99,17,ep7
1788360851,22:54:11,66.0,59.0,61.0,61,95.89,32,ep7
1788360857,22:54:17,71.0,60.0,59.0,61,94.74,17,ep7
1788360862,22:54:22,75.0,61.0,62.0,61,95.52,33,ep7
1788360867,22:54:27,70.0,61.0,62.0,60,95.43,34,ep7
1788360872,22:54:32,73.0,67.0,63.0,61,95.28,33,ep7
1788360877,22:54:37,72.0,61.0,62.0,61,95.38,34,ep7
1788360882,22:54:42,75.0,60.0,62.0,61,98.32,30,ep7
1788360887,22:54:47,70.0,68.0,63.0,61,95.85,29,ep7
1788360892,22:54:52,68.0,65.0,65.0,62,94.72,29,ep7
1788360897,22:54:57,67.0,60.0,59.0,62,96.06,29,ep7
1788360902,22:55:02,69.0,62.0,63.0,61,95.66,30,ep7
1788360907,22:55:07,68.0,62.0,65.0,61,95.85,30,ep7
1788360912,22:55:12,69.0,66.0,63.0,61,95.70,30,ep7
1788360917,22:55:17,67.0,60.0,62.0,61,95.49,30,ep7
1788360922,22:55:22,70.0,61.0,70.0,61,95.76,30,ep7
1788360927,22:55:27,69.0,61.0,62.0,61,95.60,30,ep7
1788360932,22:55:32,68.0,65.0,63.0,61,95.64,30,ep7
1788360937,22:55:37,68.0,58.0,70.0,61,96.29,30,ep7
1788360942,22:55:42,67.0,62.0,63.0,61,95.91,30,ep7
1788360948,22:55:48,69.0,69.0,63.0,61,95.82,30,ep7
1788360953,22:55:53,69.0,67.0,63.0,61,96.01,30,ep7
1788360958,22:55:58,69.0,61.0,63.0,61,95.87,31,ep7
1788360963,22:56:03,68.0,61.0,62.0,61,95.82,30,ep7
1788360968,22:56:08,68.0,61.0,61.0,61,94.70,31,ep7
1788360973,22:56:13,69.0,62.0,61.0,61,96.07,30,ep7
1788360978,22:56:18,68.0,59.0,61.0,61,97.11,25,ep7
1788360983,22:56:23,68.0,60.0,62.0,61,95.76,31,ep7
1788360988,22:56:28,68.0,62.0,63.0,61,95.24,24,ep7
1788360994,22:56:34,67.0,60.0,65.0,61,95.97,30,ep7
1788360999,22:56:39,67.0,62.0,63.0,61,95.83,29,ep7
1788361004,22:56:44,68.0,61.0,63.0,61,95.64,30,ep7
1788361009,22:56:49,90.0,68.0,71.0,61,95.88,30,ep7
1788361014,22:56:54,67.0,61.0,63.0,61,95.92,31,ep7
1788361019,22:56:59,69.0,68.0,63.0,61,96.08,30,ep7
1788361024,22:57:04,69.0,61.0,63.0,61,96.09,30,ep7
1788361029,22:57:09,68.0,61.0,63.0,61,96.16,30,ep7
1788361034,22:57:14,68.0,62.0,61.0,61,95.98,30,ep7
1788361039,22:57:19,68.0,59.0,61.0,61,96.13,31,ep7
1788361044,22:57:24,68.0,60.0,62.0,61,96.13,30,ep7
1788361049,22:57:29,68.0,60.0,62.0,61,95.93,34,ep7
1788361054,22:57:34,70.0,61.0,62.0,61,96.17,30,ep7
1788361059,22:57:39,69.0,60.0,63.0,61,96.22,30,ep7
1788361064,22:57:44,71.0,64.0,63.0,61,96.28,30,ep7
1788361069,22:57:49,69.0,62.0,63.0,61,96.09,28,ep7
1788361074,22:57:54,69.0,62.0,63.0,61,95.78,31,ep7
1788361080,22:58:00,69.0,64.0,63.0,61,95.95,28,ep7
1788361085,22:58:05,69.0,62.0,65.0,61,94.76,17,ep7
1788361090,22:58:10,69.0,60.0,63.0,61,96.49,29,ep7
1788361095,22:58:15,68.0,59.0,65.0,61,98.11,27,ep7
1788361100,22:58:20,67.0,60.0,63.0,61,96.24,31,ep7
1788361105,22:58:25,68.0,61.0,63.0,61,94.64,33,ep7
1788361110,22:58:30,78.0,64.0,65.0,61,95.28,27,ep7
1788361115,22:58:35,72.0,60.0,63.0,61,95.53,33,ep7
1788361120,22:58:40,71.0,59.0,63.0,61,95.90,35,ep7
1788361125,22:58:45,73.0,64.0,63.0,61,95.57,33,ep7
1788361130,22:58:50,71.0,59.0,63.0,61,98.87,35,ep7
1788361135,22:58:55,74.0,62.0,69.0,61,98.82,29,ep7
1788361140,22:59:00,68.0,61.0,62.0,62,96.09,30,ep7
1788361145,22:59:05,67.0,61.0,62.0,62,96.04,30,ep7
1788361150,22:59:10,69.0,61.0,63.0,61,95.84,30,ep7
1788361155,22:59:15,69.0,60.0,63.0,61,95.63,30,ep7
1788361160,22:59:20,68.0,59.0,63.0,61,95.84,30,ep7
1788361165,22:59:25,68.0,61.0,63.0,61,96.13,30,ep7
1788361170,22:59:30,69.0,61.0,65.0,61,95.77,30,ep7
1788361176,22:59:36,68.0,61.0,71.0,61,95.55,31,ep7
1788361181,22:59:41,69.0,61.0,65.0,61,94.70,30,ep7
1788361186,22:59:46,70.0,61.0,63.0,61,96.15,30,ep7
1788361191,22:59:51,69.0,62.0,63.0,61,96.06,30,ep7
1788361196,22:59:56,69.0,61.0,63.0,61,95.97,31,ep7
1788361201,23:00:01,74.0,61.0,74.0,61,94.93,30,ep7
1788361206,23:00:06,69.0,62.0,63.0,61,95.98,30,ep7
1788361211,23:00:11,70.0,66.0,65.0,61,96.31,31,ep7
1788361216,23:00:16,70.0,68.0,65.0,61,91.72,30,ep7
1788361221,23:00:21,67.0,61.0,63.0,61,95.93,32,ep7
1788361226,23:00:26,69.0,61.0,63.0,61,96.02,28,ep7
1788361231,23:00:31,68.0,68.0,65.0,61,96.05,27,ep7
1788361236,23:00:36,69.0,61.0,63.0,61,96.11,28,ep7
1788361241,23:00:41,69.0,61.0,65.0,61,97.50,27,ep7
1788361246,23:00:46,67.0,62.0,63.0,61,96.98,27,ep7
1788361251,23:00:51,65.0,59.0,62.0,61,97.61,28,ep7
1788361256,23:00:56,67.0,61.0,63.0,62,95.28,26,ep7
1788361261,23:01:01,65.0,59.0,63.0,61,95.03,33,ep7
1788361267,23:01:07,72.0,62.0,62.0,61,95.42,35,ep7
1788361272,23:01:12,73.0,62.0,65.0,61,95.31,33,ep7
1788361277,23:01:17,71.0,60.0,63.0,61,98.77,35,ep7
1788361282,23:01:22,73.0,60.0,63.0,61,98.63,30,ep7
1788361287,23:01:27,71.0,57.0,62.0,61,98.19,30,ep7
1788361292,23:01:32,67.0,59.0,61.0,62,96.15,29,ep7
1788361298,23:01:38,69.0,60.0,63.0,61,96.17,30,ep7
1788361303,23:01:43,69.0,58.0,63.0,61,96.26,30,ep7
1788361308,23:01:48,67.0,59.0,62.0,61,96.24,30,ep7
1788361313,23:01:53,67.0,58.0,61.0,61,96.28,31,ep7
1788361318,23:01:58,70.0,61.0,63.0,61,96.02,28,ep7
1788361323,23:02:03,70.0,59.0,59.0,61,95.92,31,ep7
1788361328,23:02:08,68.0,59.0,61.0,61,97.43,29,ep7
1788361333,23:02:13,68.0,59.0,62.0,61,97.26,25,ep7
1788361338,23:02:18,67.0,61.0,62.0,61,97.36,28,ep7
1788361343,23:02:23,71.0,61.0,59.0,62,96.18,23,ep7
1788361348,23:02:28,72.0,72.0,61.0,62,97.94,25,ep7
1788361353,23:02:33,74.0,58.0,61.0,61,94.80,34,ep7
1788361358,23:02:38,72.0,59.0,62.0,61,95.52,25,ep7
1788361363,23:02:43,73.0,60.0,62.0,61,94.85,26,ep7
1788361368,23:02:48,71.0,57.0,61.0,61,95.45,35,ep7
1788361373,23:02:53,72.0,65.0,61.0,61,95.76,29,ep7
1788361378,23:02:58,82.0,61.0,62.0,61,98.79,35,ep7
1788361383,23:03:03,72.0,61.0,62.0,61,95.50,35,ep7
1788361389,23:03:09,68.0,60.0,63.0,61,96.13,30,ep7
1788361394,23:03:14,66.0,59.0,61.0,62,98.89,35,ep7
1788361399,23:03:19,66.0,65.0,59.0,61,96.18,30,ep7
1788361404,23:03:24,71.0,64.0,71.0,61,95.94,30,ep7
1788361409,23:03:29,67.0,60.0,61.0,61,95.87,30,ep7
1788361414,23:03:34,68.0,59.0,62.0,61,95.90,30,ep7
1788361419,23:03:39,69.0,62.0,61.0,61,96.10,30,ep7
1788361424,23:03:44,69.0,62.0,65.0,61,95.85,31,ep7
1788361429,23:03:49,69.0,62.0,65.0,61,96.01,30,ep7
1788361434,23:03:54,69.0,62.0,62.0,61,95.90,31,ep7
1788361439,23:03:59,68.0,61.0,61.0,61,94.68,30,ep7
1788361444,23:04:04,67.0,60.0,61.0,61,95.97,31,ep7
1788361449,23:04:09,67.0,61.0,62.0,61,96.32,30,ep7
1788361454,23:04:14,69.0,60.0,63.0,61,96.00,33,ep7
1788361459,23:04:19,69.0,57.0,64.0,61,94.81,27,ep7
1788361464,23:04:24,68.0,59.0,62.0,61,95.70,24,ep7
1788361469,23:04:29,69.0,62.0,62.0,61,97.70,25,ep7
1788361474,23:04:34,83.0,58.0,59.0,61,95.80,24,ep7
1788361479,23:04:39,68.0,60.0,63.0,61,94.45,18,ep7
1788361484,23:04:44,72.0,61.0,61.0,61,95.65,34,ep7
1788361490,23:04:50,72.0,61.0,65.0,61,95.65,35,ep7
1788361495,23:04:55,73.0,60.0,62.0,61,95.53,34,ep7
1788361500,23:05:00,72.0,61.0,63.0,61,98.75,35,ep7
1788361505,23:05:05,71.0,65.0,63.0,61,99.15,30,ep7
1788361510,23:05:10,67.0,62.0,62.0,62,96.12,30,ep7
1788361515,23:05:15,68.0,67.0,62.0,61,96.10,29,ep7
1788361520,23:05:20,68.0,61.0,62.0,61,96.12,30,ep7
1788361525,23:05:25,70.0,61.0,63.0,61,96.18,30,ep7
1788361530,23:05:30,70.0,62.0,65.0,61,96.15,30,ep7
1788361535,23:05:35,68.0,59.0,63.0,61,95.08,30,ep7
1788361540,23:05:40,70.0,62.0,70.0,61,96.40,30,ep7
1788361545,23:05:45,69.0,58.0,63.0,61,96.15,30,ep7
1788361550,23:05:50,69.0,59.0,63.0,61,96.24,30,ep7
1788361555,23:05:55,69.0,60.0,63.0,61,96.04,30,ep7
1788361560,23:06:00,69.0,61.0,63.0,61,96.19,30,ep7
1788361565,23:06:05,69.0,61.0,65.0,61,95.93,33,ep7
1788361570,23:06:10,68.0,60.0,63.0,61,96.31,28,ep7
1788361575,23:06:15,69.0,62.0,62.0,61,96.08,34,ep7
1788361580,23:06:20,70.0,60.0,62.0,61,97.54,28,ep7
1788361585,23:06:25,69.0,64.0,61.0,61,95.84,25,ep7
1788361590,23:06:30,70.0,62.0,66.0,61,96.26,33,ep7
1788361596,23:06:36,69.0,61.0,62.0,61,97.66,27,ep7
1788361601,23:06:41,69.0,61.0,62.0,61,96.02,30,ep7
1788361606,23:06:46,70.0,60.0,63.0,61,96.36,29,ep7
1788361611,23:06:51,69.0,60.0,63.0,61,95.84,30,ep7
1788361616,23:06:56,70.0,61.0,69.0,61,96.37,30,ep7
1788361621,23:07:01,68.0,59.0,62.0,61,96.35,30,ep7
1788361626,23:07:06,70.0,61.0,61.0,61,92.74,30,ep7
1788361632,23:07:12,68.0,59.0,61.0,61,96.09,30,ep7
1788361637,23:07:17,69.0,59.0,61.0,61,96.38,30,ep7
1788361642,23:07:22,70.0,61.0,59.0,61,95.70,30,ep7
1788361647,23:07:27,69.0,61.0,61.0,61,96.12,30,ep7
1788361652,23:07:32,69.0,60.0,61.0,61,94.97,31,ep7
1788361657,23:07:37,67.0,66.0,61.0,61,96.20,28,ep7
1788361662,23:07:42,69.0,59.0,61.0,61,96.93,34,ep7
1788361667,23:07:47,68.0,60.0,61.0,61,96.51,29,ep7
1788361672,23:07:52,69.0,68.0,62.0,61,96.29,17,ep7
1788361677,23:07:57,67.0,60.0,63.0,61,97.35,28,ep7
1788361682,23:08:02,68.0,60.0,62.0,62,94.85,17,ep7
1788361687,23:08:07,68.0,61.0,67.0,62,95.99,33,ep7
1788361692,23:08:12,71.0,59.0,62.0,62,97.20,27,ep7
1788361697,23:08:17,68.0,60.0,62.0,61,95.95,32,ep7
1788361702,23:08:22,74.0,60.0,61.0,61,95.62,34,ep7
1788361707,23:08:27,72.0,61.0,61.0,61,95.50,33,ep7
1788361712,23:08:32,74.0,63.0,63.0,61,95.77,34,ep7
1788361718,23:08:38,72.0,60.0,62.0,61,96.77,29,ep7
1788361723,23:08:43,73.0,60.0,63.0,61,99.27,30,ep7
1788361728,23:08:48,68.0,60.0,62.0,62,96.31,33,ep7
1788361733,23:08:53,70.0,59.0,63.0,62,99.20,29,ep7
1788361738,23:08:58,69.0,61.0,63.0,64,96.32,30,ep7
1788361743,23:09:03,85.0,85.0,63.0,62,96.40,29,ep7
1788361748,23:09:08,68.0,59.0,61.0,61,96.19,30,ep7
1788361753,23:09:13,69.0,61.0,63.0,61,96.33,30,ep7
1788361758,23:09:18,69.0,60.0,62.0,61,96.51,29,ep7
1788361763,23:09:23,68.0,60.0,59.0,61,96.20,30,ep7
1788361768,23:09:28,69.0,62.0,65.0,61,96.04,30,ep7
1788361773,23:09:33,68.0,61.0,61.0,61,96.41,30,ep7
1788361778,23:09:38,68.0,59.0,63.0,61,96.51,30,ep7
1788361783,23:09:43,68.0,60.0,62.0,61,96.27,30,ep7
1788361788,23:09:48,68.0,65.0,62.0,61,96.28,30,ep7
1788361793,23:09:53,68.0,60.0,62.0,61,96.43,30,ep7
1788361798,23:09:58,70.0,60.0,63.0,61,96.53,30,ep7
1788361804,23:10:04,69.0,60.0,63.0,61,96.89,30,ep7
1788361809,23:10:09,70.0,60.0,63.0,61,96.43,28,ep7
1788361814,23:10:14,69.0,60.0,65.0,61,96.13,31,ep7
1788361819,23:10:19,69.0,60.0,63.0,61,97.57,28,ep7
1788361824,23:10:24,69.0,60.0,61.0,61,98.14,25,ep7
1788361829,23:10:29,70.0,61.0,65.0,61,96.21,32,ep7
1788361834,23:10:34,69.0,60.0,63.0,62,95.61,25,ep7
1788361839,23:10:39,71.0,62.0,62.0,62,97.74,27,ep7
1788361844,23:10:44,68.0,61.0,63.0,62,95.27,33,ep7
1788361849,23:10:49,69.0,60.0,62.0,62,96.12,24,ep7
1788361854,23:10:54,79.0,60.0,62.0,61,96.07,33,ep7
1788361859,23:10:59,75.0,62.0,63.0,61,95.61,36,ep7
1788361864,23:11:04,73.0,61.0,63.0,61,95.71,30,ep7
1788361869,23:11:09,75.0,62.0,63.0,61,99.26,35,ep7
1788361874,23:11:14,72.0,58.0,63.0,61,99.21,29,ep7
1788361879,23:11:19,69.0,60.0,63.0,62,99.54,35,ep7
1788361884,23:11:24,70.0,61.0,63.0,62,96.30,29,ep7
1788361890,23:11:30,87.0,62.0,65.0,61,96.49,30,ep7
1788361895,23:11:35,69.0,60.0,61.0,61,96.49,30,ep7
1788361900,23:11:40,68.0,59.0,61.0,61,96.72,30,ep7
1788361905,23:11:45,68.0,60.0,62.0,61,96.27,28,ep7
1788361910,23:11:50,67.0,65.0,61.0,61,96.44,30,ep7
1788361915,23:11:55,70.0,60.0,62.0,61,96.59,27,ep7
1788361921,23:12:01,74.0,61.0,65.0,62,96.29,32,ep7
1788361926,23:12:06,72.0,61.0,67.0,62,97.82,27,ep7
1788361931,23:12:11,80.0,60.0,80.0,61,95.55,32,ep7
1788361936,23:12:16,72.0,60.0,63.0,61,95.57,34,ep7
1788361941,23:12:21,83.0,63.0,71.0,61,94.86,35,ep7
1788361946,23:12:26,74.0,61.0,63.0,61,95.68,33,ep7
1788361951,23:12:31,84.0,70.0,84.0,61,98.56,28,ep7
1788361956,23:12:36,73.0,65.0,61.0,62,99.37,29,ep7
1788361961,23:12:41,83.0,59.0,69.0,62,98.25,35,ep7
1788361966,23:12:46,68.0,58.0,62.0,62,96.11,29,ep7
1788361971,23:12:51,80.0,62.0,80.0,61,94.84,30,ep7
1788361976,23:12:56,69.0,61.0,69.0,61,96.36,30,ep7
1788361981,23:13:01,74.0,65.0,63.0,61,96.11,30,ep7
1788361986,23:13:06,67.0,59.0,67.0,61,95.97,30,ep7
1788361991,23:13:11,75.0,60.0,70.0,61,96.46,30,ep7
1788361996,23:13:16,68.0,63.0,62.0,61,96.54,30,ep7
1788362001,23:13:21,75.0,66.0,63.0,61,96.42,30,ep7
1788362006,23:13:26,68.0,59.0,63.0,61,96.45,30,ep7
1788362011,23:13:31,83.0,59.0,70.0,61,96.22,30,ep7
1788362017,23:13:37,68.0,57.0,61.0,61,96.18,30,ep7
1788362022,23:13:42,83.0,59.0,83.0,61,96.46,30,ep7
1788362027,23:13:47,68.0,59.0,63.0,61,96.45,30,ep7
1788362032,23:13:52,80.0,59.0,80.0,61,96.64,28,ep7
1788362037,23:13:57,66.0,60.0,61.0,61,91.50,26,ep7
1788362042,23:14:02,82.0,59.0,69.0,61,97.99,28,ep7
1788362047,23:14:07,67.0,59.0,59.0,62,96.29,22,ep7
1788362052,23:14:12,77.0,60.0,62.0,61,95.70,33,ep7
1788362057,23:14:17,73.0,59.0,61.0,61,95.46,25,ep7
1788362062,23:14:22,82.0,62.0,62.0,61,96.07,33,ep7
1788362067,23:14:27,74.0,62.0,63.0,61,95.06,35,ep7
1788362072,23:14:32,81.0,68.0,65.0,61,98.89,29,ep7
1788362077,23:14:37,74.0,69.0,63.0,61,98.75,35,ep7
1788362082,23:14:42,84.0,62.0,63.0,62,94.13,29,ep7
1788362087,23:14:47,68.0,61.0,65.0,61,96.18,30,ep7
1788362092,23:14:52,67.0,61.0,62.0,61,95.90,30,ep7
1788362097,23:14:57,67.0,61.0,63.0,61,96.07,30,ep7
1788362102,23:15:02,78.0,78.0,65.0,61,96.27,30,ep7
1788362107,23:15:07,67.0,62.0,65.0,61,96.34,30,ep7
1788362113,23:15:13,79.0,61.0,63.0,61,96.59,30,ep7
1788362118,23:15:18,67.0,61.0,63.0,61,96.77,30,ep7
1788362123,23:15:23,76.0,59.0,65.0,61,96.69,30,ep7
1788362128,23:15:28,67.0,62.0,63.0,61,96.42,30,ep7
1788362133,23:15:33,73.0,60.0,63.0,61,96.66,30,ep7
1788362138,23:15:38,65.0,60.0,62.0,62,96.50,30,ep7
1788362143,23:15:43,80.0,62.0,80.0,61,95.37,31,ep7
1788362148,23:15:48,67.0,62.0,67.0,61,96.78,30,ep7
1788362153,23:15:53,87.0,61.0,79.0,61,95.42,33,ep7
1788362158,23:15:58,86.0,62.0,65.0,61,96.47,31,ep7
1788362163,23:16:03,83.0,67.0,63.0,61,95.25,20,ep7
1788362168,23:16:08,68.0,62.0,62.0,61,97.39,24,ep7
1788362173,23:16:13,71.0,68.0,62.0,61,96.27,29,ep7
1788362178,23:16:18,65.0,61.0,63.0,62,96.46,23,ep7
1788362183,23:16:23,79.0,63.0,63.0,62,95.92,25,ep7
1788362188,23:16:28,78.0,61.0,65.0,61,95.74,34,ep7
1788362193,23:16:33,79.0,61.0,65.0,61,95.75,35,ep7
1788362198,23:16:38,74.0,61.0,62.0,61,96.08,34,ep7
1788362203,23:16:43,75.0,58.0,62.0,61,96.33,35,ep7
1788362209,23:16:49,67.0,60.0,63.0,61,96.83,30,ep7
1788362214,23:16:54,75.0,64.0,65.0,61,96.50,31,ep7
1788362219,23:16:59,87.0,61.0,63.0,61,95.13,30,ep7
1788362224,23:17:04,80.0,67.0,80.0,61,96.67,30,ep7
1788362229,23:17:09,68.0,60.0,62.0,61,95.36,30,ep? s50
1788362234,23:17:14,83.0,60.0,83.0,61,96.55,30,ep? s50
1788362239,23:17:19,67.0,59.0,63.0,61,95.61,31,ep? s50
1788362245,23:17:25,78.0,64.0,63.0,61,96.89,30,ep? s50
1788362250,23:17:30,68.0,60.0,63.0,61,96.61,34,ep? s50
1788362255,23:17:35,74.0,61.0,70.0,61,96.12,28,ep? s50
1788362260,23:17:40,68.0,59.0,62.0,61,96.66,27,ep? s50
1788362265,23:17:45,78.0,64.0,62.0,61,96.00,29,ep? s50
1788362270,23:17:50,68.0,59.0,63.0,61,96.32,28,ep? s50
1788362275,23:17:55,73.0,64.0,62.0,61,97.76,25,ep? s50
1788362280,23:18:00,67.0,59.0,61.0,61,97.58,33,ep? s50
1788362285,23:18:05,84.0,59.0,84.0,61,95.66,24,ep? s50
1788362290,23:18:10,72.0,59.0,62.0,61,96.68,33,ep? s50
1788362295,23:18:15,77.0,61.0,63.0,61,95.73,34,ep? s50
1788362300,23:18:20,72.0,61.0,66.0,61,95.65,27,ep? s50
1788362305,23:18:25,87.0,60.0,87.0,61,95.53,30,ep? s50
1788362310,23:18:30,74.0,60.0,65.0,61,95.93,35,ep? s50
1788362315,23:18:35,72.0,72.0,63.0,61,96.20,29,ep? s50
1788362320,23:18:40,72.0,61.0,67.0,61,99.32,35,ep? s50
1788362325,23:18:45,77.0,67.0,71.0,61,99.01,29,ep? s50
1788362330,23:18:50,69.0,62.0,63.0,62,96.29,30,ep? s150
1788362335,23:18:55,81.0,73.0,63.0,62,96.74,32,ep? s150
1788362341,23:19:01,69.0,60.0,63.0,61,96.09,30,ep? s150
1788362346,23:19:06,89.0,63.0,89.0,61,96.24,30,ep? s150
1788362351,23:19:11,68.0,61.0,65.0,61,96.27,30,ep? s150
1788362356,23:19:16,74.0,61.0,69.0,61,96.00,30,ep? s150
1788362361,23:19:21,68.0,60.0,65.0,61,96.62,30,ep? s150
1788362366,23:19:26,77.0,62.0,65.0,61,96.05,30,ep? s150
1788362371,23:19:31,67.0,61.0,62.0,61,96.12,30,ep? s150
1788362376,23:19:36,76.0,76.0,65.0,61,96.39,30,ep? s150
1788362381,23:19:41,67.0,61.0,63.0,61,96.45,30,ep? s200
1788362386,23:19:46,77.0,67.0,66.0,62,96.44,30,ep? s200
1788362391,23:19:51,68.0,68.0,63.0,61,95.25,30,ep? s200
1788362396,23:19:56,82.0,62.0,69.0,61,96.42,30,ep? s200
1788362401,23:20:01,68.0,61.0,62.0,61,96.58,31,ep? s200
1788362406,23:20:06,75.0,67.0,65.0,61,96.97,28,ep? s200
1788362411,23:20:11,91.0,76.0,63.0,61,98.04,24,ep? s200
1788362416,23:20:16,82.0,60.0,82.0,61,97.93,28,ep? s200
1788362421,23:20:21,68.0,59.0,63.0,61,96.37,22,ep? s200
1788362426,23:20:26,77.0,77.0,67.0,62,96.19,33,ep? s200
1788362431,23:20:31,74.0,63.0,70.0,62,97.82,27,ep? s250
1788362436,23:20:36,84.0,63.0,84.0,61,95.86,33,ep? s250
1788362442,23:20:42,79.0,61.0,65.0,61,95.48,34,ep? s250
1788362447,23:20:47,75.0,64.0,63.0,61,95.93,35,ep? s250
1788362452,23:20:52,73.0,61.0,63.0,61,96.09,33,ep? s250
1788362457,23:20:57,80.0,62.0,80.0,61,96.04,35,ep? s250
1788362462,23:21:02,71.0,61.0,63.0,61,99.36,30,ep? s250
1788362467,23:21:07,82.0,63.0,65.0,61,97.51,34,ep? s250
1788362472,23:21:12,70.0,68.0,65.0,62,96.59,30,ep? s250
1788362477,23:21:17,76.0,62.0,65.0,62,98.77,30,ep? s250
1788362482,23:21:22,67.0,61.0,62.0,63,96.79,29,ep? s300
1788362487,23:21:27,76.0,62.0,61.0,61,96.42,29,ep? s300
1788362492,23:21:32,70.0,62.0,70.0,61,96.45,30,ep? s300
1788362497,23:21:37,79.0,62.0,79.0,61,96.47,30,ep? s300
1788362502,23:21:42,68.0,68.0,63.0,61,95.98,30,ep? s300
1788362507,23:21:47,82.0,61.0,66.0,61,96.16,30,ep? s300
1788362513,23:21:53,68.0,61.0,63.0,61,96.49,30,ep? s300
1788362518,23:21:58,67.0,61.0,62.0,61,98.21,28,ep? s300
1788362523,23:22:03,71.0,62.0,62.0,62,98.31,26,ep? s300
1788362528,23:22:08,71.0,60.0,61.0,62,95.54,33,ep? s300
1788362533,23:22:13,70.0,61.0,62.0,62,95.42,25,ep? s350
1788362538,23:22:18,71.0,61.0,61.0,62,95.28,33,ep? s350
1788362543,23:22:23,73.0,62.0,62.0,61,95.36,35,ep? s350
1788362548,23:22:28,78.0,63.0,62.0,61,95.74,33,ep? s350
1788362553,23:22:33,71.0,62.0,63.0,62,97.15,32,ep? s350
1788362559,23:22:39,75.0,61.0,65.0,62,99.22,29,ep? s350
1788362564,23:22:44,68.0,61.0,63.0,61,96.37,30,ep? s350
1788362569,23:22:49,68.0,61.0,62.0,61,96.33,29,ep? s350
1788362574,23:22:54,67.0,59.0,65.0,61,96.26,30,ep? s350
1788362579,23:22:59,68.0,65.0,63.0,61,96.33,30,ep? s350
1788362584,23:23:04,69.0,62.0,65.0,61,96.36,30,ep? s400
1788362589,23:23:09,67.0,62.0,62.0,61,96.38,30,ep? s400
1788362594,23:23:14,67.0,60.0,63.0,61,96.02,30,ep? s400
1788362599,23:23:19,70.0,63.0,63.0,61,96.41,30,ep? s400
1788362604,23:23:24,68.0,63.0,63.0,61,96.19,30,ep? s400
1788362609,23:23:29,69.0,62.0,66.0,62,96.11,30,ep? s400
1788362614,23:23:34,69.0,62.0,63.0,61,95.98,30,ep? s400
1788362619,23:23:39,69.0,62.0,63.0,61,95.08,30,ep? s400
1788362624,23:23:44,68.0,66.0,63.0,61,96.71,30,ep? s400
1788362629,23:23:49,68.0,61.0,61.0,62,96.48,31,ep? s400
1788362634,23:23:54,68.0,61.0,62.0,61,96.53,28,ep? s450
1788362639,23:23:59,69.0,64.0,65.0,61,96.61,17,ep? s450
1788362644,23:24:04,68.0,62.0,63.0,62,97.66,28,ep? s450
1788362649,23:24:09,69.0,64.0,66.0,62,97.79,27,ep? s450
1788362654,23:24:14,68.0,64.0,65.0,63,96.39,33,ep? s450
1788362660,23:24:20,71.0,62.0,65.0,61,95.16,34,ep? s450
1788362665,23:24:25,83.0,63.0,70.0,61,95.61,32,ep? s450
1788362670,23:24:30,71.0,63.0,65.0,61,95.63,34,ep? s450
1788362675,23:24:35,76.0,65.0,65.0,61,96.73,30,ep? s450
1788362680,23:24:40,74.0,64.0,66.0,61,95.88,34,ep? s450
1788362685,23:24:45,74.0,62.0,63.0,62,96.55,31,ep? s500
1788362690,23:24:50,71.0,62.0,63.0,62,99.54,29,ep? s500
1788362695,23:24:55,68.0,62.0,65.0,61,96.37,30,ep? s500
1788362700,23:25:00,68.0,63.0,63.0,61,96.41,29,ep? s500
1788362705,23:25:05,68.0,62.0,65.0,61,96.70,30,ep? s500
1788362710,23:25:10,68.0,62.0,65.0,61,96.35,30,ep? s500
1788362715,23:25:15,68.0,61.0,63.0,61,96.40,30,ep? s500
1788362720,23:25:20,67.0,62.0,63.0,61,96.33,30,ep? s500
1788362725,23:25:25,67.0,61.0,63.0,61,96.39,30,ep? s500
1788362730,23:25:30,69.0,61.0,65.0,61,96.55,30,ep? s500
1788362735,23:25:35,68.0,62.0,63.0,62,95.46,30,ep? s550
1788362740,23:25:40,67.0,62.0,62.0,61,96.48,30,ep? s550
1788362745,23:25:45,68.0,62.0,63.0,61,96.32,30,ep? s550
1788362750,23:25:50,70.0,61.0,69.0,61,96.56,29,ep? s550
1788362756,23:25:56,68.0,65.0,67.0,62,95.23,31,ep? s550
1788362761,23:26:01,70.0,62.0,67.0,61,97.02,28,ep? s550
1788362766,23:26:06,69.0,61.0,63.0,61,95.21,17,ep? s550
1788362771,23:26:11,69.0,61.0,63.0,62,96.39,32,ep? s550
1788362776,23:26:16,68.0,62.0,63.0,62,98.14,27,ep? s550
1788362781,23:26:21,69.0,61.0,63.0,62,95.67,28,ep? s550
1788362786,23:26:26,72.0,64.0,69.0,61,95.77,33,ep? s600
1788362791,23:26:31,73.0,61.0,67.0,61,96.08,35,ep? s600
1788362796,23:26:36,77.0,63.0,66.0,61,95.96,33,ep? s600
1788362801,23:26:41,73.0,64.0,65.0,61,95.99,35,ep? s600
1788362806,23:26:46,74.0,63.0,66.0,61,99.34,30,ep? s600
1788362811,23:26:51,69.0,61.0,63.0,62,95.86,30,ep? s600
1788362817,23:26:57,69.0,61.0,63.0,62,96.90,30,ep? s600
1788362822,23:27:02,69.0,68.0,63.0,62,96.83,30,ep? s600
1788362827,23:27:07,69.0,71.0,66.0,61,96.82,29,ep? s600
1788362832,23:27:12,69.0,61.0,65.0,61,95.83,33,ep? s600
1788362837,23:27:17,68.0,63.0,66.0,62,96.96,30,ep? s650
1788362842,23:27:22,77.0,64.0,70.0,62,96.67,28,ep? s650
1788362847,23:27:27,68.0,63.0,65.0,62,96.82,31,ep? s650
1788362852,23:27:32,69.0,64.0,69.0,62,97.89,28,ep? s650
1788362857,23:27:37,69.0,64.0,65.0,62,98.33,25,ep? s650
1788362862,23:27:42,68.0,63.0,65.0,62,98.23,29,ep? s650
1788362867,23:27:47,68.0,62.0,63.0,62,95.73,24,ep? s650
1788362872,23:27:52,68.0,62.0,66.0,62,96.66,31,ep? s650
1788362877,23:27:57,78.0,61.0,65.0,62,95.49,34,ep? s650
1788362883,23:28:03,73.0,61.0,65.0,61,95.69,27,ep? s650
1788362888,23:28:08,74.0,64.0,65.0,61,95.79,34,ep? s700
1788362893,23:28:13,73.0,63.0,63.0,61,95.90,35,ep? s700
1788362898,23:28:18,73.0,62.0,63.0,62,95.65,34,ep? s700
1788362903,23:28:23,72.0,64.0,65.0,61,98.83,35,ep? s700
1788362908,23:28:28,73.0,66.0,69.0,62,97.09,29,ep? s700
1788362913,23:28:33,72.0,64.0,65.0,62,96.65,30,ep? s700
1788362918,23:28:38,71.0,71.0,63.0,62,98.72,36,ep? s700
1788362923,23:28:43,68.0,61.0,63.0,61,96.41,29,ep? s700
1788362928,23:28:48,71.0,64.0,66.0,61,95.49,30,ep? s700
1788362933,23:28:53,69.0,63.0,66.0,61,96.62,29,ep? s700
1788362938,23:28:58,71.0,64.0,66.0,61,96.55,30,ep? s700
1788362943,23:29:03,68.0,62.0,62.0,62,96.47,30,ep? s750
1788362948,23:29:08,69.0,61.0,69.0,62,96.75,30,ep? s750
1788362953,23:29:13,68.0,62.0,65.0,62,96.72,30,ep? s750
1788362958,23:29:18,69.0,61.0,65.0,62,96.83,30,ep? s750
1788362963,23:29:23,69.0,62.0,62.0,62,96.47,30,ep? s750
1788362968,23:29:28,69.0,62.0,62.0,62,96.32,30,ep? s750
1788362973,23:29:33,69.0,64.0,63.0,62,96.62,30,ep? s750
1788362979,23:29:39,69.0,62.0,69.0,62,96.76,30,ep? s750
1788362984,23:29:44,69.0,66.0,65.0,62,96.67,31,ep? s750
1788362989,23:29:49,68.0,60.0,63.0,62,96.62,28,ep? s750
1788362994,23:29:54,68.0,59.0,62.0,62,96.60,31,ep? s800
1788362999,23:29:59,68.0,64.0,65.0,62,97.80,29,ep? s800
1788363004,23:30:04,68.0,66.0,66.0,62,98.65,25,ep? s800
1788363009,23:30:09,70.0,60.0,70.0,62,96.62,33,ep? s800
1788363014,23:30:14,69.0,69.0,63.0,62,95.66,18,ep? s800
1788363019,23:30:19,69.0,69.0,63.0,62,96.02,32,ep? s800
1788363024,23:30:24,75.0,64.0,63.0,63,95.73,34,ep? s800
1788363029,23:30:29,73.0,65.0,65.0,61,95.69,27,ep? s800
1788363034,23:30:34,77.0,61.0,70.0,61,96.02,33,ep? s800
1788363039,23:30:39,73.0,62.0,66.0,62,95.96,36,ep? s800
1788363044,23:30:44,75.0,61.0,63.0,62,99.31,29,ep? s850
1788363049,23:30:49,68.0,64.0,63.0,62,99.31,35,ep? s850
1788363054,23:30:54,68.0,62.0,65.0,62,96.95,29,ep? s850
1788363059,23:30:59,69.0,67.0,66.0,62,96.93,39,ep? s850
1788363064,23:31:04,72.0,66.0,70.0,62,90.71,38,ep? s850
1788363069,23:31:09,69.0,64.0,66.0,62,98.65,30,ep? s850
1788363075,23:31:15,70.0,64.0,65.0,62,96.81,30,ep? s850
1788363080,23:31:20,69.0,60.0,65.0,62,101.91,30,ep? s850
1788363085,23:31:25,70.0,60.0,65.0,62,96.81,30,ep? s850
1788363090,23:31:30,69.0,61.0,66.0,62,96.81,30,ep? s850
1788363095,23:31:35,68.0,60.0,59.0,62,96.39,30,ep? s900
1788363100,23:31:40,70.0,62.0,62.0,62,95.00,30,ep? s900
1788363105,23:31:45,68.0,62.0,65.0,62,96.65,30,ep? s900
1788363110,23:31:50,68.0,61.0,65.0,62,95.36,24,ep? s900
1788363115,23:31:55,69.0,62.0,62.0,62,96.49,30,ep? s900
1788363121,23:32:01,73.0,61.0,65.0,62,95.89,34,ep? s900
1788363126,23:32:06,70.0,66.0,66.0,63,96.43,30,ep? s900
1788363131,23:32:11,72.0,63.0,66.0,63,97.74,37,ep? s900
1788363136,23:32:16,69.0,64.0,63.0,62,96.08,30,ep? s900
1788363141,23:32:21,68.0,62.0,65.0,62,96.01,30,ep? s900
1788363146,23:32:26,70.0,60.0,62.0,62,96.13,30,ep? s950
1788363151,23:32:31,70.0,62.0,66.0,62,96.09,30,ep? s950
1788363156,23:32:36,70.0,66.0,65.0,62,96.26,30,ep? s950
1788363161,23:32:41,70.0,62.0,67.0,62,96.53,30,ep? s950
1788363166,23:32:46,70.0,63.0,70.0,62,96.88,30,ep? s950
1788363171,23:32:51,69.0,65.0,71.0,62,96.65,31,ep? s950
1788363176,23:32:56,73.0,62.0,66.0,62,92.56,27,ep? s950
1788363181,23:33:01,68.0,62.0,65.0,62,96.53,32,ep? s950
1788363186,23:33:06,68.0,62.0,65.0,62,95.18,30,ep? s950
1788363191,23:33:11,68.0,61.0,65.0,62,96.35,32,ep? s950
1788363197,23:33:17,70.0,61.0,61.0,62,96.45,28,ep? s1000
1788363202,23:33:22,76.0,62.0,66.0,62,97.91,24,ep? s1000
1788363207,23:33:27,69.0,62.0,65.0,62,95.43,27,ep? s1000
1788363212,23:33:32,68.0,60.0,62.0,62,96.57,23,ep? s1000
1788363217,23:33:37,69.0,61.0,63.0,62,98.68,25,ep? s1000
1788363222,23:33:42,70.0,62.0,65.0,62,98.04,27,ep? s1000
1788363227,23:33:47,76.0,61.0,63.0,61,95.18,18,ep? s1000
1788363232,23:33:52,71.0,61.0,63.0,62,95.66,34,ep? s1000
1788363237,23:33:57,75.0,62.0,63.0,61,95.68,23,ep? s1000
1788363242,23:34:02,71.0,61.0,61.0,62,96.02,34,ep? s1000
1788363247,23:34:07,74.0,62.0,62.0,62,95.94,35,ep? s1050
1788363252,23:34:12,70.0,64.0,62.0,62,97.66,30,ep? s1050
1788363257,23:34:17,70.0,61.0,65.0,62,97.66,35,ep? s1050
1788363262,23:34:22,69.0,60.0,63.0,62,96.21,29,ep? s1050
1788363267,23:34:27,68.0,60.0,63.0,62,96.71,30,ep? s1050
1788363272,23:34:32,76.0,60.0,76.0,62,96.43,30,ep? s1050
1788363277,23:34:37,69.0,60.0,61.0,62,96.65,30,ep? s1050
1788363282,23:34:42,68.0,58.0,63.0,62,95.64,30,ep? s1050
1788363287,23:34:47,69.0,62.0,63.0,62,96.86,30,ep? s1050
1788363293,23:34:53,70.0,63.0,65.0,62,97.04,30,ep? s1050
1788363298,23:34:58,69.0,63.0,63.0,62,97.11,30,ep? s1100
1788363303,23:35:03,69.0,59.0,61.0,62,96.92,30,ep? s1100
1788363308,23:35:08,67.0,59.0,61.0,62,96.93,34,ep? s1100
1788363313,23:35:13,68.0,60.0,63.0,62,96.88,31,ep? s1100
1788363318,23:35:18,69.0,60.0,62.0,62,96.78,30,ep? s1100
1788363323,23:35:23,68.0,60.0,61.0,62,96.58,31,ep? s1100
1788363328,23:35:28,70.0,61.0,65.0,62,96.54,27,ep? s1100
1788363333,23:35:33,69.0,60.0,62.0,62,96.46,31,ep? s1100
1788363338,23:35:38,68.0,61.0,62.0,62,98.17,28,ep? s1100
1788363343,23:35:43,70.0,60.0,62.0,62,98.16,25,ep? s1100
1788363348,23:35:48,67.0,60.0,63.0,62,96.09,33,ep? s1150
1788363353,23:35:53,70.0,60.0,63.0,62,96.68,24,ep? s1150
1788363358,23:35:58,73.0,60.0,62.0,61,95.83,33,ep? s1150
1788363363,23:36:03,75.0,60.0,62.0,61,95.67,34,ep? s1150
1788363368,23:36:08,71.0,60.0,62.0,62,95.63,33,ep? s1150
1788363373,23:36:13,73.0,61.0,62.0,62,96.67,34,ep? s1150
1788363378,23:36:18,74.0,61.0,62.0,62,95.03,29,ep? s1150
1788363383,23:36:23,72.0,60.0,62.0,62,98.58,30,ep? s1150
1788363389,23:36:29,70.0,60.0,65.0,63,96.71,29,ep? s1150
1788363394,23:36:34,69.0,61.0,63.0,62,96.60,29,ep? s1150
1788363399,23:36:39,84.0,84.0,65.0,62,96.48,30,ep? s1200
1788363404,23:36:44,69.0,65.0,65.0,62,96.77,30,ep? s1200
1788363409,23:36:49,71.0,62.0,63.0,62,96.43,29,ep? s1200
1788363414,23:36:54,69.0,62.0,63.0,62,96.52,30,ep? s1200
1788363419,23:36:59,70.0,67.0,65.0,62,96.86,30,ep? s1200
1788363425,23:37:05,67.0,59.0,63.0,62,96.32,23,ep? s1200
1788363430,23:37:10,69.0,59.0,62.0,62,97.75,24,ep? s1200
1788363435,23:37:15,68.0,61.0,63.0,62,95.62,34,ep? s1200
1788363440,23:37:20,79.0,61.0,63.0,62,95.83,25,ep? s1200
1788363445,23:37:25,75.0,62.0,63.0,61,96.52,34,ep? s1200
1788363450,23:37:30,75.0,60.0,62.0,61,96.13,35,ep? s1250
1788363455,23:37:35,72.0,61.0,61.0,62,96.17,29,ep? s1250
1788363460,23:37:40,65.0,58.0,61.0,62,98.14,34,ep? s1250
1788363465,23:37:45,68.0,60.0,66.0,61,96.82,30,ep? s1250
1788363470,23:37:50,69.0,61.0,66.0,61,96.66,30,ep? s1250
1788363475,23:37:55,74.0,62.0,61.0,62,96.59,31,ep? s1250
1788363480,23:38:00,70.0,63.0,65.0,62,96.60,30,ep? s1250
1788363485,23:38:05,70.0,61.0,62.0,61,95.51,31,ep? s1250
1788363490,23:38:10,68.0,61.0,63.0,62,97.06,30,ep? s1250
1788363495,23:38:15,69.0,62.0,61.0,62,95.59,31,ep? s1250
1788363500,23:38:20,68.0,60.0,61.0,62,96.53,30,ep? s1300
1788363505,23:38:25,68.0,63.0,62.0,62,96.70,30,ep? s1300
1788363510,23:38:30,69.0,62.0,62.0,62,96.94,30,ep? s1300
1788363515,23:38:35,68.0,68.0,63.0,62,96.79,30,ep? s1300
1788363521,23:38:41,68.0,67.0,63.0,62,96.33,30,ep? s1300
1788363526,23:38:46,68.0,61.0,62.0,62,96.82,28,ep? s1300
1788363531,23:38:51,70.0,60.0,70.0,62,96.55,31,ep? s1300
1788363536,23:38:56,68.0,58.0,61.0,62,98.18,28,ep? s1300
1788363541,23:39:01,69.0,63.0,63.0,62,98.40,25,ep? s1300
1788363546,23:39:06,72.0,63.0,66.0,62,96.10,33,ep? s1300
1788363551,23:39:11,68.0,62.0,62.0,62,95.84,25,ep? s1350
1788363556,23:39:16,69.0,62.0,62.0,63,96.15,33,ep? s1350
1788363561,23:39:21,76.0,71.0,61.0,61,95.93,35,ep? s1350
1788363566,23:39:26,75.0,65.0,63.0,61,95.88,33,ep? s1350
1788363571,23:39:31,72.0,61.0,63.0,61,95.32,35,ep? s1350
1788363576,23:39:36,73.0,60.0,63.0,62,99.10,30,ep? s1350
1788363581,23:39:41,72.0,67.0,63.0,61,99.57,30,ep? s1350
1788363586,23:39:46,70.0,62.0,65.0,63,97.71,32,ep? s1350
1788363591,23:39:51,68.0,60.0,63.0,62,95.25,30,ep? s1350
1788363596,23:39:56,69.0,61.0,63.0,62,96.47,30,ep? s1350
1788363601,23:40:01,68.0,62.0,65.0,62,96.84,30,ep? s1400
1788363606,23:40:06,68.0,63.0,62.0,62,96.71,30,ep? s1400
1788363612,23:40:12,68.0,60.0,61.0,62,96.40,30,ep? s1400
1788363617,23:40:17,67.0,62.0,63.0,62,96.55,30,ep? s1400
1788363622,23:40:22,68.0,61.0,59.0,62,97.14,30,ep? s1400
1788363627,23:40:27,68.0,66.0,62.0,62,96.71,30,ep? s1400
1788363632,23:40:32,68.0,68.0,61.0,62,96.87,30,ep? s1400
1788363637,23:40:37,69.0,67.0,63.0,62,96.70,31,ep? s1400
1788363642,23:40:42,68.0,61.0,63.0,62,96.43,29,ep? s1400
1788363647,23:40:47,68.0,61.0,65.0,62,96.49,31,ep? s1400
1788363652,23:40:52,67.0,62.0,65.0,62,98.03,29,ep? s1450
1788363657,23:40:57,67.0,60.0,63.0,62,91.71,25,ep? s1450
1788363662,23:41:02,67.0,63.0,62.0,62,96.62,32,ep? s1450
1788363667,23:41:07,70.0,62.0,61.0,62,95.94,25,ep? s1450
1788363672,23:41:12,68.0,59.0,62.0,62,96.51,32,ep? s1450
1788363677,23:41:17,72.0,58.0,62.0,61,95.49,35,ep? s1450
1788363682,23:41:22,75.0,60.0,67.0,61,95.85,33,ep? s1450
1788363687,23:41:27,73.0,61.0,62.0,62,99.36,35,ep? s1450
1788363692,23:41:32,73.0,61.0,63.0,62,99.23,29,ep? s1450
1788363697,23:41:37,67.0,62.0,62.0,63,95.65,30,ep? s1450
1788363702,23:41:42,68.0,63.0,63.0,61,96.64,29,ep? s1450
1788363707,23:41:47,68.0,63.0,62.0,61,96.87,29,ep? s1500
1788363713,23:41:53,68.0,60.0,61.0,61,96.51,30,ep? s1500
1788363718,23:41:58,68.0,61.0,62.0,61,95.43,30,ep? s1500
1788363723,23:42:03,68.0,61.0,62.0,61,96.54,30,ep? s1500
1788363728,23:42:08,68.0,61.0,63.0,62,98.30,25,ep? s1500
1788363733,23:42:13,68.0,61.0,67.0,62,98.23,29,ep? s1500
1788363738,23:42:18,67.0,63.0,63.0,62,98.14,27,ep? s1500
1788363744,23:42:24,69.0,63.0,65.0,62,97.31,28,ep? s1500
1788363749,23:42:29,69.0,62.0,61.0,62,95.85,33,ep? s1500
1788363754,23:42:34,75.0,63.0,63.0,61,95.62,25,ep? s1550
1788363759,23:42:39,72.0,60.0,62.0,61,95.90,33,ep? s1550
1788363764,23:42:44,73.0,68.0,62.0,61,95.63,35,ep? s1550
1788363769,23:42:49,72.0,60.0,62.0,61,95.63,33,ep? s1550
1788363774,23:42:54,73.0,60.0,63.0,62,99.66,35,ep? s1550
1788363779,23:42:59,72.0,60.0,63.0,62,98.97,29,ep? s1550
1788363784,23:43:04,67.0,60.0,63.0,63,96.41,30,ep? s1550
1788363789,23:43:09,69.0,60.0,65.0,64,96.39,29,ep? s1550
1788363794,23:43:14,67.0,60.0,62.0,61,96.68,29,ep? s1550
1788363799,23:43:19,68.0,64.0,63.0,61,96.76,30,ep? s1550
1788363804,23:43:24,68.0,62.0,63.0,61,95.76,31,ep? s1550
1788363809,23:43:29,68.0,64.0,63.0,62,96.92,30,ep? s1600
1788363814,23:43:34,68.0,62.0,62.0,62,96.03,31,ep? s1600
1788363819,23:43:39,67.0,61.0,63.0,62,97.05,30,ep? s1600
1788363824,23:43:44,69.0,62.0,63.0,62,97.00,30,ep? s1600
1788363829,23:43:49,68.0,63.0,63.0,62,97.05,30,ep? s1600
1788363834,23:43:54,68.0,64.0,61.0,62,96.96,30,ep? s1600
1788363839,23:43:59,68.0,62.0,65.0,62,96.88,30,ep? s1600
1788363845,23:44:05,67.0,61.0,62.0,62,96.48,28,ep? s1600
1788363850,23:44:10,67.0,61.0,59.0,62,96.95,30,ep? s1600
1788363855,23:44:15,66.0,61.0,59.0,62,98.29,28,ep? s1600
1788363860,23:44:20,67.0,61.0,62.0,62,98.08,26,ep? s1650
1788363865,23:44:25,68.0,61.0,61.0,62,98.38,27,ep? s1650
1788363870,23:44:30,74.0,62.0,61.0,61,96.33,32,ep? s1650
1788363875,23:44:35,72.0,61.0,61.0,61,95.87,34,ep? s1650
1788363880,23:44:40,74.0,62.0,63.0,61,96.08,32,ep? s1650
1788363885,23:44:45,71.0,58.0,59.0,61,96.10,34,ep? s1650
1788363890,23:44:50,70.0,59.0,62.0,62,98.97,29,ep? s1650
1788363895,23:44:55,69.0,59.0,59.0,62,97.28,29,ep? s1650
1788363900,23:45:00,66.0,68.0,62.0,63,95.19,29,ep? s1650
1788363905,23:45:05,67.0,59.0,61.0,61,96.66,30,ep? s1650
1788363910,23:45:10,68.0,59.0,61.0,61,96.48,30,ep? s1700
1788363915,23:45:15,69.0,61.0,69.0,61,96.44,30,ep? s1700
1788363920,23:45:20,67.0,58.0,63.0,61,96.16,30,ep? s1700
1788363925,23:45:25,67.0,60.0,65.0,61,96.78,30,ep? s1700
1788363931,23:45:31,85.0,60.0,63.0,61,96.67,30,ep? s1700
1788363936,23:45:36,67.0,59.0,61.0,61,97.00,30,ep? s1700
1788363941,23:45:41,67.0,59.0,61.0,61,97.02,30,ep? s1700
1788363946,23:45:46,67.0,60.0,62.0,61,96.40,30,ep? s1700
1788363951,23:45:51,71.0,62.0,63.0,61,96.73,31,ep? s1700
1788363956,23:45:56,71.0,59.0,71.0,61,96.88,30,ep? s1700
1788363961,23:46:01,68.0,62.0,62.0,61,96.56,31,ep? s1750
1788363966,23:46:06,68.0,59.0,61.0,61,96.65,26,ep? s1750
1788363971,23:46:11,68.0,59.0,66.0,61,98.89,25,ep? s1750
1788363976,23:46:16,66.0,59.0,61.0,62,98.39,27,ep? s1750
1788363981,23:46:21,67.0,60.0,61.0,62,95.85,25,ep? s1750
1788363986,23:46:26,75.0,62.0,69.0,61,95.97,34,ep? s1750
1788363991,23:46:31,72.0,61.0,62.0,61,95.93,35,ep? s1750
1788363996,23:46:36,74.0,61.0,63.0,61,95.43,34,ep? s1750
1788364001,23:46:41,72.0,68.0,61.0,61,99.44,35,ep? s1750
1788364006,23:46:46,69.0,66.0,65.0,62,95.72,30,ep? s1750
1788364011,23:46:51,68.0,62.0,63.0,62,99.65,35,ep? s1800
1788364016,23:46:56,68.0,62.0,62.0,61,95.63,29,ep? s1800
1788364021,23:47:01,67.0,61.0,62.0,61,96.67,30,ep? s1800
1788364027,23:47:07,69.0,62.0,63.0,61,96.71,29,ep? s1800
1788364032,23:47:12,72.0,63.0,61.0,61,96.84,30,ep? s1800
1788364037,23:47:17,67.0,61.0,59.0,61,96.85,28,ep? s1800
1788364042,23:47:22,75.0,69.0,63.0,61,96.74,30,ep? s1800
1788364047,23:47:27,69.0,66.0,65.0,61,96.76,28,ep? s1800
1788364052,23:47:32,69.0,62.0,69.0,62,98.52,25,ep? s1800
1788364057,23:47:37,67.0,61.0,61.0,62,98.33,28,ep? s1800
1788364063,23:47:43,75.0,62.0,70.0,62,95.81,25,ep? s1850
1788364068,23:47:48,73.0,61.0,62.0,61,95.97,34,ep? s1850
1788364073,23:47:53,74.0,61.0,63.0,61,95.24,31,ep? s1850
1788364078,23:47:58,74.0,66.0,63.0,61,96.27,34,ep? s1850
1788364083,23:48:03,78.0,61.0,63.0,62,95.69,29,ep? s1850
1788364088,23:48:08,68.0,60.0,62.0,62,99.45,29,ep? s1850
1788364093,23:48:13,67.0,67.0,63.0,61,96.85,29,ep? s1850
1788364098,23:48:18,68.0,62.0,63.0,61,96.81,30,ep? s1850
1788364103,23:48:23,80.0,60.0,63.0,61,96.69,30,ep? s1850
1788364108,23:48:28,69.0,62.0,63.0,61,93.45,30,ep? s1850
1788364113,23:48:33,79.0,71.0,63.0,61,96.34,30,ep? s1900
1788364118,23:48:38,69.0,61.0,63.0,61,96.76,30,ep? s1900
1788364123,23:48:43,81.0,62.0,71.0,61,96.61,30,ep? s1900
1788364128,23:48:48,68.0,58.0,63.0,61,96.61,30,ep? s1900
1788364133,23:48:53,80.0,63.0,80.0,61,96.39,34,ep? s1900
1788364138,23:48:58,69.0,62.0,63.0,61,96.64,28,ep? s1900
1788364143,23:49:03,75.0,68.0,65.0,61,96.81,34,ep? s1900
1788364148,23:49:08,68.0,60.0,63.0,61,97.70,28,ep? s1900
1788364153,23:49:13,80.0,66.0,80.0,61,96.04,23,ep? s1900
1788364158,23:49:18,68.0,62.0,65.0,62,95.86,32,ep? s1900
1788364164,23:49:24,83.0,61.0,70.0,62,96.17,23,ep? s1950
1788364169,23:49:29,74.0,60.0,63.0,61,94.89,33,ep? s1950
1788364174,23:49:34,83.0,61.0,83.0,61,95.58,34,ep? s1950
1788364179,23:49:39,73.0,59.0,65.0,61,94.95,29,ep? s1950
1788364184,23:49:44,73.0,73.0,63.0,61,97.48,34,ep? s1950
1788364189,23:49:49,72.0,60.0,63.0,62,99.24,35,ep? s1950
1788364194,23:49:54,87.0,60.0,76.0,63,96.42,30,ep? s1950
1788364199,23:49:59,67.0,60.0,63.0,63,96.27,30,ep? s1950
1788364204,23:50:04,77.0,58.0,62.0,61,96.45,30,ep? s1950
1788364209,23:50:09,71.0,62.0,63.0,61,96.50,30,ep? s1950
1788364214,23:50:14,83.0,60.0,71.0,61,96.55,31,ep? s2000
1788364219,23:50:19,69.0,62.0,61.0,61,96.55,30,ep? s2000
1788364224,23:50:24,82.0,62.0,71.0,61,96.37,30,ep? s2000
1788364229,23:50:29,67.0,61.0,61.0,61,96.74,30,ep? s2000
1788364234,23:50:34,75.0,63.0,65.0,62,96.46,31,ep? s2000
1788364239,23:50:39,68.0,62.0,65.0,62,96.56,30,ep? s2000
1788364244,23:50:44,82.0,66.0,65.0,61,96.58,31,ep? s2000
1788364249,23:50:49,67.0,62.0,63.0,61,96.63,31,ep? s2000
1788364254,23:50:54,74.0,64.0,63.0,61,96.30,30,ep? s2000
1788364260,23:51:00,69.0,61.0,65.0,62,96.36,31,ep? s2000
1788364265,23:51:05,77.0,62.0,63.0,61,95.67,20,ep? s2050
1788364270,23:51:10,70.0,62.0,70.0,62,97.98,25,ep? s2050
1788364275,23:51:15,84.0,62.0,84.0,62,97.48,29,ep? s2050
1788364280,23:51:20,69.0,66.0,65.0,62,95.84,24,ep? s2050
1788364285,23:51:25,72.0,62.0,62.0,62,96.52,32,ep? s2050
1788364290,23:51:30,77.0,64.0,65.0,63,95.89,24,ep? s2050
1788364295,23:51:35,69.0,61.0,65.0,61,95.92,30,ep? s2050
1788364300,23:51:40,78.0,60.0,63.0,61,96.03,34,ep? s2050
1788364305,23:51:45,88.0,60.0,79.0,61,98.64,29,ep? s2050
1788364310,23:51:50,69.0,62.0,65.0,62,99.35,35,ep? s2050
1788364315,23:51:55,79.0,65.0,62.0,62,96.80,29,ep? s2100
1788364320,23:52:00,70.0,62.0,63.0,61,96.71,30,ep? s2100
1788364325,23:52:05,82.0,63.0,65.0,61,96.94,30,ep? s2100
1788364330,23:52:10,68.0,59.0,63.0,61,96.67,30,ep? s2100
1788364336,23:52:16,67.0,61.0,65.0,61,96.92,30,ep? s2100
1788364341,23:52:21,70.0,62.0,65.0,62,97.04,30,ep? s2100
1788364346,23:52:26,69.0,62.0,63.0,61,97.19,30,ep? s2100
1788364351,23:52:31,70.0,61.0,65.0,61,95.64,25,ep? s2100
1788364356,23:52:36,69.0,64.0,66.0,62,97.35,30,ep? s2100
1788364362,23:52:42,69.0,63.0,65.0,62,95.63,30,ep? s2100
1788364367,23:52:47,70.0,62.0,65.0,62,97.16,28,ep? s2150
1788364372,23:52:52,68.0,62.0,61.0,62,96.96,31,ep? s2150
1788364377,23:52:57,72.0,61.0,65.0,62,98.55,27,ep? s2150
1788364382,23:53:02,84.0,61.0,63.0,62,98.44,25,ep? s2150
1788364387,23:53:07,68.0,61.0,62.0,62,96.16,34,ep? s2150
1788364392,23:53:12,71.0,60.0,65.0,61,96.12,24,ep? s2150
1788364397,23:53:17,75.0,66.0,65.0,61,98.38,34,ep? s2150
1788364402,23:53:22,73.0,61.0,63.0,61,96.54,35,ep? s2150
1788364407,23:53:27,72.0,60.0,63.0,62,97.30,34,ep? s2150
1788364412,23:53:32,71.0,61.0,63.0,62,100.13,35,ep? s2150
1788364417,23:53:37,68.0,61.0,63.0,63,97.65,30,ep? s2200
1788364422,23:53:42,68.0,61.0,62.0,63,100.13,35,ep? s2200
1788364427,23:53:47,69.0,61.0,69.0,62,97.05,29,ep? s2200
1788364432,23:53:52,70.0,62.0,70.0,62,97.31,30,ep? s2200
1788364437,23:53:57,68.0,61.0,66.0,62,96.89,30,ep? s2200
1788364442,23:54:02,68.0,67.0,63.0,62,96.84,30,ep? s2200
1788364447,23:54:07,69.0,63.0,63.0,62,95.74,30,ep? s2200
1788364453,23:54:13,68.0,62.0,66.0,62,96.96,31,ep? s2200
1788364458,23:54:18,68.0,62.0,63.0,62,95.75,30,ep? s2200
1788364463,23:54:23,68.0,61.0,63.0,62,97.19,30,ep? s2200
1788364468,23:54:28,69.0,62.0,63.0,62,95.92,30,ep? s2250
1788364473,23:54:33,68.0,67.0,63.0,62,96.63,33,ep? s2250
1788364478,23:54:38,68.0,67.0,63.0,62,96.91,30,ep? s2250
1788364483,23:54:43,68.0,63.0,63.0,62,97.03,30,ep? s2250
1788364488,23:54:48,68.0,60.0,63.0,62,96.87,31,ep? s2250
1788364493,23:54:53,68.0,60.0,65.0,62,97.04,30,ep? s2250
1788364498,23:54:58,68.0,60.0,65.0,62,97.08,32,ep? s2250
1788364503,23:55:03,69.0,62.0,65.0,62,96.70,28,ep? s2250
1788364508,23:55:08,68.0,61.0,63.0,62,98.34,24,ep? s2250
1788364513,23:55:13,69.0,62.0,63.0,62,98.20,29,ep? s2250
1788364518,23:55:18,68.0,61.0,62.0,62,98.33,27,ep? s2300
1788364523,23:55:23,67.0,58.0,61.0,62,96.12,24,ep? s2300
1788364528,23:55:28,70.0,60.0,63.0,62,98.14,27,ep? s2300
1788364533,23:55:33,70.0,61.0,62.0,61,95.60,18,ep? s2300
1788364538,23:55:38,74.0,59.0,61.0,61,96.13,34,ep? s2300
1788364544,23:55:44,74.0,60.0,61.0,61,96.15,35,ep? s2300
1788364549,23:55:49,71.0,61.0,63.0,61,96.12,34,ep? s2300
1788364554,23:55:54,74.0,60.0,63.0,61,99.71,35,ep? s2300
1788364559,23:55:59,71.0,62.0,63.0,62,99.64,29,ep? s2300
1788364564,23:56:04,70.0,61.0,63.0,62,99.39,35,ep? s2300
1788364569,23:56:09,68.0,61.0,63.0,63,96.69,30,ep? s2350
1788364574,23:56:14,68.0,61.0,65.0,62,96.73,30,ep? s2350
1788364579,23:56:19,68.0,61.0,63.0,61,96.58,29,ep? s2350
1788364584,23:56:24,68.0,62.0,63.0,61,97.04,30,ep? s2350
1788364589,23:56:29,69.0,63.0,65.0,61,96.90,32,ep? s2350
1788364594,23:56:34,68.0,67.0,66.0,61,96.72,30,ep? s2350
1788364599,23:56:39,69.0,63.0,65.0,61,96.53,30,ep8
1788364604,23:56:44,67.0,59.0,63.0,62,96.71,30,ep8
1788364609,23:56:49,67.0,62.0,65.0,62,95.67,29,ep8
1788364614,23:56:54,68.0,62.0,65.0,62,96.87,28,ep8
1788364619,23:56:59,69.0,63.0,66.0,62,96.57,29,ep8
1788364624,23:57:04,68.0,63.0,63.0,62,98.42,27,ep8
1788364629,23:57:09,70.0,65.0,62.0,62,96.07,32,ep8
1788364635,23:57:15,70.0,62.0,62.0,62,98.01,27,ep8
1788364640,23:57:20,68.0,62.0,62.0,61,96.61,30,ep8
1788364645,23:57:25,67.0,62.0,61.0,61,96.36,30,ep8
1788364650,23:57:30,68.0,62.0,63.0,61,96.58,30,ep8
1788364655,23:57:35,69.0,62.0,63.0,62,96.50,30,ep8
1788364660,23:57:40,68.0,60.0,71.0,62,96.79,30,ep8
1788364666,23:57:46,67.0,61.0,62.0,62,96.55,30,ep8
1788364671,23:57:51,68.0,62.0,66.0,62,96.17,30,ep8
1788364676,23:57:56,67.0,64.0,62.0,61,93.12,25,ep8
1788364681,23:58:01,68.0,62.0,63.0,62,96.95,30,ep8
1788364686,23:58:06,67.0,61.0,61.0,62,96.78,30,ep8
1788364691,23:58:11,67.0,60.0,61.0,62,96.52,28,ep8
1788364696,23:58:16,67.0,60.0,61.0,62,96.97,29,ep8
1788364701,23:58:21,67.0,60.0,61.0,62,98.55,27,ep8
1788364706,23:58:26,75.0,63.0,59.0,61,95.46,32,ep8
1788364711,23:58:31,72.0,60.0,61.0,61,95.84,34,ep8
1788364716,23:58:36,73.0,63.0,67.0,61,95.35,29,ep8
1788364721,23:58:41,72.0,62.0,63.0,62,99.29,34,ep8
1788364726,23:58:46,72.0,60.0,61.0,62,98.93,35,ep8
1788364731,23:58:51,67.0,61.0,61.0,63,97.00,30,ep8
1788364736,23:58:56,67.0,61.0,61.0,61,96.72,30,ep8
1788364741,23:59:01,67.0,67.0,61.0,61,96.75,30,ep8
1788364746,23:59:06,67.0,62.0,62.0,61,96.57,30,ep8
1788364751,23:59:11,67.0,61.0,61.0,61,96.43,31,ep8
1788364756,23:59:16,92.0,66.0,92.0,61,96.89,30,ep8
1788364762,23:59:22,67.0,65.0,62.0,62,96.79,31,ep8
1788364767,23:59:27,68.0,61.0,63.0,62,96.91,30,ep8
1788364772,23:59:32,68.0,62.0,62.0,61,97.11,31,ep8
1788364777,23:59:37,68.0,62.0,66.0,62,97.25,30,ep8
1788364782,23:59:42,69.0,61.0,65.0,62,96.69,31,ep8
1788364787,23:59:47,67.0,63.0,63.0,62,97.22,29,ep8
1788364792,23:59:52,67.0,61.0,63.0,62,98.83,25,ep8
1788364797,23:59:57,65.0,59.0,63.0,62,98.08,29,ep8
1788364802,00:00:02,69.0,60.0,63.0,62,95.56,17,ep8
1788364807,00:00:07,65.0,58.0,65.0,62,97.09,33,ep8
1788364812,00:00:12,75.0,65.0,67.0,62,98.20,27,ep8
1788364817,00:00:17,69.0,63.0,61.0,61,96.59,33,ep8
1788364822,00:00:22,73.0,62.0,65.0,61,95.96,34,ep8
1788364827,00:00:27,74.0,62.0,65.0,61,95.88,32,ep8
1788364832,00:00:32,74.0,61.0,61.0,61,95.95,34,ep8
1788364837,00:00:37,71.0,63.0,63.0,62,99.14,29,ep8
1788364842,00:00:42,71.0,63.0,63.0,62,97.57,29,ep8
1788364847,00:00:47,67.0,62.0,65.0,61,96.79,30,ep8
1788364853,00:00:53,65.0,64.0,62.0,63,96.41,30,ep8
1788364858,00:00:58,69.0,60.0,69.0,62,96.88,30,ep8
1788364863,00:01:03,85.0,66.0,85.0,62,96.95,30,ep8
1788364868,00:01:08,67.0,60.0,62.0,62,96.86,30,ep8
1788364873,00:01:13,68.0,61.0,63.0,62,97.15,30,ep8
1788364878,00:01:18,67.0,60.0,62.0,62,95.64,30,ep8
1788364883,00:01:23,67.0,62.0,65.0,62,96.71,30,ep8
1788364888,00:01:28,68.0,61.0,63.0,62,95.83,30,ep8
1788364893,00:01:33,68.0,60.0,63.0,62,97.26,30,ep8
1788364898,00:01:38,69.0,65.0,65.0,62,96.81,34,ep8
1788364903,00:01:43,67.0,60.0,65.0,62,96.48,29,ep8
1788364908,00:01:48,68.0,61.0,65.0,62,96.85,34,ep8
1788364913,00:01:53,67.0,61.0,61.0,62,96.46,28,ep8
1788364918,00:01:58,75.0,65.0,70.0,62,96.89,27,ep8
1788364923,00:02:03,67.0,62.0,62.0,62,98.13,28,ep8
1788364928,00:02:08,69.0,62.0,69.0,62,98.38,27,ep8
1788364933,00:02:13,68.0,62.0,62.0,62,96.81,32,ep8
1788364938,00:02:18,68.0,62.0,62.0,62,98.59,27,ep8
1788364944,00:02:24,68.0,62.0,70.0,62,96.69,30,ep8
1788364949,00:02:29,68.0,63.0,63.0,62,96.62,30,ep8
1788364954,00:02:34,67.0,61.0,62.0,62,96.76,30,ep8
1788364959,00:02:39,69.0,63.0,66.0,62,97.06,30,ep8
1788364964,00:02:44,67.0,62.0,63.0,62,96.81,30,ep8
1788364969,00:02:49,68.0,63.0,66.0,62,97.23,30,ep8
1788364974,00:02:54,69.0,62.0,65.0,62,96.96,30,ep8
1788364980,00:03:00,69.0,62.0,65.0,62,97.32,30,ep8
1788364985,00:03:05,69.0,62.0,65.0,62,97.21,31,ep8
1788364990,00:03:10,68.0,62.0,63.0,62,97.06,30,ep8
1788364995,00:03:15,68.0,62.0,63.0,62,96.70,31,ep8
1788365000,00:03:20,68.0,63.0,66.0,62,97.64,29,ep8
1788365005,00:03:25,68.0,62.0,65.0,62,96.04,17,ep8
1788365010,00:03:30,70.0,60.0,63.0,62,97.47,29,ep8
1788365015,00:03:35,67.0,60.0,61.0,62,96.01,20,ep8
1788365020,00:03:40,67.0,60.0,63.0,62,97.43,32,ep8
1788365025,00:03:45,73.0,62.0,61.0,61,95.87,34,ep8
1788365030,00:03:50,72.0,61.0,61.0,61,96.47,33,ep8
1788365035,00:03:55,72.0,60.0,59.0,61,96.32,34,ep8
1788365040,00:04:00,75.0,63.0,65.0,62,99.61,29,ep8
1788365045,00:04:05,73.0,63.0,65.0,62,97.58,34,ep8
1788365050,00:04:10,68.0,61.0,63.0,62,95.61,29,ep8
1788365055,00:04:15,68.0,60.0,62.0,62,98.53,30,ep8
1788365060,00:04:20,65.0,61.0,62.0,61,97.34,30,ep8
1788365065,00:04:25,67.0,59.0,61.0,61,97.07,29,ep8
1788365071,00:04:31,67.0,60.0,61.0,61,95.63,30,ep8
1788365076,00:04:36,67.0,61.0,61.0,61,96.78,30,ep8
1788365081,00:04:41,67.0,59.0,61.0,62,97.08,30,ep8
                                                                                                                                                                                                                                                                    1788400773,09:59:33,41.0,41.0,33.0,33,58.04,0,ep8
1788400778,09:59:38,82.0,60.0,82.0,33,57.38,0,ep8
1788400783,09:59:43,62.0,56.0,52.0,33,55.83,0,ep8
1788400788,09:59:48,71.0,65.0,62.0,32,19.78,0,ep8
1788400794,09:59:54,53.0,30.0,53.0,31,12.20,0,ep8
1788400799,09:59:59,36.0,32.0,35.0,31,12.46,0,ep8
1788400804,10:00:04,34.0,30.0,31.0,31,12.81,0,ep8
1788400809,10:00:09,34.0,29.0,32.0,31,12.68,0,ep8
1788400814,10:00:14,35.0,31.0,34.0,33,29.32,7,ep8
1788400819,10:00:19,35.0,30.0,33.0,34,40.73,0,ep8
1788400824,10:00:24,34.0,29.0,32.0,33,14.07,0,ep8
1788400829,10:00:29,34.0,30.0,33.0,33,40.32,1,ep8
1788400835,10:00:35,47.0,47.0,43.0,35,57.99,3,ep8
1788400840,10:00:40,54.0,54.0,45.0,33,15.87,2,ep8
1788400845,10:00:45,35.0,31.0,33.0,33,16.29,2,ep8
1788400850,10:00:50,35.0,29.0,33.0,34,18.91,7,ep8
1788400855,10:00:55,35.0,29.0,33.0,34,19.04,7,ep8
1788400860,10:01:00,35.0,30.0,32.0,34,17.77,3,ep8
1788400865,10:01:05,35.0,31.0,34.0,33,13.34,0,ep8
1788400870,10:01:10,35.0,31.0,35.0,35,22.50,7,ep8
1788400875,10:01:15,34.0,30.0,32.0,34,13.76,0,ep8
1788400880,10:01:20,35.0,31.0,34.0,34,13.34,0,ep8
1788400885,10:01:25,34.0,29.0,34.0,34,12.88,0,ep8
1788400890,10:01:30,35.0,31.0,33.0,34,13.01,0,ep8
1788400895,10:01:35,35.0,29.0,32.0,34,15.84,0,ep8
1788400900,10:01:40,35.0,31.0,34.0,34,14.30,1,ep8
1788400906,10:01:46,34.0,29.0,32.0,34,14.19,1,ep8
1788400911,10:01:51,35.0,31.0,32.0,34,14.01,0,ep8
1788400916,10:01:56,35.0,30.0,33.0,34,13.81,2,ep8
1788400921,10:02:01,35.0,31.0,32.0,34,14.61,2,ep8
1788400926,10:02:06,34.0,29.0,32.0,34,13.95,3,ep8
1788400931,10:02:11,35.0,30.0,33.0,35,14.51,1,ep8
1788400936,10:02:16,35.0,31.0,32.0,35,13.71,1,ep8
1788400941,10:02:21,35.0,30.0,33.0,35,20.50,11,ep8
1788400946,10:02:26,35.0,29.0,32.0,35,20.55,10,ep8
1788400951,10:02:31,35.0,30.0,32.0,36,20.35,13,ep8
1788400956,10:02:36,35.0,29.0,34.0,36,20.43,9,ep8
1788400961,10:02:41,34.0,30.0,34.0,36,20.78,11,ep8
1788400966,10:02:46,35.0,30.0,35.0,36,20.76,8,ep8
1788400971,10:02:51,34.0,31.0,32.0,36,20.93,8,ep8
1788400976,10:02:56,35.0,30.0,32.0,36,20.82,8,ep8
1788400982,10:03:02,35.0,30.0,33.0,36,20.91,9,ep8
1788400987,10:03:07,35.0,31.0,32.0,37,20.61,9,ep8
1788400992,10:03:12,36.0,31.0,35.0,37,20.61,8,ep8
1788400997,10:03:17,35.0,31.0,34.0,37,20.61,8,ep8
1788401002,10:03:22,35.0,30.0,33.0,37,20.67,9,ep8
1788401007,10:03:27,35.0,31.0,34.0,37,20.74,10,ep8
1788401012,10:03:32,35.0,31.0,34.0,37,20.42,8,ep8
1788401017,10:03:37,35.0,30.0,34.0,37,20.60,8,ep8
1788401022,10:03:42,35.0,31.0,35.0,37,20.22,8,ep8
1788401027,10:03:47,34.0,31.0,33.0,37,20.25,8,ep8
1788401032,10:03:52,35.0,31.0,33.0,38,20.70,9,ep8
1788401037,10:03:57,35.0,30.0,33.0,38,20.61,8,ep8
1788401043,10:04:03,35.0,31.0,33.0,38,20.77,8,ep8
1788401048,10:04:08,35.0,28.0,33.0,38,20.67,8,ep8
1788401053,10:04:13,35.0,31.0,33.0,38,20.81,8,ep8
1788401058,10:04:18,35.0,31.0,33.0,38,20.48,8,ep8
1788401063,10:04:23,35.0,30.0,32.0,38,20.72,9,ep8
1788401068,10:04:28,36.0,30.0,32.0,38,20.68,9,ep8
1788401073,10:04:33,35.0,31.0,34.0,38,20.24,9,ep8
1788401081,10:04:41,34.0,30.0,34.0,39,20.17,9,ep8
1788401086,10:04:46,35.0,30.0,32.0,39,20.16,8,ep8
1788401091,10:04:51,35.0,31.0,35.0,39,20.38,8,ep8
1788401097,10:04:57,35.0,31.0,33.0,39,20.11,8,ep8
1788401102,10:05:02,55.0,55.0,38.0,39,20.25,8,ep8
1788401107,10:05:07,35.0,31.0,35.0,39,20.20,15,ep8
1788401112,10:05:12,35.0,31.0,32.0,39,20.55,14,ep8
1788401117,10:05:17,35.0,30.0,34.0,39,20.29,15,ep8
1788401122,10:05:22,35.0,30.0,33.0,39,20.13,13,ep8
1788401127,10:05:27,34.0,33.0,34.0,39,20.72,15,ep8
1788401132,10:05:32,35.0,31.0,34.0,40,20.29,15,ep8
1788401137,10:05:37,35.0,31.0,34.0,39,15.06,5,ep8
1788401142,10:05:42,35.0,30.0,34.0,39,14.88,5,ep8
1788401147,10:05:47,35.0,30.0,35.0,39,14.87,5,ep8
1788401152,10:05:52,35.0,30.0,33.0,39,14.83,5,ep8
1788401157,10:05:57,35.0,31.0,32.0,39,14.90,5,ep8
1788401163,10:06:03,35.0,31.0,34.0,39,14.91,5,ep8
1788401168,10:06:08,35.0,31.0,33.0,39,14.70,5,ep8
1788401173,10:06:13,35.0,31.0,32.0,39,14.77,5,ep8
1788401178,10:06:18,35.0,27.0,34.0,39,14.82,5,ep8
1788401183,10:06:23,35.0,31.0,35.0,39,14.80,5,ep8
1788401188,10:06:28,36.0,31.0,33.0,40,17.45,13,ep8
1788401193,10:06:33,35.0,29.0,35.0,39,14.89,5,ep8
1788401198,10:06:38,35.0,31.0,33.0,39,16.78,5,ep8
1788401203,10:06:43,35.0,31.0,34.0,39,14.96,5,ep8
1788401208,10:06:48,35.0,31.0,34.0,39,14.98,5,ep8
1788401213,10:06:53,35.0,31.0,35.0,40,16.14,5,ep8
1788401218,10:06:58,35.0,31.0,35.0,40,20.51,15,ep8
1788401223,10:07:03,35.0,30.0,34.0,40,20.21,19,ep8
1788401229,10:07:09,35.0,32.0,34.0,40,20.36,16,ep8
1788401234,10:07:14,35.0,31.0,33.0,40,20.68,17,ep8
1788401239,10:07:19,35.0,31.0,35.0,40,20.27,17,ep8
1788401244,10:07:24,35.0,31.0,34.0,41,19.93,19,ep8
1788401249,10:07:29,35.0,31.0,33.0,41,20.19,17,ep8
