2026-06-20 00:03:22,261 - INFO - Loading config from configs/sdsd_stage2.yaml
2026-06-20 00:03:22,289 - INFO - Using device: cuda
2026-06-20 00:03:23,142 - INFO - Epoch 1 / 150
2026-06-20 00:03:46,070 - INFO - step 50/4127 loss=0.4746 pix=0.1828 freq=0.0165 ssim=0.5063 perc=0.6702 illum=0.0012 inter=0.1828
2026-06-20 00:04:13,992 - INFO - step 100/4127 loss=0.4410 pix=0.1692 freq=0.0155 ssim=0.4589 perc=0.6388 illum=0.0006 inter=0.1692
2026-06-20 00:04:49,798 - INFO - step 150/4127 loss=0.4218 pix=0.1612 freq=0.0148 ssim=0.4314 perc=0.6220 illum=0.0004 inter=0.1612
2026-06-20 00:05:31,894 - INFO - step 200/4127 loss=0.4120 pix=0.1556 freq=0.0145 ssim=0.4218 perc=0.6197 illum=0.0003 inter=0.1556
2026-06-20 00:06:13,060 - INFO - step 250/4127 loss=0.4057 pix=0.1532 freq=0.0141 ssim=0.4115 perc=0.6143 illum=0.0002 inter=0.1532
2026-06-20 00:07:04,655 - INFO - step 300/4127 loss=0.4066 pix=0.1536 freq=0.0140 ssim=0.4099 perc=0.6180 illum=0.0002 inter=0.1536
2026-06-20 00:07:47,641 - INFO - step 350/4127 loss=0.4014 pix=0.1518 freq=0.0138 ssim=0.4010 perc=0.6126 illum=0.0002 inter=0.1518
2026-06-20 00:08:20,728 - INFO - step 400/4127 loss=0.4016 pix=0.1519 freq=0.0137 ssim=0.3996 perc=0.6146 illum=0.0002 inter=0.1519
2026-06-20 00:08:57,548 - INFO - step 450/4127 loss=0.3953 pix=0.1494 freq=0.0135 ssim=0.3898 perc=0.6092 illum=0.0001 inter=0.1494
2026-06-20 00:09:29,680 - INFO - step 500/4127 loss=0.3937 pix=0.1498 freq=0.0133 ssim=0.3841 perc=0.6041 illum=0.0001 inter=0.1498
2026-06-20 00:10:08,664 - INFO - step 550/4127 loss=0.3900 pix=0.1485 freq=0.0131 ssim=0.3774 perc=0.6011 illum=0.0001 inter=0.1485
2026-06-20 00:10:41,268 - INFO - step 600/4127 loss=0.3855 pix=0.1463 freq=0.0131 ssim=0.3718 perc=0.5979 illum=0.0001 inter=0.1463
2026-06-20 00:11:14,676 - INFO - step 650/4127 loss=0.3807 pix=0.1445 freq=0.0129 ssim=0.3653 perc=0.5924 illum=0.0001 inter=0.1445
2026-06-20 00:11:45,419 - INFO - step 700/4127 loss=0.3766 pix=0.1428 freq=0.0129 ssim=0.3599 perc=0.5881 illum=0.0001 inter=0.1428
2026-06-20 00:12:17,540 - INFO - step 750/4127 loss=0.3735 pix=0.1414 freq=0.0128 ssim=0.3572 perc=0.5849 illum=0.0001 inter=0.1414
2026-06-20 00:12:45,723 - INFO - step 800/4127 loss=0.3715 pix=0.1404 freq=0.0127 ssim=0.3554 perc=0.5830 illum=0.0001 inter=0.1404
2026-06-20 00:13:15,242 - INFO - step 850/4127 loss=0.3685 pix=0.1393 freq=0.0127 ssim=0.3514 perc=0.5788 illum=0.0001 inter=0.1393
2026-06-20 00:13:45,381 - INFO - step 900/4127 loss=0.3658 pix=0.1380 freq=0.0126 ssim=0.3485 perc=0.5768 illum=0.0001 inter=0.1380
2026-06-20 00:14:12,178 - INFO - step 950/4127 loss=0.3643 pix=0.1374 freq=0.0126 ssim=0.3468 perc=0.5752 illum=0.0001 inter=0.1374
2026-06-20 00:14:43,510 - INFO - step 1000/4127 loss=0.3619 pix=0.1360 freq=0.0126 ssim=0.3453 perc=0.5737 illum=0.0001 inter=0.1360
2026-06-20 00:15:14,981 - INFO - step 1050/4127 loss=0.3593 pix=0.1350 freq=0.0126 ssim=0.3421 perc=0.5705 illum=0.0001 inter=0.1350
2026-06-20 00:15:43,573 - INFO - step 1100/4127 loss=0.3575 pix=0.1340 freq=0.0126 ssim=0.3415 perc=0.5689 illum=0.0001 inter=0.1340
2026-06-20 00:16:14,175 - INFO - step 1150/4127 loss=0.3549 pix=0.1329 freq=0.0125 ssim=0.3387 perc=0.5655 illum=0.0001 inter=0.1329
2026-06-20 00:16:45,795 - INFO - step 1200/4127 loss=0.3527 pix=0.1319 freq=0.0125 ssim=0.3370 perc=0.5629 illum=0.0001 inter=0.1319
2026-06-20 00:17:24,897 - INFO - step 1250/4127 loss=0.3511 pix=0.1314 freq=0.0125 ssim=0.3347 perc=0.5605 illum=0.0001 inter=0.1314
2026-06-20 00:18:01,292 - INFO - step 1300/4127 loss=0.3493 pix=0.1306 freq=0.0125 ssim=0.3325 perc=0.5585 illum=0.0001 inter=0.1306
2026-06-20 00:18:26,064 - INFO - step 1350/4127 loss=0.3481 pix=0.1303 freq=0.0125 ssim=0.3307 perc=0.5569 illum=0.0001 inter=0.1303
2026-06-20 00:18:58,523 - INFO - step 1400/4127 loss=0.3465 pix=0.1295 freq=0.0125 ssim=0.3294 perc=0.5547 illum=0.0001 inter=0.1295
2026-06-20 00:19:30,986 - INFO - step 1450/4127 loss=0.3444 pix=0.1289 freq=0.0124 ssim=0.3267 perc=0.5511 illum=0.0001 inter=0.1289
2026-06-20 00:19:56,756 - INFO - step 1500/4127 loss=0.3430 pix=0.1284 freq=0.0124 ssim=0.3249 perc=0.5491 illum=0.0001 inter=0.1284
2026-06-20 00:20:23,666 - INFO - step 1550/4127 loss=0.3421 pix=0.1281 freq=0.0124 ssim=0.3241 perc=0.5475 illum=0.0001 inter=0.1281
2026-06-20 00:20:52,228 - INFO - step 1600/4127 loss=0.3416 pix=0.1281 freq=0.0124 ssim=0.3228 perc=0.5458 illum=0.0001 inter=0.1282
2026-06-20 00:21:26,053 - INFO - step 1650/4127 loss=0.3403 pix=0.1279 freq=0.0124 ssim=0.3205 perc=0.5432 illum=0.0001 inter=0.1279
2026-06-20 00:21:49,584 - INFO - step 1700/4127 loss=0.3400 pix=0.1280 freq=0.0124 ssim=0.3196 perc=0.5420 illum=0.0001 inter=0.1280
2026-06-20 00:22:18,632 - INFO - step 1750/4127 loss=0.3394 pix=0.1279 freq=0.0124 ssim=0.3188 perc=0.5407 illum=0.0001 inter=0.1279
2026-06-20 00:22:47,024 - INFO - step 1800/4127 loss=0.3387 pix=0.1276 freq=0.0125 ssim=0.3183 perc=0.5397 illum=0.0001 inter=0.1276
2026-06-20 00:23:17,750 - INFO - step 1850/4127 loss=0.3381 pix=0.1275 freq=0.0124 ssim=0.3172 perc=0.5384 illum=0.0001 inter=0.1275
2026-06-20 00:23:52,735 - INFO - step 1900/4127 loss=0.3378 pix=0.1275 freq=0.0125 ssim=0.3163 perc=0.5376 illum=0.0001 inter=0.1275
2026-06-20 00:24:20,110 - INFO - step 1950/4127 loss=0.3364 pix=0.1269 freq=0.0125 ssim=0.3151 perc=0.5362 illum=0.0001 inter=0.1269
2026-06-20 00:24:45,855 - INFO - step 2000/4127 loss=0.3352 pix=0.1264 freq=0.0124 ssim=0.3137 perc=0.5346 illum=0.0001 inter=0.1264
2026-06-20 00:25:18,410 - INFO - step 2050/4127 loss=0.3341 pix=0.1260 freq=0.0124 ssim=0.3125 perc=0.5329 illum=0.0002 inter=0.1260
2026-06-20 00:25:48,802 - INFO - step 2100/4127 loss=0.3335 pix=0.1256 freq=0.0124 ssim=0.3120 perc=0.5326 illum=0.0002 inter=0.1256
2026-06-20 00:26:15,388 - INFO - step 2150/4127 loss=0.3329 pix=0.1254 freq=0.0124 ssim=0.3113 perc=0.5315 illum=0.0002 inter=0.1254
2026-06-20 00:26:41,448 - INFO - step 2200/4127 loss=0.3325 pix=0.1253 freq=0.0124 ssim=0.3109 perc=0.5309 illum=0.0002 inter=0.1253
2026-06-20 00:27:16,001 - INFO - step 2250/4127 loss=0.3314 pix=0.1249 freq=0.0124 ssim=0.3095 perc=0.5293 illum=0.0002 inter=0.1249
2026-06-20 00:27:42,047 - INFO - step 2300/4127 loss=0.3311 pix=0.1248 freq=0.0124 ssim=0.3095 perc=0.5287 illum=0.0002 inter=0.1248
2026-06-20 00:28:14,975 - INFO - step 2350/4127 loss=0.3308 pix=0.1247 freq=0.0124 ssim=0.3095 perc=0.5278 illum=0.0002 inter=0.1247
2026-06-20 00:28:42,413 - INFO - step 2400/4127 loss=0.3300 pix=0.1243 freq=0.0124 ssim=0.3088 perc=0.5272 illum=0.0002 inter=0.1243
2026-06-20 00:29:12,949 - INFO - step 2450/4127 loss=0.3301 pix=0.1243 freq=0.0125 ssim=0.3089 perc=0.5271 illum=0.0002 inter=0.1243
2026-06-20 00:29:44,524 - INFO - step 2500/4127 loss=0.3296 pix=0.1241 freq=0.0125 ssim=0.3087 perc=0.5267 illum=0.0002 inter=0.1241
2026-06-20 00:30:15,012 - INFO - step 2550/4127 loss=0.3291 pix=0.1238 freq=0.0125 ssim=0.3086 perc=0.5265 illum=0.0002 inter=0.1238
2026-06-20 00:30:41,989 - INFO - step 2600/4127 loss=0.3288 pix=0.1235 freq=0.0125 ssim=0.3084 perc=0.5263 illum=0.0002 inter=0.1235
2026-06-20 00:31:10,205 - INFO - step 2650/4127 loss=0.3283 pix=0.1233 freq=0.0125 ssim=0.3078 perc=0.5258 illum=0.0002 inter=0.1233
2026-06-20 00:31:40,040 - INFO - step 2700/4127 loss=0.3280 pix=0.1231 freq=0.0125 ssim=0.3081 perc=0.5255 illum=0.0002 inter=0.1231
2026-06-20 00:32:06,447 - INFO - step 2750/4127 loss=0.3274 pix=0.1227 freq=0.0125 ssim=0.3079 perc=0.5251 illum=0.0002 inter=0.1228
2026-06-20 00:32:34,967 - INFO - step 2800/4127 loss=0.3268 pix=0.1225 freq=0.0125 ssim=0.3072 perc=0.5243 illum=0.0002 inter=0.1225
2026-06-20 00:33:00,868 - INFO - step 2850/4127 loss=0.3267 pix=0.1225 freq=0.0125 ssim=0.3071 perc=0.5242 illum=0.0002 inter=0.1225
2026-06-20 00:33:29,160 - INFO - step 2900/4127 loss=0.3263 pix=0.1222 freq=0.0125 ssim=0.3069 perc=0.5239 illum=0.0002 inter=0.1222
2026-06-20 00:33:59,502 - INFO - step 2950/4127 loss=0.3262 pix=0.1222 freq=0.0126 ssim=0.3069 perc=0.5239 illum=0.0002 inter=0.1222
2026-06-20 00:34:28,999 - INFO - step 3000/4127 loss=0.3259 pix=0.1220 freq=0.0126 ssim=0.3066 perc=0.5236 illum=0.0002 inter=0.1220
2026-06-20 00:34:59,663 - INFO - step 3050/4127 loss=0.3258 pix=0.1220 freq=0.0126 ssim=0.3063 perc=0.5231 illum=0.0002 inter=0.1220
2026-06-20 00:35:24,686 - INFO - step 3100/4127 loss=0.3253 pix=0.1218 freq=0.0126 ssim=0.3057 perc=0.5226 illum=0.0002 inter=0.1218
2026-06-20 00:35:53,320 - INFO - step 3150/4127 loss=0.3250 pix=0.1218 freq=0.0126 ssim=0.3052 perc=0.5219 illum=0.0002 inter=0.1218
2026-06-20 00:36:18,277 - INFO - step 3200/4127 loss=0.3245 pix=0.1216 freq=0.0126 ssim=0.3047 perc=0.5211 illum=0.0002 inter=0.1216
2026-06-20 00:36:55,940 - INFO - step 3250/4127 loss=0.3241 pix=0.1214 freq=0.0126 ssim=0.3042 perc=0.5208 illum=0.0002 inter=0.1214
2026-06-20 00:37:24,830 - INFO - step 3300/4127 loss=0.3239 pix=0.1214 freq=0.0126 ssim=0.3042 perc=0.5204 illum=0.0002 inter=0.1214
2026-06-20 00:37:52,460 - INFO - step 3350/4127 loss=0.3240 pix=0.1214 freq=0.0127 ssim=0.3044 perc=0.5203 illum=0.0002 inter=0.1214
2026-06-20 00:38:22,253 - INFO - step 3400/4127 loss=0.3237 pix=0.1213 freq=0.0126 ssim=0.3039 perc=0.5196 illum=0.0002 inter=0.1213
2026-06-20 00:38:49,242 - INFO - step 3450/4127 loss=0.3235 pix=0.1213 freq=0.0127 ssim=0.3037 perc=0.5193 illum=0.0002 inter=0.1213
2026-06-20 00:39:15,795 - INFO - step 3500/4127 loss=0.3232 pix=0.1211 freq=0.0127 ssim=0.3034 perc=0.5191 illum=0.0001 inter=0.1211
2026-06-20 00:39:44,720 - INFO - step 3550/4127 loss=0.3228 pix=0.1209 freq=0.0127 ssim=0.3032 perc=0.5187 illum=0.0002 inter=0.1209
2026-06-20 00:40:13,113 - INFO - step 3600/4127 loss=0.3227 pix=0.1208 freq=0.0127 ssim=0.3032 perc=0.5184 illum=0.0001 inter=0.1208
2026-06-20 00:40:40,195 - INFO - step 3650/4127 loss=0.3223 pix=0.1208 freq=0.0127 ssim=0.3027 perc=0.5173 illum=0.0001 inter=0.1208
2026-06-20 00:41:08,166 - INFO - step 3700/4127 loss=0.3217 pix=0.1205 freq=0.0127 ssim=0.3022 perc=0.5168 illum=0.0001 inter=0.1205
2026-06-20 00:41:36,974 - INFO - step 3750/4127 loss=0.3215 pix=0.1204 freq=0.0127 ssim=0.3019 perc=0.5167 illum=0.0001 inter=0.1204
2026-06-20 00:42:08,143 - INFO - step 3800/4127 loss=0.3216 pix=0.1206 freq=0.0127 ssim=0.3016 perc=0.5162 illum=0.0001 inter=0.1206
2026-06-20 00:42:33,932 - INFO - step 3850/4127 loss=0.3216 pix=0.1205 freq=0.0127 ssim=0.3018 perc=0.5163 illum=0.0001 inter=0.1205
2026-06-20 00:43:00,960 - INFO - step 3900/4127 loss=0.3210 pix=0.1203 freq=0.0127 ssim=0.3011 perc=0.5156 illum=0.0001 inter=0.1203
2026-06-20 00:43:27,284 - INFO - step 3950/4127 loss=0.3209 pix=0.1203 freq=0.0127 ssim=0.3007 perc=0.5152 illum=0.0001 inter=0.1203
2026-06-20 00:43:57,673 - INFO - step 4000/4127 loss=0.3203 pix=0.1201 freq=0.0127 ssim=0.3004 perc=0.5144 illum=0.0001 inter=0.1201
2026-06-20 00:44:25,542 - INFO - step 4050/4127 loss=0.3200 pix=0.1200 freq=0.0127 ssim=0.2998 perc=0.5136 illum=0.0001 inter=0.1200
2026-06-20 00:44:52,049 - INFO - step 4100/4127 loss=0.3195 pix=0.1197 freq=0.0127 ssim=0.2996 perc=0.5132 illum=0.0001 inter=0.1197
2026-06-20 00:45:05,391 - INFO - Train stats: {'loss_total': 0.3191871492204111, 'loss_pix': 0.11962773120280151, 'loss_freq': 0.012686589667822962, 'loss_ssim': 0.299222907102225, 'loss_perc': 0.512776085070288, 'loss_illum': 0.00013826352412955919, 'loss_inter': 0.11963191242340361}
2026-06-20 00:45:05,391 - INFO - Epoch 2 / 150
2026-06-20 00:45:33,060 - INFO - step 50/4127 loss=0.2941 pix=0.1105 freq=0.0132 ssim=0.2685 perc=0.4774 illum=0.0001 inter=0.1105
2026-06-20 00:46:00,105 - INFO - step 100/4127 loss=0.2992 pix=0.1112 freq=0.0132 ssim=0.2795 perc=0.4874 illum=0.0001 inter=0.1112
2026-06-20 00:46:22,715 - INFO - step 150/4127 loss=0.2995 pix=0.1120 freq=0.0132 ssim=0.2747 perc=0.4881 illum=0.0001 inter=0.1120
2026-06-20 00:46:43,252 - INFO - step 200/4127 loss=0.2959 pix=0.1103 freq=0.0131 ssim=0.2747 perc=0.4815 illum=0.0001 inter=0.1103
2026-06-20 00:47:04,955 - INFO - step 250/4127 loss=0.2940 pix=0.1099 freq=0.0126 ssim=0.2744 perc=0.4745 illum=0.0001 inter=0.1099
2026-06-20 00:47:23,582 - INFO - step 300/4127 loss=0.2957 pix=0.1115 freq=0.0127 ssim=0.2720 perc=0.4757 illum=0.0001 inter=0.1115
2026-06-20 00:47:42,436 - INFO - step 350/4127 loss=0.2989 pix=0.1124 freq=0.0128 ssim=0.2777 perc=0.4798 illum=0.0001 inter=0.1124
2026-06-20 00:47:58,394 - INFO - step 400/4127 loss=0.3017 pix=0.1138 freq=0.0128 ssim=0.2791 perc=0.4833 illum=0.0001 inter=0.1138
2026-06-20 00:48:16,869 - INFO - step 450/4127 loss=0.3031 pix=0.1155 freq=0.0127 ssim=0.2778 perc=0.4804 illum=0.0001 inter=0.1155
2026-06-20 00:48:39,849 - INFO - step 500/4127 loss=0.3034 pix=0.1157 freq=0.0127 ssim=0.2780 perc=0.4803 illum=0.0001 inter=0.1157
2026-06-20 00:49:00,977 - INFO - step 550/4127 loss=0.3020 pix=0.1148 freq=0.0127 ssim=0.2763 perc=0.4812 illum=0.0001 inter=0.1148
2026-06-20 00:49:29,892 - INFO - step 600/4127 loss=0.3018 pix=0.1146 freq=0.0128 ssim=0.2758 perc=0.4820 illum=0.0001 inter=0.1146
2026-06-20 00:49:58,905 - INFO - step 650/4127 loss=0.3028 pix=0.1151 freq=0.0128 ssim=0.2765 perc=0.4830 illum=0.0001 inter=0.1151
2026-06-20 00:50:26,046 - INFO - step 700/4127 loss=0.3041 pix=0.1156 freq=0.0129 ssim=0.2782 perc=0.4843 illum=0.0001 inter=0.1156
2026-06-20 00:50:50,275 - INFO - step 750/4127 loss=0.3018 pix=0.1148 freq=0.0128 ssim=0.2756 perc=0.4811 illum=0.0001 inter=0.1148
2026-06-20 00:51:20,924 - INFO - step 800/4127 loss=0.3027 pix=0.1153 freq=0.0128 ssim=0.2766 perc=0.4808 illum=0.0001 inter=0.1153
2026-06-20 00:51:50,907 - INFO - step 850/4127 loss=0.3018 pix=0.1150 freq=0.0128 ssim=0.2754 perc=0.4798 illum=0.0001 inter=0.1150
2026-06-20 00:52:23,286 - INFO - step 900/4127 loss=0.3013 pix=0.1146 freq=0.0128 ssim=0.2756 perc=0.4795 illum=0.0001 inter=0.1146
2026-06-20 00:52:56,285 - INFO - step 950/4127 loss=0.3003 pix=0.1143 freq=0.0127 ssim=0.2745 perc=0.4781 illum=0.0001 inter=0.1143
2026-06-20 00:53:37,046 - INFO - step 1000/4127 loss=0.2993 pix=0.1137 freq=0.0127 ssim=0.2735 perc=0.4774 illum=0.0001 inter=0.1137
2026-06-20 00:54:09,415 - INFO - step 1050/4127 loss=0.2994 pix=0.1139 freq=0.0127 ssim=0.2739 perc=0.4767 illum=0.0001 inter=0.1139
2026-06-20 00:54:42,379 - INFO - step 1100/4127 loss=0.3003 pix=0.1142 freq=0.0128 ssim=0.2752 perc=0.4776 illum=0.0001 inter=0.1142
2026-06-20 00:55:13,521 - INFO - step 1150/4127 loss=0.3002 pix=0.1143 freq=0.0128 ssim=0.2749 perc=0.4770 illum=0.0001 inter=0.1143
2026-06-20 00:55:42,815 - INFO - step 1200/4127 loss=0.3011 pix=0.1147 freq=0.0128 ssim=0.2757 perc=0.4778 illum=0.0001 inter=0.1147
2026-06-20 00:56:16,247 - INFO - step 1250/4127 loss=0.3004 pix=0.1143 freq=0.0128 ssim=0.2753 perc=0.4771 illum=0.0001 inter=0.1143
2026-06-20 00:56:47,523 - INFO - step 1300/4127 loss=0.3010 pix=0.1144 freq=0.0128 ssim=0.2765 perc=0.4780 illum=0.0001 inter=0.1144
2026-06-20 00:57:20,264 - INFO - step 1350/4127 loss=0.3015 pix=0.1146 freq=0.0129 ssim=0.2773 perc=0.4791 illum=0.0001 inter=0.1146
2026-06-20 00:57:52,788 - INFO - step 1400/4127 loss=0.3017 pix=0.1147 freq=0.0129 ssim=0.2778 perc=0.4789 illum=0.0001 inter=0.1147
2026-06-20 00:58:21,635 - INFO - step 1450/4127 loss=0.3012 pix=0.1145 freq=0.0129 ssim=0.2771 perc=0.4784 illum=0.0001 inter=0.1145
2026-06-20 00:58:49,795 - INFO - step 1500/4127 loss=0.3010 pix=0.1144 freq=0.0128 ssim=0.2769 perc=0.4779 illum=0.0001 inter=0.1144
2026-06-20 00:59:20,842 - INFO - step 1550/4127 loss=0.3014 pix=0.1147 freq=0.0129 ssim=0.2769 perc=0.4781 illum=0.0001 inter=0.1147
2026-06-20 00:59:49,827 - INFO - step 1600/4127 loss=0.3018 pix=0.1150 freq=0.0129 ssim=0.2768 perc=0.4783 illum=0.0001 inter=0.1150
2026-06-20 01:00:20,797 - INFO - step 1650/4127 loss=0.3022 pix=0.1152 freq=0.0129 ssim=0.2773 perc=0.4787 illum=0.0001 inter=0.1152
2026-06-20 01:00:48,897 - INFO - step 1700/4127 loss=0.3015 pix=0.1149 freq=0.0129 ssim=0.2767 perc=0.4774 illum=0.0001 inter=0.1149
2026-06-20 01:01:15,739 - INFO - step 1750/4127 loss=0.3021 pix=0.1151 freq=0.0129 ssim=0.2774 perc=0.4784 illum=0.0001 inter=0.1151
2026-06-20 01:01:42,025 - INFO - step 1800/4127 loss=0.3017 pix=0.1151 freq=0.0129 ssim=0.2766 perc=0.4771 illum=0.0001 inter=0.1151
2026-06-20 01:02:14,199 - INFO - step 1850/4127 loss=0.3020 pix=0.1152 freq=0.0129 ssim=0.2769 perc=0.4775 illum=0.0001 inter=0.1152
2026-06-20 01:02:42,842 - INFO - step 1900/4127 loss=0.3019 pix=0.1152 freq=0.0129 ssim=0.2769 perc=0.4773 illum=0.0001 inter=0.1152
2026-06-20 01:03:11,633 - INFO - step 1950/4127 loss=0.3013 pix=0.1149 freq=0.0129 ssim=0.2761 perc=0.4769 illum=0.0001 inter=0.1149
2026-06-20 01:03:42,950 - INFO - step 2000/4127 loss=0.3011 pix=0.1148 freq=0.0129 ssim=0.2757 perc=0.4768 illum=0.0001 inter=0.1148
2026-06-20 01:04:07,117 - INFO - step 2050/4127 loss=0.3008 pix=0.1145 freq=0.0129 ssim=0.2759 perc=0.4772 illum=0.0001 inter=0.1145
2026-06-20 01:04:36,650 - INFO - step 2100/4127 loss=0.3010 pix=0.1146 freq=0.0129 ssim=0.2760 perc=0.4773 illum=0.0001 inter=0.1146
2026-06-20 01:05:02,614 - INFO - step 2150/4127 loss=0.3006 pix=0.1144 freq=0.0129 ssim=0.2759 perc=0.4772 illum=0.0001 inter=0.1144
2026-06-20 01:05:33,770 - INFO - step 2200/4127 loss=0.3007 pix=0.1146 freq=0.0129 ssim=0.2755 perc=0.4770 illum=0.0001 inter=0.1146
2026-06-20 01:06:03,030 - INFO - step 2250/4127 loss=0.3006 pix=0.1144 freq=0.0129 ssim=0.2757 perc=0.4771 illum=0.0001 inter=0.1144
2026-06-20 01:06:34,909 - INFO - step 2300/4127 loss=0.3001 pix=0.1142 freq=0.0129 ssim=0.2753 perc=0.4764 illum=0.0001 inter=0.1142
2026-06-20 01:07:02,769 - INFO - step 2350/4127 loss=0.3001 pix=0.1142 freq=0.0129 ssim=0.2753 perc=0.4764 illum=0.0001 inter=0.1142
2026-06-20 01:07:33,826 - INFO - step 2400/4127 loss=0.3002 pix=0.1143 freq=0.0129 ssim=0.2754 perc=0.4763 illum=0.0001 inter=0.1143
2026-06-20 01:08:03,877 - INFO - step 2450/4127 loss=0.3005 pix=0.1146 freq=0.0129 ssim=0.2753 perc=0.4762 illum=0.0001 inter=0.1146
2026-06-20 01:08:35,246 - INFO - step 2500/4127 loss=0.3002 pix=0.1145 freq=0.0129 ssim=0.2749 perc=0.4755 illum=0.0001 inter=0.1145
2026-06-20 01:08:59,923 - INFO - step 2550/4127 loss=0.3005 pix=0.1145 freq=0.0130 ssim=0.2755 perc=0.4761 illum=0.0001 inter=0.1145
2026-06-20 01:09:32,718 - INFO - step 2600/4127 loss=0.2999 pix=0.1142 freq=0.0129 ssim=0.2749 perc=0.4756 illum=0.0001 inter=0.1142
2026-06-20 01:09:59,029 - INFO - step 2650/4127 loss=0.2996 pix=0.1141 freq=0.0129 ssim=0.2746 perc=0.4750 illum=0.0001 inter=0.1141
2026-06-20 01:10:28,921 - INFO - step 2700/4127 loss=0.2998 pix=0.1142 freq=0.0129 ssim=0.2750 perc=0.4754 illum=0.0001 inter=0.1142
2026-06-20 01:10:54,816 - INFO - step 2750/4127 loss=0.2994 pix=0.1139 freq=0.0129 ssim=0.2749 perc=0.4751 illum=0.0001 inter=0.1139
2026-06-20 01:11:23,213 - INFO - step 2800/4127 loss=0.2994 pix=0.1138 freq=0.0129 ssim=0.2754 perc=0.4752 illum=0.0001 inter=0.1138
2026-06-20 01:11:49,297 - INFO - step 2850/4127 loss=0.2994 pix=0.1138 freq=0.0129 ssim=0.2753 perc=0.4752 illum=0.0001 inter=0.1138
2026-06-20 01:12:19,215 - INFO - step 2900/4127 loss=0.2994 pix=0.1138 freq=0.0129 ssim=0.2755 perc=0.4751 illum=0.0001 inter=0.1138
2026-06-20 01:12:46,757 - INFO - step 2950/4127 loss=0.2994 pix=0.1138 freq=0.0129 ssim=0.2754 perc=0.4750 illum=0.0001 inter=0.1138
2026-06-20 01:13:17,564 - INFO - step 3000/4127 loss=0.2987 pix=0.1136 freq=0.0129 ssim=0.2747 perc=0.4741 illum=0.0001 inter=0.1136
2026-06-20 01:13:44,625 - INFO - step 3050/4127 loss=0.2995 pix=0.1140 freq=0.0129 ssim=0.2754 perc=0.4749 illum=0.0001 inter=0.1140
2026-06-20 01:14:10,524 - INFO - step 3100/4127 loss=0.2995 pix=0.1140 freq=0.0129 ssim=0.2753 perc=0.4745 illum=0.0001 inter=0.1140
2026-06-20 01:14:39,021 - INFO - step 3150/4127 loss=0.2996 pix=0.1141 freq=0.0129 ssim=0.2753 perc=0.4743 illum=0.0001 inter=0.1141
2026-06-20 01:15:09,138 - INFO - step 3200/4127 loss=0.2997 pix=0.1141 freq=0.0129 ssim=0.2755 perc=0.4746 illum=0.0001 inter=0.1141
2026-06-20 01:15:36,286 - INFO - step 3250/4127 loss=0.2999 pix=0.1142 freq=0.0129 ssim=0.2758 perc=0.4748 illum=0.0001 inter=0.1142
2026-06-20 01:16:04,520 - INFO - step 3300/4127 loss=0.2996 pix=0.1141 freq=0.0129 ssim=0.2757 perc=0.4742 illum=0.0001 inter=0.1141
2026-06-20 01:16:34,023 - INFO - step 3350/4127 loss=0.2995 pix=0.1141 freq=0.0129 ssim=0.2755 perc=0.4741 illum=0.0001 inter=0.1141
2026-06-20 01:17:03,421 - INFO - step 3400/4127 loss=0.2994 pix=0.1141 freq=0.0129 ssim=0.2751 perc=0.4737 illum=0.0001 inter=0.1141
2026-06-20 01:17:33,139 - INFO - step 3450/4127 loss=0.2993 pix=0.1141 freq=0.0129 ssim=0.2749 perc=0.4733 illum=0.0001 inter=0.1141
2026-06-20 01:18:09,935 - INFO - step 3500/4127 loss=0.2995 pix=0.1142 freq=0.0129 ssim=0.2750 perc=0.4734 illum=0.0001 inter=0.1142
2026-06-20 01:18:41,687 - INFO - step 3550/4127 loss=0.2995 pix=0.1142 freq=0.0129 ssim=0.2753 perc=0.4736 illum=0.0001 inter=0.1142
2026-06-20 01:19:09,546 - INFO - step 3600/4127 loss=0.2994 pix=0.1143 freq=0.0129 ssim=0.2748 perc=0.4730 illum=0.0001 inter=0.1143
2026-06-20 01:19:42,827 - INFO - step 3650/4127 loss=0.2993 pix=0.1143 freq=0.0129 ssim=0.2746 perc=0.4727 illum=0.0001 inter=0.1143
2026-06-20 01:20:08,539 - INFO - step 3700/4127 loss=0.2992 pix=0.1141 freq=0.0129 ssim=0.2746 perc=0.4729 illum=0.0001 inter=0.1141
2026-06-20 01:20:38,322 - INFO - step 3750/4127 loss=0.2991 pix=0.1141 freq=0.0129 ssim=0.2746 perc=0.4728 illum=0.0001 inter=0.1141
2026-06-20 01:21:06,258 - INFO - step 3800/4127 loss=0.2990 pix=0.1141 freq=0.0129 ssim=0.2747 perc=0.4725 illum=0.0001 inter=0.1141
2026-06-20 01:21:34,518 - INFO - step 3850/4127 loss=0.2991 pix=0.1141 freq=0.0129 ssim=0.2747 perc=0.4724 illum=0.0001 inter=0.1141
2026-06-20 01:21:59,133 - INFO - step 3900/4127 loss=0.2988 pix=0.1139 freq=0.0129 ssim=0.2747 perc=0.4723 illum=0.0001 inter=0.1139
2026-06-20 01:22:26,271 - INFO - step 3950/4127 loss=0.2987 pix=0.1138 freq=0.0129 ssim=0.2749 perc=0.4722 illum=0.0001 inter=0.1138
2026-06-20 01:22:54,788 - INFO - step 4000/4127 loss=0.2987 pix=0.1139 freq=0.0129 ssim=0.2748 perc=0.4722 illum=0.0001 inter=0.1139
2026-06-20 01:23:19,421 - INFO - step 4050/4127 loss=0.2986 pix=0.1138 freq=0.0129 ssim=0.2749 perc=0.4723 illum=0.0001 inter=0.1138
2026-06-20 01:23:50,055 - INFO - step 4100/4127 loss=0.2984 pix=0.1136 freq=0.0129 ssim=0.2748 perc=0.4721 illum=0.0001 inter=0.1136
2026-06-20 01:24:03,382 - INFO - Train stats: {'loss_total': 0.29808687241394766, 'loss_pix': 0.11350410647656893, 'loss_freq': 0.01290663349472427, 'loss_ssim': 0.27455846842716464, 'loss_perc': 0.4716423473530909, 'loss_illum': 7.214465982373129e-05, 'loss_inter': 0.11350404652571094}
2026-06-20 01:24:03,382 - INFO - Epoch 3 / 150
2026-06-20 01:24:30,754 - INFO - step 50/4127 loss=0.3044 pix=0.1115 freq=0.0132 ssim=0.2898 perc=0.5005 illum=0.0001 inter=0.1115
2026-06-20 01:24:51,851 - INFO - step 100/4127 loss=0.3101 pix=0.1185 freq=0.0129 ssim=0.2910 perc=0.4825 illum=0.0000 inter=0.1185
2026-06-20 01:25:16,688 - INFO - step 150/4127 loss=0.3055 pix=0.1164 freq=0.0129 ssim=0.2829 perc=0.4813 illum=0.0000 inter=0.1164
2026-06-20 01:25:37,719 - INFO - step 200/4127 loss=0.3078 pix=0.1176 freq=0.0129 ssim=0.2863 perc=0.4819 illum=0.0000 inter=0.1176
2026-06-20 01:25:56,665 - INFO - step 250/4127 loss=0.3036 pix=0.1155 freq=0.0127 ssim=0.2838 perc=0.4773 illum=0.0000 inter=0.1155
2026-06-20 01:26:16,049 - INFO - step 300/4127 loss=0.3038 pix=0.1153 freq=0.0127 ssim=0.2858 perc=0.4777 illum=0.0000 inter=0.1153
2026-06-20 01:26:36,522 - INFO - step 350/4127 loss=0.3020 pix=0.1144 freq=0.0127 ssim=0.2840 perc=0.4755 illum=0.0000 inter=0.1144
2026-06-20 01:26:53,358 - INFO - step 400/4127 loss=0.3050 pix=0.1165 freq=0.0128 ssim=0.2856 perc=0.4760 illum=0.0000 inter=0.1165
2026-06-20 01:27:16,855 - INFO - step 450/4127 loss=0.3038 pix=0.1159 freq=0.0128 ssim=0.2842 perc=0.4750 illum=0.0000 inter=0.1159
2026-06-20 01:27:39,704 - INFO - step 500/4127 loss=0.3005 pix=0.1146 freq=0.0127 ssim=0.2793 perc=0.4716 illum=0.0000 inter=0.1146
2026-06-20 01:28:03,734 - INFO - step 550/4127 loss=0.3016 pix=0.1157 freq=0.0127 ssim=0.2787 perc=0.4709 illum=0.0000 inter=0.1157
2026-06-20 01:28:24,906 - INFO - step 600/4127 loss=0.2997 pix=0.1146 freq=0.0126 ssim=0.2774 perc=0.4698 illum=0.0000 inter=0.1146
2026-06-20 01:28:50,482 - INFO - step 650/4127 loss=0.3000 pix=0.1147 freq=0.0127 ssim=0.2773 perc=0.4709 illum=0.0000 inter=0.1147
2026-06-20 01:29:16,209 - INFO - step 700/4127 loss=0.3008 pix=0.1150 freq=0.0127 ssim=0.2774 perc=0.4723 illum=0.0000 inter=0.1150
2026-06-20 01:29:44,535 - INFO - step 750/4127 loss=0.3006 pix=0.1149 freq=0.0128 ssim=0.2771 perc=0.4731 illum=0.0000 inter=0.1149
2026-06-20 01:30:08,296 - INFO - step 800/4127 loss=0.3004 pix=0.1145 freq=0.0127 ssim=0.2772 perc=0.4743 illum=0.0000 inter=0.1145
2026-06-20 01:30:37,840 - INFO - step 850/4127 loss=0.3011 pix=0.1148 freq=0.0128 ssim=0.2777 perc=0.4749 illum=0.0000 inter=0.1148
2026-06-20 01:31:05,328 - INFO - step 900/4127 loss=0.3021 pix=0.1153 freq=0.0129 ssim=0.2785 perc=0.4763 illum=0.0000 inter=0.1153
2026-06-20 01:31:34,886 - INFO - step 950/4127 loss=0.3015 pix=0.1149 freq=0.0129 ssim=0.2782 perc=0.4760 illum=0.0000 inter=0.1149
2026-06-20 01:32:00,711 - INFO - step 1000/4127 loss=0.3010 pix=0.1147 freq=0.0129 ssim=0.2779 perc=0.4752 illum=0.0000 inter=0.1147
2026-06-20 01:32:33,909 - INFO - step 1050/4127 loss=0.2997 pix=0.1141 freq=0.0129 ssim=0.2760 perc=0.4746 illum=0.0000 inter=0.1141
2026-06-20 01:32:59,928 - INFO - step 1100/4127 loss=0.2991 pix=0.1138 freq=0.0128 ssim=0.2760 perc=0.4736 illum=0.0000 inter=0.1138
2026-06-20 01:33:31,195 - INFO - step 1150/4127 loss=0.2996 pix=0.1138 freq=0.0129 ssim=0.2769 perc=0.4751 illum=0.0000 inter=0.1138
2026-06-20 01:34:01,794 - INFO - step 1200/4127 loss=0.2995 pix=0.1138 freq=0.0129 ssim=0.2774 perc=0.4745 illum=0.0000 inter=0.1138
2026-06-20 01:34:33,248 - INFO - step 1250/4127 loss=0.2984 pix=0.1132 freq=0.0129 ssim=0.2762 perc=0.4732 illum=0.0000 inter=0.1132
2026-06-20 01:35:03,890 - INFO - step 1300/4127 loss=0.2979 pix=0.1128 freq=0.0129 ssim=0.2763 perc=0.4735 illum=0.0000 inter=0.1128
2026-06-20 01:35:28,383 - INFO - step 1350/4127 loss=0.2989 pix=0.1132 freq=0.0129 ssim=0.2778 perc=0.4742 illum=0.0000 inter=0.1132
2026-06-20 01:36:00,135 - INFO - step 1400/4127 loss=0.2996 pix=0.1136 freq=0.0129 ssim=0.2781 perc=0.4746 illum=0.0000 inter=0.1136
2026-06-20 01:36:26,897 - INFO - step 1450/4127 loss=0.2993 pix=0.1136 freq=0.0129 ssim=0.2773 perc=0.4742 illum=0.0000 inter=0.1136
2026-06-20 01:36:59,752 - INFO - step 1500/4127 loss=0.2991 pix=0.1136 freq=0.0129 ssim=0.2767 perc=0.4737 illum=0.0000 inter=0.1136
2026-06-20 01:37:32,405 - INFO - step 1550/4127 loss=0.2990 pix=0.1136 freq=0.0129 ssim=0.2765 perc=0.4734 illum=0.0000 inter=0.1136
2026-06-20 01:38:02,431 - INFO - step 1600/4127 loss=0.2986 pix=0.1135 freq=0.0129 ssim=0.2760 perc=0.4731 illum=0.0000 inter=0.1135
2026-06-20 01:38:34,505 - INFO - step 1650/4127 loss=0.2983 pix=0.1133 freq=0.0129 ssim=0.2754 perc=0.4734 illum=0.0000 inter=0.1133
2026-06-20 01:39:06,485 - INFO - step 1700/4127 loss=0.2987 pix=0.1134 freq=0.0129 ssim=0.2758 perc=0.4737 illum=0.0000 inter=0.1134
2026-06-20 01:39:31,585 - INFO - step 1750/4127 loss=0.2983 pix=0.1133 freq=0.0129 ssim=0.2756 perc=0.4733 illum=0.0000 inter=0.1133
2026-06-20 01:40:00,253 - INFO - step 1800/4127 loss=0.2984 pix=0.1135 freq=0.0129 ssim=0.2753 perc=0.4722 illum=0.0000 inter=0.1135
2026-06-20 01:40:32,230 - INFO - step 1850/4127 loss=0.2986 pix=0.1137 freq=0.0129 ssim=0.2754 perc=0.4720 illum=0.0000 inter=0.1137
2026-06-20 01:41:00,658 - INFO - step 1900/4127 loss=0.2994 pix=0.1141 freq=0.0129 ssim=0.2760 perc=0.4727 illum=0.0000 inter=0.1141
2026-06-20 01:41:30,505 - INFO - step 1950/4127 loss=0.2995 pix=0.1140 freq=0.0129 ssim=0.2764 perc=0.4731 illum=0.0000 inter=0.1140
2026-06-20 01:41:55,093 - INFO - step 2000/4127 loss=0.3002 pix=0.1144 freq=0.0130 ssim=0.2769 perc=0.4738 illum=0.0000 inter=0.1144
2026-06-20 01:42:24,190 - INFO - step 2050/4127 loss=0.3004 pix=0.1144 freq=0.0130 ssim=0.2774 perc=0.4747 illum=0.0000 inter=0.1144
2026-06-20 01:42:49,462 - INFO - step 2100/4127 loss=0.3000 pix=0.1142 freq=0.0130 ssim=0.2771 perc=0.4741 illum=0.0000 inter=0.1142
2026-06-20 01:43:19,376 - INFO - step 2150/4127 loss=0.2997 pix=0.1141 freq=0.0129 ssim=0.2768 perc=0.4738 illum=0.0000 inter=0.1141
2026-06-20 01:43:48,505 - INFO - step 2200/4127 loss=0.2994 pix=0.1139 freq=0.0130 ssim=0.2764 perc=0.4742 illum=0.0000 inter=0.1139
2026-06-20 01:44:13,748 - INFO - step 2250/4127 loss=0.2990 pix=0.1137 freq=0.0129 ssim=0.2757 perc=0.4734 illum=0.0000 inter=0.1137
2026-06-20 01:44:40,639 - INFO - step 2300/4127 loss=0.2984 pix=0.1134 freq=0.0129 ssim=0.2753 perc=0.4729 illum=0.0000 inter=0.1134
2026-06-20 01:45:02,591 - INFO - step 2350/4127 loss=0.2982 pix=0.1133 freq=0.0129 ssim=0.2754 perc=0.4728 illum=0.0000 inter=0.1133
2026-06-20 01:45:27,035 - INFO - step 2400/4127 loss=0.2979 pix=0.1133 freq=0.0129 ssim=0.2749 perc=0.4719 illum=0.0000 inter=0.1133
2026-06-20 01:45:52,016 - INFO - step 2450/4127 loss=0.2983 pix=0.1135 freq=0.0129 ssim=0.2749 perc=0.4723 illum=0.0000 inter=0.1135
2026-06-20 01:46:19,812 - INFO - step 2500/4127 loss=0.2985 pix=0.1136 freq=0.0129 ssim=0.2750 perc=0.4724 illum=0.0000 inter=0.1136
2026-06-20 01:46:50,569 - INFO - step 2550/4127 loss=0.2983 pix=0.1135 freq=0.0129 ssim=0.2749 perc=0.4722 illum=0.0000 inter=0.1135
2026-06-20 01:47:16,407 - INFO - step 2600/4127 loss=0.2981 pix=0.1134 freq=0.0130 ssim=0.2745 perc=0.4722 illum=0.0000 inter=0.1134
2026-06-20 01:47:44,115 - INFO - step 2650/4127 loss=0.2983 pix=0.1135 freq=0.0130 ssim=0.2748 perc=0.4725 illum=0.0000 inter=0.1135
2026-06-20 01:48:07,950 - INFO - step 2700/4127 loss=0.2981 pix=0.1134 freq=0.0130 ssim=0.2748 perc=0.4725 illum=0.0000 inter=0.1134
2026-06-20 01:48:34,228 - INFO - step 2750/4127 loss=0.2984 pix=0.1135 freq=0.0130 ssim=0.2752 perc=0.4728 illum=0.0000 inter=0.1135
2026-06-20 01:49:02,069 - INFO - step 2800/4127 loss=0.2985 pix=0.1134 freq=0.0130 ssim=0.2754 perc=0.4735 illum=0.0000 inter=0.1134
2026-06-20 01:49:29,702 - INFO - step 2850/4127 loss=0.2988 pix=0.1136 freq=0.0130 ssim=0.2754 perc=0.4739 illum=0.0000 inter=0.1136
2026-06-20 01:49:56,577 - INFO - step 2900/4127 loss=0.2987 pix=0.1135 freq=0.0130 ssim=0.2750 perc=0.4739 illum=0.0000 inter=0.1135
2026-06-20 01:50:25,472 - INFO - step 2950/4127 loss=0.2985 pix=0.1135 freq=0.0130 ssim=0.2748 perc=0.4738 illum=0.0000 inter=0.1135
2026-06-20 01:50:51,133 - INFO - step 3000/4127 loss=0.2989 pix=0.1136 freq=0.0130 ssim=0.2752 perc=0.4742 illum=0.0000 inter=0.1136
2026-06-20 01:51:20,725 - INFO - step 3050/4127 loss=0.2990 pix=0.1136 freq=0.0130 ssim=0.2755 perc=0.4749 illum=0.0000 inter=0.1136
2026-06-20 01:51:46,866 - INFO - step 3100/4127 loss=0.2990 pix=0.1137 freq=0.0130 ssim=0.2751 perc=0.4746 illum=0.0000 inter=0.1137
2026-06-20 01:52:12,289 - INFO - step 3150/4127 loss=0.2989 pix=0.1136 freq=0.0130 ssim=0.2749 perc=0.4748 illum=0.0000 inter=0.1136
2026-06-20 01:52:38,090 - INFO - step 3200/4127 loss=0.2995 pix=0.1139 freq=0.0130 ssim=0.2753 perc=0.4752 illum=0.0000 inter=0.1139
2026-06-20 01:53:07,527 - INFO - step 3250/4127 loss=0.2997 pix=0.1139 freq=0.0130 ssim=0.2757 perc=0.4756 illum=0.0000 inter=0.1139
2026-06-20 01:53:29,993 - INFO - step 3300/4127 loss=0.2998 pix=0.1141 freq=0.0130 ssim=0.2753 perc=0.4754 illum=0.0000 inter=0.1141
2026-06-20 01:53:53,326 - INFO - step 3350/4127 loss=0.2995 pix=0.1140 freq=0.0130 ssim=0.2751 perc=0.4750 illum=0.0000 inter=0.1140
2026-06-20 01:54:22,736 - INFO - step 3400/4127 loss=0.2993 pix=0.1139 freq=0.0130 ssim=0.2746 perc=0.4746 illum=0.0000 inter=0.1139
2026-06-20 01:54:44,405 - INFO - step 3450/4127 loss=0.2992 pix=0.1139 freq=0.0130 ssim=0.2747 perc=0.4746 illum=0.0000 inter=0.1139
2026-06-20 01:55:11,468 - INFO - step 3500/4127 loss=0.2989 pix=0.1138 freq=0.0130 ssim=0.2743 perc=0.4742 illum=0.0000 inter=0.1138
2026-06-20 01:55:38,136 - INFO - step 3550/4127 loss=0.2987 pix=0.1137 freq=0.0130 ssim=0.2742 perc=0.4741 illum=0.0000 inter=0.1137
2026-06-20 01:56:04,447 - INFO - step 3600/4127 loss=0.2988 pix=0.1137 freq=0.0130 ssim=0.2742 perc=0.4741 illum=0.0000 inter=0.1137
2026-06-20 01:56:31,391 - INFO - step 3650/4127 loss=0.2987 pix=0.1137 freq=0.0130 ssim=0.2742 perc=0.4740 illum=0.0000 inter=0.1137
2026-06-20 01:57:00,038 - INFO - step 3700/4127 loss=0.2986 pix=0.1136 freq=0.0130 ssim=0.2741 perc=0.4741 illum=0.0000 inter=0.1136
2026-06-20 01:57:26,853 - INFO - step 3750/4127 loss=0.2984 pix=0.1135 freq=0.0130 ssim=0.2741 perc=0.4740 illum=0.0000 inter=0.1135
2026-06-20 01:57:59,019 - INFO - step 3800/4127 loss=0.2987 pix=0.1136 freq=0.0130 ssim=0.2742 perc=0.4741 illum=0.0000 inter=0.1136
2026-06-20 01:58:31,261 - INFO - step 3850/4127 loss=0.2988 pix=0.1136 freq=0.0130 ssim=0.2744 perc=0.4746 illum=0.0000 inter=0.1136
2026-06-20 01:58:55,599 - INFO - step 3900/4127 loss=0.2987 pix=0.1137 freq=0.0130 ssim=0.2743 perc=0.4740 illum=0.0000 inter=0.1137
2026-06-20 01:59:25,470 - INFO - step 3950/4127 loss=0.2985 pix=0.1135 freq=0.0130 ssim=0.2742 perc=0.4738 illum=0.0000 inter=0.1135
2026-06-20 01:59:50,863 - INFO - step 4000/4127 loss=0.2982 pix=0.1134 freq=0.0130 ssim=0.2738 perc=0.4732 illum=0.0000 inter=0.1134
2026-06-20 02:00:23,985 - INFO - step 4050/4127 loss=0.2980 pix=0.1133 freq=0.0130 ssim=0.2738 perc=0.4731 illum=0.0000 inter=0.1133
2026-06-20 02:00:53,133 - INFO - step 4100/4127 loss=0.2979 pix=0.1132 freq=0.0130 ssim=0.2738 perc=0.4731 illum=0.0000 inter=0.1132
2026-06-20 02:01:06,893 - INFO - Train stats: {'loss_total': 0.2978891271104325, 'loss_pix': 0.11326489142020023, 'loss_freq': 0.012951054120614383, 'loss_ssim': 0.27377007924237856, 'loss_perc': 0.4729770380670947, 'loss_illum': 2.3308567968625268e-05, 'loss_inter': 0.11326489875793429}
2026-06-20 02:01:06,893 - INFO - Epoch 4 / 150
2026-06-20 02:01:38,692 - INFO - step 50/4127 loss=0.2869 pix=0.1094 freq=0.0125 ssim=0.2635 perc=0.4537 illum=0.0000 inter=0.1094
2026-06-20 02:01:56,637 - INFO - step 100/4127 loss=0.2893 pix=0.1076 freq=0.0130 ssim=0.2725 perc=0.4682 illum=0.0000 inter=0.1076
2026-06-20 02:02:20,329 - INFO - step 150/4127 loss=0.2938 pix=0.1102 freq=0.0134 ssim=0.2718 perc=0.4739 illum=0.0000 inter=0.1102
2026-06-20 02:02:42,690 - INFO - step 200/4127 loss=0.2889 pix=0.1078 freq=0.0132 ssim=0.2680 perc=0.4691 illum=0.0000 inter=0.1078
2026-06-20 02:03:03,543 - INFO - step 250/4127 loss=0.2833 pix=0.1053 freq=0.0129 ssim=0.2620 perc=0.4636 illum=0.0000 inter=0.1053
2026-06-20 02:03:20,505 - INFO - step 300/4127 loss=0.2908 pix=0.1083 freq=0.0132 ssim=0.2701 perc=0.4731 illum=0.0000 inter=0.1083
2026-06-20 02:03:43,014 - INFO - step 350/4127 loss=0.2869 pix=0.1068 freq=0.0129 ssim=0.2669 perc=0.4668 illum=0.0000 inter=0.1068
2026-06-20 02:04:05,386 - INFO - step 400/4127 loss=0.2888 pix=0.1080 freq=0.0129 ssim=0.2683 perc=0.4672 illum=0.0000 inter=0.1080
2026-06-20 02:04:37,149 - INFO - step 450/4127 loss=0.2895 pix=0.1086 freq=0.0130 ssim=0.2680 perc=0.4675 illum=0.0000 inter=0.1086
2026-06-20 02:05:00,706 - INFO - step 500/4127 loss=0.2924 pix=0.1097 freq=0.0131 ssim=0.2717 perc=0.4706 illum=0.0000 inter=0.1097
2026-06-20 02:05:26,338 - INFO - step 550/4127 loss=0.2935 pix=0.1101 freq=0.0132 ssim=0.2725 perc=0.4727 illum=0.0000 inter=0.1101
2026-06-20 02:05:56,849 - INFO - step 600/4127 loss=0.2930 pix=0.1096 freq=0.0132 ssim=0.2722 perc=0.4739 illum=0.0000 inter=0.1096
2026-06-20 02:06:25,450 - INFO - step 650/4127 loss=0.2936 pix=0.1097 freq=0.0131 ssim=0.2737 perc=0.4751 illum=0.0000 inter=0.1097
2026-06-20 02:06:59,438 - INFO - step 700/4127 loss=0.2946 pix=0.1099 freq=0.0132 ssim=0.2752 perc=0.4771 illum=0.0000 inter=0.1099
2026-06-20 02:07:29,209 - INFO - step 750/4127 loss=0.2946 pix=0.1098 freq=0.0132 ssim=0.2746 perc=0.4778 illum=0.0000 inter=0.1098
2026-06-20 02:07:58,275 - INFO - step 800/4127 loss=0.2946 pix=0.1101 freq=0.0132 ssim=0.2742 perc=0.4766 illum=0.0000 inter=0.1101
2026-06-20 02:08:26,564 - INFO - step 850/4127 loss=0.2947 pix=0.1101 freq=0.0132 ssim=0.2751 perc=0.4764 illum=0.0000 inter=0.1101
2026-06-20 02:08:57,350 - INFO - step 900/4127 loss=0.2948 pix=0.1101 freq=0.0132 ssim=0.2755 perc=0.4768 illum=0.0000 inter=0.1101
2026-06-20 02:09:30,149 - INFO - step 950/4127 loss=0.2949 pix=0.1100 freq=0.0132 ssim=0.2757 perc=0.4772 illum=0.0000 inter=0.1100
2026-06-20 02:10:03,128 - INFO - step 1000/4127 loss=0.2951 pix=0.1104 freq=0.0132 ssim=0.2752 perc=0.4765 illum=0.0000 inter=0.1104
2026-06-20 02:10:39,626 - INFO - step 1050/4127 loss=0.2966 pix=0.1110 freq=0.0132 ssim=0.2771 perc=0.4780 illum=0.0000 inter=0.1110
2026-06-20 02:11:05,180 - INFO - step 1100/4127 loss=0.2971 pix=0.1112 freq=0.0132 ssim=0.2773 perc=0.4789 illum=0.0000 inter=0.1112
2026-06-20 02:11:39,222 - INFO - step 1150/4127 loss=0.2967 pix=0.1112 freq=0.0132 ssim=0.2761 perc=0.4780 illum=0.0000 inter=0.1112
2026-06-20 02:12:08,343 - INFO - step 1200/4127 loss=0.2971 pix=0.1116 freq=0.0132 ssim=0.2762 perc=0.4775 illum=0.0000 inter=0.1116
2026-06-20 02:12:35,587 - INFO - step 1250/4127 loss=0.2963 pix=0.1113 freq=0.0132 ssim=0.2747 perc=0.4764 illum=0.0000 inter=0.1113
2026-06-20 02:13:03,327 - INFO - step 1300/4127 loss=0.2950 pix=0.1108 freq=0.0131 ssim=0.2737 perc=0.4743 illum=0.0000 inter=0.1108
2026-06-20 02:13:34,199 - INFO - step 1350/4127 loss=0.2950 pix=0.1105 freq=0.0131 ssim=0.2742 perc=0.4755 illum=0.0000 inter=0.1105
2026-06-20 02:14:03,676 - INFO - step 1400/4127 loss=0.2939 pix=0.1099 freq=0.0131 ssim=0.2734 perc=0.4750 illum=0.0000 inter=0.1099
2026-06-20 02:14:33,786 - INFO - step 1450/4127 loss=0.2945 pix=0.1105 freq=0.0131 ssim=0.2733 perc=0.4749 illum=0.0000 inter=0.1105
2026-06-20 02:15:04,616 - INFO - step 1500/4127 loss=0.2940 pix=0.1101 freq=0.0131 ssim=0.2732 perc=0.4743 illum=0.0000 inter=0.1101
2026-06-20 02:15:31,028 - INFO - step 1550/4127 loss=0.2941 pix=0.1105 freq=0.0130 ssim=0.2726 perc=0.4729 illum=0.0000 inter=0.1105
2026-06-20 02:15:59,811 - INFO - step 1600/4127 loss=0.2941 pix=0.1106 freq=0.0130 ssim=0.2723 perc=0.4727 illum=0.0000 inter=0.1106
2026-06-20 02:16:31,440 - INFO - step 1650/4127 loss=0.2938 pix=0.1105 freq=0.0130 ssim=0.2720 perc=0.4725 illum=0.0000 inter=0.1105
2026-06-20 02:17:00,164 - INFO - step 1700/4127 loss=0.2944 pix=0.1107 freq=0.0130 ssim=0.2728 perc=0.4736 illum=0.0000 inter=0.1107
2026-06-20 02:17:29,683 - INFO - step 1750/4127 loss=0.2948 pix=0.1107 freq=0.0130 ssim=0.2737 perc=0.4745 illum=0.0000 inter=0.1107
2026-06-20 02:18:06,541 - INFO - step 1800/4127 loss=0.2955 pix=0.1111 freq=0.0131 ssim=0.2739 perc=0.4749 illum=0.0000 inter=0.1111
2026-06-20 02:18:39,501 - INFO - step 1850/4127 loss=0.2958 pix=0.1113 freq=0.0131 ssim=0.2743 perc=0.4750 illum=0.0000 inter=0.1113
2026-06-20 02:19:10,829 - INFO - step 1900/4127 loss=0.2960 pix=0.1113 freq=0.0131 ssim=0.2746 perc=0.4753 illum=0.0000 inter=0.1113
2026-06-20 02:19:33,427 - INFO - step 1950/4127 loss=0.2955 pix=0.1110 freq=0.0131 ssim=0.2743 perc=0.4753 illum=0.0000 inter=0.1110
2026-06-20 02:20:00,831 - INFO - step 2000/4127 loss=0.2958 pix=0.1112 freq=0.0131 ssim=0.2743 perc=0.4758 illum=0.0000 inter=0.1112
2026-06-20 02:20:29,291 - INFO - step 2050/4127 loss=0.2961 pix=0.1113 freq=0.0131 ssim=0.2746 perc=0.4758 illum=0.0000 inter=0.1113
2026-06-20 02:20:55,495 - INFO - step 2100/4127 loss=0.2966 pix=0.1116 freq=0.0131 ssim=0.2750 perc=0.4761 illum=0.0000 inter=0.1116
2026-06-20 02:21:26,838 - INFO - step 2150/4127 loss=0.2970 pix=0.1119 freq=0.0131 ssim=0.2748 perc=0.4761 illum=0.0000 inter=0.1119
2026-06-20 02:21:51,674 - INFO - step 2200/4127 loss=0.2973 pix=0.1122 freq=0.0131 ssim=0.2746 perc=0.4760 illum=0.0000 inter=0.1122
2026-06-20 02:22:19,935 - INFO - step 2250/4127 loss=0.2971 pix=0.1121 freq=0.0131 ssim=0.2744 perc=0.4763 illum=0.0000 inter=0.1121
2026-06-20 02:22:50,607 - INFO - step 2300/4127 loss=0.2974 pix=0.1122 freq=0.0131 ssim=0.2744 perc=0.4766 illum=0.0000 inter=0.1122
2026-06-20 02:23:21,357 - INFO - step 2350/4127 loss=0.2974 pix=0.1123 freq=0.0131 ssim=0.2743 perc=0.4761 illum=0.0000 inter=0.1123
2026-06-20 02:23:52,978 - INFO - step 2400/4127 loss=0.2974 pix=0.1123 freq=0.0131 ssim=0.2746 perc=0.4761 illum=0.0000 inter=0.1123
2026-06-20 02:24:26,122 - INFO - step 2450/4127 loss=0.2980 pix=0.1124 freq=0.0132 ssim=0.2756 perc=0.4770 illum=0.0000 inter=0.1124
2026-06-20 02:24:51,119 - INFO - step 2500/4127 loss=0.2976 pix=0.1122 freq=0.0131 ssim=0.2752 perc=0.4769 illum=0.0000 inter=0.1122
2026-06-20 02:25:23,004 - INFO - step 2550/4127 loss=0.2979 pix=0.1123 freq=0.0131 ssim=0.2756 perc=0.4773 illum=0.0000 inter=0.1123
2026-06-20 02:25:50,382 - INFO - step 2600/4127 loss=0.2982 pix=0.1125 freq=0.0132 ssim=0.2755 perc=0.4773 illum=0.0000 inter=0.1125
2026-06-20 02:26:16,831 - INFO - step 2650/4127 loss=0.2980 pix=0.1124 freq=0.0131 ssim=0.2755 perc=0.4771 illum=0.0000 inter=0.1124
2026-06-20 02:26:47,323 - INFO - step 2700/4127 loss=0.2978 pix=0.1123 freq=0.0131 ssim=0.2755 perc=0.4767 illum=0.0000 inter=0.1123
2026-06-20 02:27:13,047 - INFO - step 2750/4127 loss=0.2974 pix=0.1122 freq=0.0131 ssim=0.2751 perc=0.4762 illum=0.0000 inter=0.1122
2026-06-20 02:27:41,939 - INFO - step 2800/4127 loss=0.2971 pix=0.1121 freq=0.0131 ssim=0.2746 perc=0.4758 illum=0.0000 inter=0.1121
2026-06-20 02:28:09,565 - INFO - step 2850/4127 loss=0.2975 pix=0.1122 freq=0.0131 ssim=0.2751 perc=0.4761 illum=0.0000 inter=0.1122
2026-06-20 02:28:35,607 - INFO - step 2900/4127 loss=0.2974 pix=0.1123 freq=0.0131 ssim=0.2749 perc=0.4757 illum=0.0000 inter=0.1123
2026-06-20 02:29:03,717 - INFO - step 2950/4127 loss=0.2973 pix=0.1123 freq=0.0131 ssim=0.2748 perc=0.4752 illum=0.0000 inter=0.1123
2026-06-20 02:29:25,873 - INFO - step 3000/4127 loss=0.2975 pix=0.1124 freq=0.0131 ssim=0.2751 perc=0.4752 illum=0.0000 inter=0.1124
2026-06-20 02:29:49,982 - INFO - step 3050/4127 loss=0.2978 pix=0.1126 freq=0.0131 ssim=0.2755 perc=0.4754 illum=0.0000 inter=0.1126
2026-06-20 02:30:18,882 - INFO - step 3100/4127 loss=0.2981 pix=0.1128 freq=0.0131 ssim=0.2756 perc=0.4754 illum=0.0000 inter=0.1128
2026-06-20 02:30:46,900 - INFO - step 3150/4127 loss=0.2984 pix=0.1128 freq=0.0131 ssim=0.2759 perc=0.4761 illum=0.0000 inter=0.1128
2026-06-20 02:31:14,894 - INFO - step 3200/4127 loss=0.2985 pix=0.1129 freq=0.0131 ssim=0.2760 perc=0.4760 illum=0.0000 inter=0.1129
2026-06-20 02:31:36,497 - INFO - step 3250/4127 loss=0.2985 pix=0.1130 freq=0.0131 ssim=0.2759 perc=0.4756 illum=0.0000 inter=0.1130
2026-06-20 02:32:07,880 - INFO - step 3300/4127 loss=0.2986 pix=0.1129 freq=0.0131 ssim=0.2761 perc=0.4760 illum=0.0000 inter=0.1129
2026-06-20 02:32:38,169 - INFO - step 3350/4127 loss=0.2982 pix=0.1128 freq=0.0131 ssim=0.2758 perc=0.4757 illum=0.0000 inter=0.1128
2026-06-20 02:33:07,203 - INFO - step 3400/4127 loss=0.2980 pix=0.1127 freq=0.0131 ssim=0.2755 perc=0.4752 illum=0.0000 inter=0.1127
2026-06-20 02:33:38,043 - INFO - step 3450/4127 loss=0.2978 pix=0.1127 freq=0.0131 ssim=0.2750 perc=0.4749 illum=0.0000 inter=0.1127
2026-06-20 02:34:06,348 - INFO - step 3500/4127 loss=0.2978 pix=0.1126 freq=0.0131 ssim=0.2752 perc=0.4751 illum=0.0000 inter=0.1126
2026-06-20 02:34:32,546 - INFO - step 3550/4127 loss=0.2976 pix=0.1125 freq=0.0131 ssim=0.2751 perc=0.4749 illum=0.0000 inter=0.1125
2026-06-20 02:34:57,660 - INFO - step 3600/4127 loss=0.2978 pix=0.1127 freq=0.0131 ssim=0.2752 perc=0.4746 illum=0.0000 inter=0.1127
2026-06-20 02:35:25,671 - INFO - step 3650/4127 loss=0.2977 pix=0.1127 freq=0.0131 ssim=0.2752 perc=0.4742 illum=0.0000 inter=0.1127
2026-06-20 02:35:52,524 - INFO - step 3700/4127 loss=0.2977 pix=0.1127 freq=0.0131 ssim=0.2752 perc=0.4741 illum=0.0000 inter=0.1127
2026-06-20 02:36:18,254 - INFO - step 3750/4127 loss=0.2974 pix=0.1125 freq=0.0131 ssim=0.2749 perc=0.4738 illum=0.0000 inter=0.1125
2026-06-20 02:36:45,035 - INFO - step 3800/4127 loss=0.2972 pix=0.1125 freq=0.0131 ssim=0.2747 perc=0.4732 illum=0.0000 inter=0.1125
2026-06-20 02:37:10,871 - INFO - step 3850/4127 loss=0.2972 pix=0.1125 freq=0.0131 ssim=0.2749 perc=0.4731 illum=0.0000 inter=0.1125
2026-06-20 02:37:36,391 - INFO - step 3900/4127 loss=0.2971 pix=0.1125 freq=0.0131 ssim=0.2749 perc=0.4730 illum=0.0000 inter=0.1125
2026-06-20 02:37:59,803 - INFO - step 3950/4127 loss=0.2971 pix=0.1125 freq=0.0131 ssim=0.2748 perc=0.4727 illum=0.0000 inter=0.1125
2026-06-20 02:38:28,097 - INFO - step 4000/4127 loss=0.2971 pix=0.1126 freq=0.0131 ssim=0.2746 perc=0.4724 illum=0.0000 inter=0.1126
2026-06-20 02:38:52,716 - INFO - step 4050/4127 loss=0.2967 pix=0.1125 freq=0.0131 ssim=0.2742 perc=0.4720 illum=0.0000 inter=0.1125
2026-06-20 02:39:22,354 - INFO - step 4100/4127 loss=0.2966 pix=0.1124 freq=0.0131 ssim=0.2740 perc=0.4716 illum=0.0000 inter=0.1124
2026-06-20 02:39:31,149 - INFO - Train stats: {'loss_total': 0.2968318917179532, 'loss_pix': 0.11259200263984649, 'loss_freq': 0.013065672072250291, 'loss_ssim': 0.27405659281151606, 'loss_perc': 0.4717218252015117, 'loss_illum': 3.928421308170714e-06, 'loss_inter': 0.11259198669824011}
2026-06-20 02:39:31,150 - INFO - Epoch 5 / 150
2026-06-20 02:40:04,027 - INFO - step 50/4127 loss=0.2837 pix=0.1064 freq=0.0124 ssim=0.2548 perc=0.4661 illum=0.0000 inter=0.1064
2026-06-20 02:40:29,370 - INFO - step 100/4127 loss=0.2874 pix=0.1090 freq=0.0127 ssim=0.2533 perc=0.4686 illum=0.0000 inter=0.1090
2026-06-20 02:40:50,708 - INFO - step 150/4127 loss=0.2938 pix=0.1111 freq=0.0126 ssim=0.2650 perc=0.4756 illum=0.0000 inter=0.1111
2026-06-20 02:41:11,758 - INFO - step 200/4127 loss=0.2956 pix=0.1095 freq=0.0129 ssim=0.2782 perc=0.4819 illum=0.0000 inter=0.1095
2026-06-20 02:41:35,064 - INFO - step 250/4127 loss=0.2982 pix=0.1116 freq=0.0131 ssim=0.2783 perc=0.4807 illum=0.0000 inter=0.1116
2026-06-20 02:41:57,563 - INFO - step 300/4127 loss=0.2985 pix=0.1122 freq=0.0130 ssim=0.2777 perc=0.4789 illum=0.0000 inter=0.1122
2026-06-20 02:42:16,893 - INFO - step 350/4127 loss=0.2968 pix=0.1114 freq=0.0131 ssim=0.2745 perc=0.4787 illum=0.0000 inter=0.1114
2026-06-20 02:42:40,667 - INFO - step 400/4127 loss=0.2916 pix=0.1093 freq=0.0129 ssim=0.2683 perc=0.4726 illum=0.0000 inter=0.1093
2026-06-20 02:43:04,218 - INFO - step 450/4127 loss=0.2918 pix=0.1092 freq=0.0129 ssim=0.2698 perc=0.4732 illum=0.0000 inter=0.1092
2026-06-20 02:43:25,570 - INFO - step 500/4127 loss=0.2923 pix=0.1090 freq=0.0130 ssim=0.2722 perc=0.4745 illum=0.0000 inter=0.1090
2026-06-20 02:43:51,842 - INFO - step 550/4127 loss=0.2940 pix=0.1102 freq=0.0130 ssim=0.2728 perc=0.4747 illum=0.0000 inter=0.1102
2026-06-20 02:44:15,383 - INFO - step 600/4127 loss=0.2939 pix=0.1106 freq=0.0129 ssim=0.2718 perc=0.4725 illum=0.0000 inter=0.1106
2026-06-20 02:44:38,729 - INFO - step 650/4127 loss=0.2945 pix=0.1107 freq=0.0129 ssim=0.2724 perc=0.4743 illum=0.0000 inter=0.1107
2026-06-20 02:45:05,832 - INFO - step 700/4127 loss=0.2948 pix=0.1113 freq=0.0129 ssim=0.2717 perc=0.4727 illum=0.0000 inter=0.1113
2026-06-20 02:45:35,567 - INFO - step 750/4127 loss=0.2949 pix=0.1114 freq=0.0129 ssim=0.2717 perc=0.4720 illum=0.0000 inter=0.1114
2026-06-20 02:45:58,661 - INFO - step 800/4127 loss=0.2944 pix=0.1113 freq=0.0128 ssim=0.2708 perc=0.4716 illum=0.0000 inter=0.1113
2026-06-20 02:46:23,249 - INFO - step 850/4127 loss=0.2951 pix=0.1117 freq=0.0129 ssim=0.2707 perc=0.4720 illum=0.0000 inter=0.1117
2026-06-20 02:46:50,590 - INFO - step 900/4127 loss=0.2945 pix=0.1114 freq=0.0128 ssim=0.2709 perc=0.4710 illum=0.0000 inter=0.1114
2026-06-20 02:47:19,541 - INFO - step 950/4127 loss=0.2935 pix=0.1108 freq=0.0128 ssim=0.2704 perc=0.4708 illum=0.0000 inter=0.1108
2026-06-20 02:47:52,436 - INFO - step 1000/4127 loss=0.2947 pix=0.1111 freq=0.0129 ssim=0.2722 perc=0.4727 illum=0.0000 inter=0.1111
2026-06-20 02:48:22,451 - INFO - step 1050/4127 loss=0.2949 pix=0.1114 freq=0.0129 ssim=0.2716 perc=0.4723 illum=0.0000 inter=0.1114
2026-06-20 02:48:49,532 - INFO - step 1100/4127 loss=0.2944 pix=0.1113 freq=0.0129 ssim=0.2709 perc=0.4710 illum=0.0000 inter=0.1113
2026-06-20 02:49:16,828 - INFO - step 1150/4127 loss=0.2940 pix=0.1111 freq=0.0128 ssim=0.2706 perc=0.4709 illum=0.0000 inter=0.1111
2026-06-20 02:49:45,512 - INFO - step 1200/4127 loss=0.2933 pix=0.1108 freq=0.0128 ssim=0.2697 perc=0.4705 illum=0.0000 inter=0.1108
2026-06-20 02:50:14,703 - INFO - step 1250/4127 loss=0.2931 pix=0.1108 freq=0.0128 ssim=0.2689 perc=0.4698 illum=0.0000 inter=0.1108
2026-06-20 02:50:42,113 - INFO - step 1300/4127 loss=0.2934 pix=0.1109 freq=0.0128 ssim=0.2697 perc=0.4703 illum=0.0000 inter=0.1109
2026-06-20 02:51:14,286 - INFO - step 1350/4127 loss=0.2936 pix=0.1107 freq=0.0128 ssim=0.2706 perc=0.4712 illum=0.0000 inter=0.1107
2026-06-20 02:51:38,319 - INFO - step 1400/4127 loss=0.2944 pix=0.1111 freq=0.0128 ssim=0.2710 perc=0.4720 illum=0.0000 inter=0.1111
2026-06-20 02:52:09,501 - INFO - step 1450/4127 loss=0.2952 pix=0.1116 freq=0.0128 ssim=0.2720 perc=0.4727 illum=0.0000 inter=0.1116
2026-06-20 02:52:38,256 - INFO - step 1500/4127 loss=0.2948 pix=0.1114 freq=0.0128 ssim=0.2717 perc=0.4720 illum=0.0000 inter=0.1114
2026-06-20 02:53:07,160 - INFO - step 1550/4127 loss=0.2953 pix=0.1117 freq=0.0128 ssim=0.2717 perc=0.4721 illum=0.0000 inter=0.1117
2026-06-20 02:53:34,932 - INFO - step 1600/4127 loss=0.2964 pix=0.1120 freq=0.0129 ssim=0.2729 perc=0.4745 illum=0.0000 inter=0.1120
2026-06-20 02:54:04,534 - INFO - step 1650/4127 loss=0.2974 pix=0.1124 freq=0.0129 ssim=0.2734 perc=0.4763 illum=0.0000 inter=0.1124
2026-06-20 02:54:33,837 - INFO - step 1700/4127 loss=0.2974 pix=0.1126 freq=0.0129 ssim=0.2728 perc=0.4761 illum=0.0000 inter=0.1126
2026-06-20 02:55:02,283 - INFO - step 1750/4127 loss=0.2977 pix=0.1125 freq=0.0129 ssim=0.2736 perc=0.4773 illum=0.0000 inter=0.1125
2026-06-20 02:55:24,935 - INFO - step 1800/4127 loss=0.2981 pix=0.1126 freq=0.0130 ssim=0.2746 perc=0.4776 illum=0.0000 inter=0.1126
2026-06-20 02:55:53,000 - INFO - step 1850/4127 loss=0.2986 pix=0.1128 freq=0.0130 ssim=0.2752 perc=0.4781 illum=0.0000 inter=0.1128
2026-06-20 02:56:19,997 - INFO - step 1900/4127 loss=0.2982 pix=0.1126 freq=0.0130 ssim=0.2754 perc=0.4775 illum=0.0000 inter=0.1126
2026-06-20 02:56:45,545 - INFO - step 1950/4127 loss=0.2976 pix=0.1123 freq=0.0129 ssim=0.2749 perc=0.4766 illum=0.0000 inter=0.1123
2026-06-20 02:57:16,074 - INFO - step 2000/4127 loss=0.2980 pix=0.1124 freq=0.0130 ssim=0.2755 perc=0.4775 illum=0.0000 inter=0.1124
2026-06-20 02:57:44,488 - INFO - step 2050/4127 loss=0.2974 pix=0.1121 freq=0.0130 ssim=0.2750 perc=0.4767 illum=0.0000 inter=0.1121
2026-06-20 02:58:11,327 - INFO - step 2100/4127 loss=0.2972 pix=0.1120 freq=0.0130 ssim=0.2753 perc=0.4764 illum=0.0000 inter=0.1120
2026-06-20 02:58:38,889 - INFO - step 2150/4127 loss=0.2976 pix=0.1120 freq=0.0130 ssim=0.2761 perc=0.4774 illum=0.0000 inter=0.1120
2026-06-20 02:59:07,644 - INFO - step 2200/4127 loss=0.2977 pix=0.1121 freq=0.0130 ssim=0.2759 perc=0.4775 illum=0.0000 inter=0.1121
2026-06-20 02:59:34,120 - INFO - step 2250/4127 loss=0.2969 pix=0.1117 freq=0.0130 ssim=0.2752 perc=0.4768 illum=0.0000 inter=0.1117
2026-06-20 03:00:04,145 - INFO - step 2300/4127 loss=0.2964 pix=0.1114 freq=0.0130 ssim=0.2750 perc=0.4765 illum=0.0000 inter=0.1114
2026-06-20 03:00:33,799 - INFO - step 2350/4127 loss=0.2965 pix=0.1114 freq=0.0130 ssim=0.2752 perc=0.4768 illum=0.0000 inter=0.1114
2026-06-20 03:00:59,458 - INFO - step 2400/4127 loss=0.2967 pix=0.1115 freq=0.0130 ssim=0.2756 perc=0.4768 illum=0.0000 inter=0.1115
2026-06-20 03:01:28,145 - INFO - step 2450/4127 loss=0.2962 pix=0.1114 freq=0.0130 ssim=0.2749 perc=0.4755 illum=0.0000 inter=0.1114
2026-06-20 03:01:57,880 - INFO - step 2500/4127 loss=0.2958 pix=0.1113 freq=0.0130 ssim=0.2744 perc=0.4746 illum=0.0000 inter=0.1113
2026-06-20 03:02:27,425 - INFO - step 2550/4127 loss=0.2957 pix=0.1113 freq=0.0130 ssim=0.2743 perc=0.4743 illum=0.0000 inter=0.1113
2026-06-20 03:02:58,821 - INFO - step 2600/4127 loss=0.2954 pix=0.1112 freq=0.0130 ssim=0.2740 perc=0.4741 illum=0.0000 inter=0.1112
2026-06-20 03:03:32,001 - INFO - step 2650/4127 loss=0.2957 pix=0.1112 freq=0.0130 ssim=0.2742 perc=0.4746 illum=0.0000 inter=0.1112
2026-06-20 03:03:58,135 - INFO - step 2700/4127 loss=0.2957 pix=0.1114 freq=0.0130 ssim=0.2739 perc=0.4741 illum=0.0000 inter=0.1114
2026-06-20 03:04:27,713 - INFO - step 2750/4127 loss=0.2952 pix=0.1112 freq=0.0130 ssim=0.2734 perc=0.4733 illum=0.0000 inter=0.1112
2026-06-20 03:04:55,606 - INFO - step 2800/4127 loss=0.2952 pix=0.1112 freq=0.0130 ssim=0.2738 perc=0.4733 illum=0.0000 inter=0.1112
2026-06-20 03:05:19,582 - INFO - step 2850/4127 loss=0.2948 pix=0.1110 freq=0.0130 ssim=0.2731 perc=0.4728 illum=0.0000 inter=0.1110
2026-06-20 03:05:51,540 - INFO - step 2900/4127 loss=0.2947 pix=0.1110 freq=0.0130 ssim=0.2728 perc=0.4727 illum=0.0000 inter=0.1110
2026-06-20 03:06:16,902 - INFO - step 2950/4127 loss=0.2949 pix=0.1110 freq=0.0130 ssim=0.2733 perc=0.4731 illum=0.0000 inter=0.1110
2026-06-20 03:06:48,106 - INFO - step 3000/4127 loss=0.2948 pix=0.1110 freq=0.0130 ssim=0.2733 perc=0.4730 illum=0.0000 inter=0.1110
2026-06-20 03:07:14,068 - INFO - step 3050/4127 loss=0.2950 pix=0.1110 freq=0.0130 ssim=0.2735 perc=0.4733 illum=0.0000 inter=0.1110
2026-06-20 03:07:40,648 - INFO - step 3100/4127 loss=0.2954 pix=0.1112 freq=0.0130 ssim=0.2739 perc=0.4741 illum=0.0000 inter=0.1112
2026-06-20 03:08:08,521 - INFO - step 3150/4127 loss=0.2954 pix=0.1111 freq=0.0130 ssim=0.2740 perc=0.4742 illum=0.0000 inter=0.1111
2026-06-20 03:08:33,008 - INFO - step 3200/4127 loss=0.2952 pix=0.1111 freq=0.0130 ssim=0.2738 perc=0.4739 illum=0.0000 inter=0.1111
2026-06-20 03:09:01,929 - INFO - step 3250/4127 loss=0.2954 pix=0.1111 freq=0.0130 ssim=0.2739 perc=0.4740 illum=0.0000 inter=0.1111
2026-06-20 03:09:28,796 - INFO - step 3300/4127 loss=0.2952 pix=0.1111 freq=0.0130 ssim=0.2736 perc=0.4736 illum=0.0000 inter=0.1111
2026-06-20 03:10:00,407 - INFO - step 3350/4127 loss=0.2955 pix=0.1112 freq=0.0130 ssim=0.2740 perc=0.4743 illum=0.0000 inter=0.1112
2026-06-20 03:10:24,477 - INFO - step 3400/4127 loss=0.2960 pix=0.1116 freq=0.0130 ssim=0.2741 perc=0.4741 illum=0.0000 inter=0.1116
2026-06-20 03:10:53,624 - INFO - step 3450/4127 loss=0.2961 pix=0.1117 freq=0.0131 ssim=0.2740 perc=0.4741 illum=0.0000 inter=0.1117
2026-06-20 03:11:18,717 - INFO - step 3500/4127 loss=0.2963 pix=0.1117 freq=0.0131 ssim=0.2742 perc=0.4745 illum=0.0000 inter=0.1117
2026-06-20 03:11:49,065 - INFO - step 3550/4127 loss=0.2961 pix=0.1117 freq=0.0131 ssim=0.2735 perc=0.4739 illum=0.0000 inter=0.1117
2026-06-20 03:12:17,305 - INFO - step 3600/4127 loss=0.2962 pix=0.1118 freq=0.0131 ssim=0.2736 perc=0.4742 illum=0.0000 inter=0.1118
2026-06-20 03:12:43,378 - INFO - step 3650/4127 loss=0.2963 pix=0.1118 freq=0.0131 ssim=0.2736 perc=0.4743 illum=0.0000 inter=0.1118
2026-06-20 03:13:13,137 - INFO - step 3700/4127 loss=0.2960 pix=0.1118 freq=0.0131 ssim=0.2731 perc=0.4736 illum=0.0000 inter=0.1118
2026-06-20 03:13:39,902 - INFO - step 3750/4127 loss=0.2961 pix=0.1118 freq=0.0131 ssim=0.2731 perc=0.4741 illum=0.0000 inter=0.1118
2026-06-20 03:14:07,542 - INFO - step 3800/4127 loss=0.2961 pix=0.1118 freq=0.0131 ssim=0.2733 perc=0.4741 illum=0.0000 inter=0.1118
2026-06-20 03:14:34,078 - INFO - step 3850/4127 loss=0.2965 pix=0.1120 freq=0.0131 ssim=0.2737 perc=0.4744 illum=0.0000 inter=0.1120
2026-06-20 03:15:01,534 - INFO - step 3900/4127 loss=0.2965 pix=0.1119 freq=0.0131 ssim=0.2738 perc=0.4744 illum=0.0000 inter=0.1119
2026-06-20 03:15:28,355 - INFO - step 3950/4127 loss=0.2964 pix=0.1120 freq=0.0131 ssim=0.2734 perc=0.4740 illum=0.0000 inter=0.1120
2026-06-20 03:15:56,877 - INFO - step 4000/4127 loss=0.2960 pix=0.1118 freq=0.0131 ssim=0.2731 perc=0.4736 illum=0.0000 inter=0.1118
2026-06-20 03:16:24,116 - INFO - step 4050/4127 loss=0.2960 pix=0.1118 freq=0.0131 ssim=0.2732 perc=0.4737 illum=0.0000 inter=0.1118
2026-06-20 03:16:49,682 - INFO - step 4100/4127 loss=0.2961 pix=0.1119 freq=0.0131 ssim=0.2734 perc=0.4736 illum=0.0000 inter=0.1119
2026-06-20 03:17:01,159 - INFO - Train stats: {'loss_total': 0.29619235439772434, 'loss_pix': 0.11190262855346905, 'loss_freq': 0.013072520648468389, 'loss_ssim': 0.27338263940972934, 'loss_perc': 0.4736757462228787, 'loss_illum': 5.022746244197166e-07, 'loss_inter': 0.11190262536893941}
2026-06-20 04:04:13,998 - INFO - Val stats: {'val_l1': 0.08336814351246825, 'psnr': 19.042545413429497, 'ssim': 0.7599246378455843}
2026-06-20 04:04:14,356 - INFO - Epoch 6 / 150
2026-06-20 04:05:00,528 - INFO - step 50/4127 loss=0.3095 pix=0.1156 freq=0.0147 ssim=0.2860 perc=0.5025 illum=0.0000 inter=0.1156
2026-06-20 04:05:39,633 - INFO - step 100/4127 loss=0.3087 pix=0.1193 freq=0.0139 ssim=0.2740 perc=0.4874 illum=0.0000 inter=0.1193
2026-06-20 04:06:16,827 - INFO - step 150/4127 loss=0.3010 pix=0.1158 freq=0.0135 ssim=0.2670 perc=0.4783 illum=0.0000 inter=0.1158
2026-06-20 04:06:51,119 - INFO - step 200/4127 loss=0.3042 pix=0.1158 freq=0.0137 ssim=0.2760 perc=0.4854 illum=0.0000 inter=0.1158
2026-06-20 04:07:25,961 - INFO - step 250/4127 loss=0.3030 pix=0.1151 freq=0.0135 ssim=0.2744 perc=0.4854 illum=0.0000 inter=0.1151
2026-06-20 04:08:02,171 - INFO - step 300/4127 loss=0.3022 pix=0.1149 freq=0.0134 ssim=0.2747 perc=0.4828 illum=0.0000 inter=0.1149
2026-06-20 04:08:33,092 - INFO - step 350/4127 loss=0.2988 pix=0.1138 freq=0.0133 ssim=0.2700 perc=0.4776 illum=0.0000 inter=0.1138
2026-06-20 04:09:09,372 - INFO - step 400/4127 loss=0.2954 pix=0.1125 freq=0.0132 ssim=0.2676 perc=0.4714 illum=0.0000 inter=0.1125
2026-06-20 04:09:41,328 - INFO - step 450/4127 loss=0.2967 pix=0.1124 freq=0.0134 ssim=0.2711 perc=0.4749 illum=0.0000 inter=0.1124
2026-06-20 04:10:15,452 - INFO - step 500/4127 loss=0.2954 pix=0.1119 freq=0.0133 ssim=0.2698 perc=0.4732 illum=0.0000 inter=0.1119
2026-06-20 04:10:46,457 - INFO - step 550/4127 loss=0.3001 pix=0.1147 freq=0.0133 ssim=0.2726 perc=0.4759 illum=0.0000 inter=0.1147
2026-06-20 04:11:19,514 - INFO - step 600/4127 loss=0.3036 pix=0.1161 freq=0.0134 ssim=0.2756 perc=0.4811 illum=0.0000 inter=0.1161
2026-06-20 04:11:46,696 - INFO - step 650/4127 loss=0.3049 pix=0.1168 freq=0.0134 ssim=0.2762 perc=0.4824 illum=0.0000 inter=0.1168
2026-06-20 04:12:18,640 - INFO - step 700/4127 loss=0.3069 pix=0.1174 freq=0.0135 ssim=0.2788 perc=0.4855 illum=0.0000 inter=0.1174
2026-06-20 04:12:47,169 - INFO - step 750/4127 loss=0.3069 pix=0.1175 freq=0.0135 ssim=0.2788 perc=0.4856 illum=0.0000 inter=0.1175
2026-06-20 04:13:17,783 - INFO - step 800/4127 loss=0.3063 pix=0.1170 freq=0.0136 ssim=0.2786 perc=0.4858 illum=0.0000 inter=0.1170
2026-06-20 04:13:52,189 - INFO - step 850/4127 loss=0.3047 pix=0.1161 freq=0.0135 ssim=0.2774 perc=0.4849 illum=0.0000 inter=0.1161
2026-06-20 04:14:16,984 - INFO - step 900/4127 loss=0.3027 pix=0.1153 freq=0.0135 ssim=0.2754 perc=0.4820 illum=0.0000 inter=0.1153
2026-06-20 04:14:47,020 - INFO - step 950/4127 loss=0.3030 pix=0.1153 freq=0.0135 ssim=0.2761 perc=0.4823 illum=0.0000 inter=0.1153
2026-06-20 04:15:15,509 - INFO - step 1000/4127 loss=0.3031 pix=0.1153 freq=0.0134 ssim=0.2770 perc=0.4820 illum=0.0000 inter=0.1153
2026-06-20 04:15:45,602 - INFO - step 1050/4127 loss=0.3028 pix=0.1156 freq=0.0134 ssim=0.2760 perc=0.4798 illum=0.0000 inter=0.1156
2026-06-20 04:16:17,365 - INFO - step 1100/4127 loss=0.3019 pix=0.1153 freq=0.0133 ssim=0.2750 perc=0.4787 illum=0.0000 inter=0.1153
2026-06-20 04:16:49,049 - INFO - step 1150/4127 loss=0.3012 pix=0.1150 freq=0.0133 ssim=0.2743 perc=0.4777 illum=0.0000 inter=0.1150
2026-06-20 04:17:19,356 - INFO - step 1200/4127 loss=0.3011 pix=0.1148 freq=0.0133 ssim=0.2744 perc=0.4779 illum=0.0000 inter=0.1148
2026-06-20 04:17:45,338 - INFO - step 1250/4127 loss=0.3009 pix=0.1149 freq=0.0133 ssim=0.2739 perc=0.4773 illum=0.0000 inter=0.1149
2026-06-20 04:18:13,956 - INFO - step 1300/4127 loss=0.3011 pix=0.1149 freq=0.0133 ssim=0.2745 perc=0.4776 illum=0.0000 inter=0.1149
2026-06-20 04:18:42,557 - INFO - step 1350/4127 loss=0.3021 pix=0.1156 freq=0.0133 ssim=0.2755 perc=0.4773 illum=0.0000 inter=0.1156
2026-06-20 04:19:12,396 - INFO - step 1400/4127 loss=0.3017 pix=0.1154 freq=0.0132 ssim=0.2750 perc=0.4768 illum=0.0000 inter=0.1154
2026-06-20 04:19:38,667 - INFO - step 1450/4127 loss=0.3020 pix=0.1156 freq=0.0133 ssim=0.2750 perc=0.4766 illum=0.0000 inter=0.1156
2026-06-20 04:20:04,727 - INFO - step 1500/4127 loss=0.3016 pix=0.1155 freq=0.0132 ssim=0.2749 perc=0.4758 illum=0.0000 inter=0.1155
2026-06-20 04:20:32,411 - INFO - step 1550/4127 loss=0.3013 pix=0.1154 freq=0.0132 ssim=0.2742 perc=0.4752 illum=0.0000 inter=0.1154
2026-06-20 04:20:58,449 - INFO - step 1600/4127 loss=0.3007 pix=0.1153 freq=0.0132 ssim=0.2735 perc=0.4740 illum=0.0000 inter=0.1153
2026-06-20 04:21:27,708 - INFO - step 1650/4127 loss=0.2999 pix=0.1149 freq=0.0132 ssim=0.2731 perc=0.4730 illum=0.0000 inter=0.1149
2026-06-20 04:21:54,131 - INFO - step 1700/4127 loss=0.2992 pix=0.1146 freq=0.0132 ssim=0.2728 perc=0.4720 illum=0.0000 inter=0.1146
2026-06-20 04:22:25,880 - INFO - step 1750/4127 loss=0.2997 pix=0.1149 freq=0.0132 ssim=0.2730 perc=0.4721 illum=0.0000 inter=0.1149
2026-06-20 04:22:55,157 - INFO - step 1800/4127 loss=0.2989 pix=0.1145 freq=0.0131 ssim=0.2724 perc=0.4713 illum=0.0000 inter=0.1145
2026-06-20 04:23:22,049 - INFO - step 1850/4127 loss=0.2990 pix=0.1145 freq=0.0131 ssim=0.2727 perc=0.4716 illum=0.0000 inter=0.1145
2026-06-20 04:23:52,114 - INFO - step 1900/4127 loss=0.2989 pix=0.1143 freq=0.0131 ssim=0.2726 perc=0.4719 illum=0.0000 inter=0.1143
2026-06-20 04:24:22,508 - INFO - step 1950/4127 loss=0.2997 pix=0.1147 freq=0.0131 ssim=0.2734 perc=0.4728 illum=0.0000 inter=0.1147
2026-06-20 04:24:54,767 - INFO - step 2000/4127 loss=0.2996 pix=0.1148 freq=0.0131 ssim=0.2729 perc=0.4724 illum=0.0000 inter=0.1148
2026-06-20 04:25:21,089 - INFO - step 2050/4127 loss=0.2991 pix=0.1145 freq=0.0131 ssim=0.2729 perc=0.4720 illum=0.0000 inter=0.1145
2026-06-20 04:25:48,905 - INFO - step 2100/4127 loss=0.2988 pix=0.1144 freq=0.0131 ssim=0.2722 perc=0.4715 illum=0.0000 inter=0.1144
2026-06-20 04:26:20,539 - INFO - step 2150/4127 loss=0.2989 pix=0.1144 freq=0.0131 ssim=0.2722 perc=0.4719 illum=0.0000 inter=0.1144
2026-06-20 04:26:53,848 - INFO - step 2200/4127 loss=0.2989 pix=0.1142 freq=0.0131 ssim=0.2728 perc=0.4726 illum=0.0000 inter=0.1142
2026-06-20 04:27:21,358 - INFO - step 2250/4127 loss=0.2985 pix=0.1140 freq=0.0131 ssim=0.2727 perc=0.4720 illum=0.0000 inter=0.1140
2026-06-20 04:27:47,549 - INFO - step 2300/4127 loss=0.2984 pix=0.1140 freq=0.0131 ssim=0.2724 perc=0.4723 illum=0.0000 inter=0.1140
2026-06-20 04:28:26,255 - INFO - step 2350/4127 loss=0.2981 pix=0.1138 freq=0.0131 ssim=0.2724 perc=0.4720 illum=0.0000 inter=0.1138
2026-06-20 04:28:58,962 - INFO - step 2400/4127 loss=0.2982 pix=0.1137 freq=0.0131 ssim=0.2727 perc=0.4725 illum=0.0000 inter=0.1137
2026-06-20 04:29:25,447 - INFO - step 2450/4127 loss=0.2979 pix=0.1136 freq=0.0131 ssim=0.2722 perc=0.4723 illum=0.0000 inter=0.1136
2026-06-20 04:29:54,547 - INFO - step 2500/4127 loss=0.2979 pix=0.1136 freq=0.0131 ssim=0.2725 perc=0.4721 illum=0.0000 inter=0.1136
2026-06-20 04:30:22,996 - INFO - step 2550/4127 loss=0.2975 pix=0.1135 freq=0.0130 ssim=0.2721 perc=0.4716 illum=0.0000 inter=0.1135
2026-06-20 04:30:50,122 - INFO - step 2600/4127 loss=0.2975 pix=0.1135 freq=0.0130 ssim=0.2719 perc=0.4716 illum=0.0000 inter=0.1135
2026-06-20 04:31:16,232 - INFO - step 2650/4127 loss=0.2973 pix=0.1133 freq=0.0130 ssim=0.2719 perc=0.4718 illum=0.0000 inter=0.1133
2026-06-20 04:31:48,066 - INFO - step 2700/4127 loss=0.2970 pix=0.1131 freq=0.0130 ssim=0.2720 perc=0.4717 illum=0.0000 inter=0.1131
2026-06-20 04:32:18,168 - INFO - step 2750/4127 loss=0.2971 pix=0.1132 freq=0.0130 ssim=0.2718 perc=0.4714 illum=0.0000 inter=0.1132
2026-06-20 04:32:44,327 - INFO - step 2800/4127 loss=0.2970 pix=0.1132 freq=0.0130 ssim=0.2716 perc=0.4709 illum=0.0000 inter=0.1132
2026-06-20 04:33:14,558 - INFO - step 2850/4127 loss=0.2970 pix=0.1132 freq=0.0130 ssim=0.2717 perc=0.4710 illum=0.0000 inter=0.1132
2026-06-20 04:33:42,817 - INFO - step 2900/4127 loss=0.2972 pix=0.1133 freq=0.0130 ssim=0.2718 perc=0.4713 illum=0.0000 inter=0.1133
2026-06-20 04:34:14,174 - INFO - step 2950/4127 loss=0.2972 pix=0.1132 freq=0.0130 ssim=0.2721 perc=0.4715 illum=0.0000 inter=0.1132
2026-06-20 04:34:48,169 - INFO - step 3000/4127 loss=0.2974 pix=0.1134 freq=0.0130 ssim=0.2721 perc=0.4713 illum=0.0000 inter=0.1134
2026-06-20 04:35:19,821 - INFO - step 3050/4127 loss=0.2973 pix=0.1134 freq=0.0130 ssim=0.2720 perc=0.4712 illum=0.0000 inter=0.1134
2026-06-20 04:35:50,985 - INFO - step 3100/4127 loss=0.2969 pix=0.1132 freq=0.0130 ssim=0.2717 perc=0.4707 illum=0.0000 inter=0.1132
2026-06-20 04:36:20,149 - INFO - step 3150/4127 loss=0.2970 pix=0.1132 freq=0.0130 ssim=0.2718 perc=0.4710 illum=0.0000 inter=0.1132
2026-06-20 04:36:45,094 - INFO - step 3200/4127 loss=0.2967 pix=0.1131 freq=0.0130 ssim=0.2715 perc=0.4704 illum=0.0000 inter=0.1131
2026-06-20 04:37:10,757 - INFO - step 3250/4127 loss=0.2964 pix=0.1129 freq=0.0130 ssim=0.2713 perc=0.4705 illum=0.0000 inter=0.1129
2026-06-20 04:37:40,413 - INFO - step 3300/4127 loss=0.2964 pix=0.1129 freq=0.0130 ssim=0.2712 perc=0.4704 illum=0.0000 inter=0.1129
2026-06-20 04:38:13,208 - INFO - step 3350/4127 loss=0.2965 pix=0.1128 freq=0.0130 ssim=0.2717 perc=0.4711 illum=0.0000 inter=0.1128
2026-06-20 04:38:47,104 - INFO - step 3400/4127 loss=0.2965 pix=0.1128 freq=0.0130 ssim=0.2718 perc=0.4712 illum=0.0000 inter=0.1128
2026-06-20 04:39:20,782 - INFO - step 3450/4127 loss=0.2963 pix=0.1127 freq=0.0130 ssim=0.2718 perc=0.4710 illum=0.0000 inter=0.1127
2026-06-20 04:39:52,945 - INFO - step 3500/4127 loss=0.2962 pix=0.1126 freq=0.0130 ssim=0.2718 perc=0.4712 illum=0.0000 inter=0.1126
2026-06-20 04:40:20,041 - INFO - step 3550/4127 loss=0.2961 pix=0.1125 freq=0.0130 ssim=0.2717 perc=0.4710 illum=0.0000 inter=0.1125
2026-06-20 04:40:50,061 - INFO - step 3600/4127 loss=0.2962 pix=0.1126 freq=0.0130 ssim=0.2718 perc=0.4710 illum=0.0000 inter=0.1126
2026-06-20 04:41:22,124 - INFO - step 3650/4127 loss=0.2959 pix=0.1124 freq=0.0130 ssim=0.2716 perc=0.4708 illum=0.0000 inter=0.1124
2026-06-20 04:41:50,528 - INFO - step 3700/4127 loss=0.2960 pix=0.1125 freq=0.0130 ssim=0.2719 perc=0.4707 illum=0.0000 inter=0.1125
2026-06-20 04:42:18,528 - INFO - step 3750/4127 loss=0.2964 pix=0.1126 freq=0.0130 ssim=0.2726 perc=0.4715 illum=0.0000 inter=0.1126
2026-06-20 04:42:48,362 - INFO - step 3800/4127 loss=0.2962 pix=0.1124 freq=0.0130 ssim=0.2723 perc=0.4714 illum=0.0000 inter=0.1124
2026-06-20 04:43:12,560 - INFO - step 3850/4127 loss=0.2961 pix=0.1123 freq=0.0130 ssim=0.2723 perc=0.4715 illum=0.0000 inter=0.1123
2026-06-20 04:43:40,624 - INFO - step 3900/4127 loss=0.2961 pix=0.1123 freq=0.0130 ssim=0.2726 perc=0.4718 illum=0.0000 inter=0.1123
2026-06-20 04:44:08,222 - INFO - step 3950/4127 loss=0.2958 pix=0.1121 freq=0.0130 ssim=0.2726 perc=0.4715 illum=0.0000 inter=0.1121
2026-06-20 04:44:40,901 - INFO - step 4000/4127 loss=0.2959 pix=0.1121 freq=0.0130 ssim=0.2727 perc=0.4716 illum=0.0000 inter=0.1121
2026-06-20 04:45:07,180 - INFO - step 4050/4127 loss=0.2960 pix=0.1122 freq=0.0130 ssim=0.2729 perc=0.4716 illum=0.0000 inter=0.1122
2026-06-20 04:45:40,390 - INFO - step 4100/4127 loss=0.2960 pix=0.1121 freq=0.0130 ssim=0.2730 perc=0.4718 illum=0.0000 inter=0.1121
2026-06-20 04:45:53,946 - INFO - Train stats: {'loss_total': 0.2959071023780823, 'loss_pix': 0.11203651851198608, 'loss_freq': 0.013013490531883576, 'loss_ssim': 0.27293093087787873, 'loss_perc': 0.4718604483406399, 'loss_illum': 3.605426295371936e-08, 'loss_inter': 0.11203651443506593}
2026-06-20 04:45:53,946 - INFO - Epoch 7 / 150
2026-06-20 04:46:24,479 - INFO - step 50/4127 loss=0.2636 pix=0.0986 freq=0.0119 ssim=0.2341 perc=0.4374 illum=0.0000 inter=0.0986
2026-06-20 04:46:49,827 - INFO - step 100/4127 loss=0.2688 pix=0.1004 freq=0.0118 ssim=0.2448 perc=0.4405 illum=0.0000 inter=0.1004
2026-06-20 04:47:10,258 - INFO - step 150/4127 loss=0.2767 pix=0.1027 freq=0.0123 ssim=0.2559 perc=0.4537 illum=0.0000 inter=0.1027
2026-06-20 04:47:32,869 - INFO - step 200/4127 loss=0.2803 pix=0.1043 freq=0.0126 ssim=0.2578 perc=0.4594 illum=0.0000 inter=0.1043
2026-06-20 04:47:57,724 - INFO - step 250/4127 loss=0.2810 pix=0.1052 freq=0.0126 ssim=0.2548 perc=0.4601 illum=0.0000 inter=0.1052
2026-06-20 04:48:23,461 - INFO - step 300/4127 loss=0.2933 pix=0.1104 freq=0.0131 ssim=0.2688 perc=0.4737 illum=0.0000 inter=0.1104
2026-06-20 04:48:47,168 - INFO - step 350/4127 loss=0.2943 pix=0.1107 freq=0.0132 ssim=0.2707 perc=0.4747 illum=0.0000 inter=0.1107
2026-06-20 04:49:12,009 - INFO - step 400/4127 loss=0.2947 pix=0.1101 freq=0.0131 ssim=0.2735 perc=0.4776 illum=0.0000 inter=0.1101
2026-06-20 04:49:38,127 - INFO - step 450/4127 loss=0.2935 pix=0.1097 freq=0.0130 ssim=0.2725 perc=0.4758 illum=0.0000 inter=0.1097
2026-06-20 04:50:04,633 - INFO - step 500/4127 loss=0.2926 pix=0.1090 freq=0.0130 ssim=0.2733 perc=0.4748 illum=0.0000 inter=0.1090
2026-06-20 04:50:37,015 - INFO - step 550/4127 loss=0.2918 pix=0.1089 freq=0.0129 ssim=0.2720 perc=0.4722 illum=0.0000 inter=0.1089
2026-06-20 04:51:11,460 - INFO - step 600/4127 loss=0.2917 pix=0.1083 freq=0.0129 ssim=0.2740 perc=0.4739 illum=0.0000 inter=0.1083
2026-06-20 04:51:42,473 - INFO - step 650/4127 loss=0.2889 pix=0.1071 freq=0.0129 ssim=0.2709 perc=0.4714 illum=0.0000 inter=0.1071
2026-06-20 04:52:16,876 - INFO - step 700/4127 loss=0.2891 pix=0.1078 freq=0.0128 ssim=0.2694 perc=0.4691 illum=0.0000 inter=0.1078
2026-06-20 04:52:52,427 - INFO - step 750/4127 loss=0.2878 pix=0.1067 freq=0.0128 ssim=0.2693 perc=0.4699 illum=0.0000 inter=0.1067
2026-06-20 04:53:27,166 - INFO - step 800/4127 loss=0.2873 pix=0.1066 freq=0.0128 ssim=0.2683 perc=0.4689 illum=0.0000 inter=0.1066
2026-06-20 04:54:01,798 - INFO - step 850/4127 loss=0.2878 pix=0.1070 freq=0.0128 ssim=0.2683 perc=0.4685 illum=0.0000 inter=0.1070
2026-06-20 04:54:32,567 - INFO - step 900/4127 loss=0.2881 pix=0.1070 freq=0.0128 ssim=0.2693 perc=0.4696 illum=0.0000 inter=0.1070
2026-06-20 04:55:06,335 - INFO - step 950/4127 loss=0.2894 pix=0.1077 freq=0.0128 ssim=0.2702 perc=0.4699 illum=0.0000 inter=0.1077
2026-06-20 04:55:37,771 - INFO - step 1000/4127 loss=0.2882 pix=0.1072 freq=0.0128 ssim=0.2685 perc=0.4687 illum=0.0000 inter=0.1072
2026-06-20 04:56:10,787 - INFO - step 1050/4127 loss=0.2880 pix=0.1074 freq=0.0128 ssim=0.2679 perc=0.4677 illum=0.0000 inter=0.1074
2026-06-20 04:56:45,844 - INFO - step 1100/4127 loss=0.2892 pix=0.1078 freq=0.0128 ssim=0.2696 perc=0.4691 illum=0.0000 inter=0.1078
2026-06-20 04:57:14,144 - INFO - step 1150/4127 loss=0.2888 pix=0.1075 freq=0.0128 ssim=0.2694 perc=0.4693 illum=0.0000 inter=0.1075
2026-06-20 04:57:48,762 - INFO - step 1200/4127 loss=0.2899 pix=0.1082 freq=0.0128 ssim=0.2705 perc=0.4695 illum=0.0000 inter=0.1082
2026-06-20 04:58:20,044 - INFO - step 1250/4127 loss=0.2896 pix=0.1080 freq=0.0128 ssim=0.2706 perc=0.4688 illum=0.0000 inter=0.1080
2026-06-20 04:58:54,597 - INFO - step 1300/4127 loss=0.2900 pix=0.1081 freq=0.0129 ssim=0.2714 perc=0.4696 illum=0.0000 inter=0.1081
2026-06-20 04:59:29,188 - INFO - step 1350/4127 loss=0.2900 pix=0.1079 freq=0.0128 ssim=0.2723 perc=0.4697 illum=0.0000 inter=0.1079
2026-06-20 04:59:56,064 - INFO - step 1400/4127 loss=0.2899 pix=0.1081 freq=0.0128 ssim=0.2717 perc=0.4690 illum=0.0000 inter=0.1081
2026-06-20 05:00:30,514 - INFO - step 1450/4127 loss=0.2901 pix=0.1081 freq=0.0129 ssim=0.2715 perc=0.4698 illum=0.0000 inter=0.1081
2026-06-20 05:01:00,184 - INFO - step 1500/4127 loss=0.2898 pix=0.1078 freq=0.0128 ssim=0.2718 perc=0.4697 illum=0.0000 inter=0.1078
2026-06-20 05:01:25,172 - INFO - step 1550/4127 loss=0.2894 pix=0.1076 freq=0.0128 ssim=0.2715 perc=0.4695 illum=0.0000 inter=0.1076
2026-06-20 05:01:56,377 - INFO - step 1600/4127 loss=0.2892 pix=0.1076 freq=0.0128 ssim=0.2710 perc=0.4688 illum=0.0000 inter=0.1076
2026-06-20 05:02:30,873 - INFO - step 1650/4127 loss=0.2889 pix=0.1077 freq=0.0128 ssim=0.2699 perc=0.4683 illum=0.0000 inter=0.1077
2026-06-20 05:02:59,996 - INFO - step 1700/4127 loss=0.2897 pix=0.1080 freq=0.0128 ssim=0.2708 perc=0.4693 illum=0.0000 inter=0.1080
2026-06-20 05:03:31,275 - INFO - step 1750/4127 loss=0.2901 pix=0.1082 freq=0.0129 ssim=0.2708 perc=0.4698 illum=0.0000 inter=0.1082
2026-06-20 05:03:59,144 - INFO - step 1800/4127 loss=0.2899 pix=0.1080 freq=0.0129 ssim=0.2707 perc=0.4702 illum=0.0000 inter=0.1080
2026-06-20 05:04:29,934 - INFO - step 1850/4127 loss=0.2907 pix=0.1082 freq=0.0129 ssim=0.2720 perc=0.4715 illum=0.0000 inter=0.1082
2026-06-20 05:05:02,979 - INFO - step 1900/4127 loss=0.2915 pix=0.1088 freq=0.0129 ssim=0.2723 perc=0.4715 illum=0.0000 inter=0.1088
2026-06-20 05:05:35,018 - INFO - step 1950/4127 loss=0.2922 pix=0.1091 freq=0.0129 ssim=0.2734 perc=0.4722 illum=0.0000 inter=0.1091
2026-06-20 05:06:02,770 - INFO - step 2000/4127 loss=0.2920 pix=0.1089 freq=0.0129 ssim=0.2733 perc=0.4722 illum=0.0000 inter=0.1089
2026-06-20 05:06:36,151 - INFO - step 2050/4127 loss=0.2916 pix=0.1088 freq=0.0129 ssim=0.2726 perc=0.4715 illum=0.0000 inter=0.1088
2026-06-20 05:07:04,986 - INFO - step 2100/4127 loss=0.2923 pix=0.1092 freq=0.0129 ssim=0.2731 perc=0.4720 illum=0.0000 inter=0.1092
2026-06-20 05:07:33,786 - INFO - step 2150/4127 loss=0.2926 pix=0.1092 freq=0.0130 ssim=0.2736 perc=0.4729 illum=0.0000 inter=0.1092
2026-06-20 05:08:06,960 - INFO - step 2200/4127 loss=0.2932 pix=0.1096 freq=0.0130 ssim=0.2742 perc=0.4731 illum=0.0000 inter=0.1096
2026-06-20 05:08:39,635 - INFO - step 2250/4127 loss=0.2941 pix=0.1099 freq=0.0130 ssim=0.2752 perc=0.4742 illum=0.0000 inter=0.1099
2026-06-20 05:09:11,256 - INFO - step 2300/4127 loss=0.2942 pix=0.1100 freq=0.0130 ssim=0.2753 perc=0.4744 illum=0.0000 inter=0.1100
2026-06-20 05:09:39,602 - INFO - step 2350/4127 loss=0.2944 pix=0.1102 freq=0.0131 ssim=0.2754 perc=0.4741 illum=0.0000 inter=0.1102
2026-06-20 05:10:08,398 - INFO - step 2400/4127 loss=0.2947 pix=0.1104 freq=0.0131 ssim=0.2756 perc=0.4741 illum=0.0000 inter=0.1104
2026-06-20 05:10:40,914 - INFO - step 2450/4127 loss=0.2946 pix=0.1102 freq=0.0131 ssim=0.2759 perc=0.4745 illum=0.0000 inter=0.1102
2026-06-20 05:11:06,632 - INFO - step 2500/4127 loss=0.2945 pix=0.1102 freq=0.0131 ssim=0.2753 perc=0.4743 illum=0.0000 inter=0.1102
2026-06-20 05:11:39,347 - INFO - step 2550/4127 loss=0.2950 pix=0.1105 freq=0.0131 ssim=0.2755 perc=0.4750 illum=0.0000 inter=0.1105
2026-06-20 05:12:12,150 - INFO - step 2600/4127 loss=0.2949 pix=0.1104 freq=0.0131 ssim=0.2755 perc=0.4750 illum=0.0000 inter=0.1104
2026-06-20 05:12:44,494 - INFO - step 2650/4127 loss=0.2949 pix=0.1103 freq=0.0131 ssim=0.2757 perc=0.4750 illum=0.0000 inter=0.1103
2026-06-20 05:13:12,188 - INFO - step 2700/4127 loss=0.2948 pix=0.1102 freq=0.0131 ssim=0.2757 perc=0.4752 illum=0.0000 inter=0.1102
2026-06-20 05:13:44,865 - INFO - step 2750/4127 loss=0.2946 pix=0.1102 freq=0.0131 ssim=0.2753 perc=0.4750 illum=0.0000 inter=0.1102
2026-06-20 05:14:12,390 - INFO - step 2800/4127 loss=0.2950 pix=0.1104 freq=0.0131 ssim=0.2760 perc=0.4751 illum=0.0000 inter=0.1104
2026-06-20 05:14:42,296 - INFO - step 2850/4127 loss=0.2955 pix=0.1106 freq=0.0131 ssim=0.2763 perc=0.4754 illum=0.0000 inter=0.1106
2026-06-20 05:15:10,849 - INFO - step 2900/4127 loss=0.2950 pix=0.1105 freq=0.0131 ssim=0.2754 perc=0.4751 illum=0.0000 inter=0.1105
2026-06-20 05:15:40,262 - INFO - step 2950/4127 loss=0.2950 pix=0.1105 freq=0.0131 ssim=0.2752 perc=0.4751 illum=0.0000 inter=0.1105
2026-06-20 05:16:10,345 - INFO - step 3000/4127 loss=0.2947 pix=0.1104 freq=0.0131 ssim=0.2746 perc=0.4746 illum=0.0000 inter=0.1104
2026-06-20 05:16:38,311 - INFO - step 3050/4127 loss=0.2946 pix=0.1104 freq=0.0131 ssim=0.2743 perc=0.4745 illum=0.0000 inter=0.1104
2026-06-20 05:17:10,352 - INFO - step 3100/4127 loss=0.2945 pix=0.1103 freq=0.0131 ssim=0.2744 perc=0.4747 illum=0.0000 inter=0.1103
2026-06-20 05:17:42,445 - INFO - step 3150/4127 loss=0.2951 pix=0.1106 freq=0.0131 ssim=0.2749 perc=0.4748 illum=0.0000 inter=0.1106
2026-06-20 05:18:22,534 - INFO - step 3200/4127 loss=0.2956 pix=0.1108 freq=0.0131 ssim=0.2755 perc=0.4755 illum=0.0000 inter=0.1108
2026-06-20 05:18:54,365 - INFO - step 3250/4127 loss=0.2956 pix=0.1110 freq=0.0131 ssim=0.2753 perc=0.4749 illum=0.0000 inter=0.1110
2026-06-20 05:19:26,448 - INFO - step 3300/4127 loss=0.2953 pix=0.1108 freq=0.0131 ssim=0.2750 perc=0.4748 illum=0.0000 inter=0.1108
2026-06-20 05:19:54,391 - INFO - step 3350/4127 loss=0.2952 pix=0.1107 freq=0.0131 ssim=0.2750 perc=0.4747 illum=0.0000 inter=0.1107
2026-06-20 05:20:24,669 - INFO - step 3400/4127 loss=0.2951 pix=0.1106 freq=0.0131 ssim=0.2750 perc=0.4750 illum=0.0000 inter=0.1106
2026-06-20 05:20:48,326 - INFO - step 3450/4127 loss=0.2954 pix=0.1108 freq=0.0131 ssim=0.2750 perc=0.4748 illum=0.0000 inter=0.1108
2026-06-20 05:21:17,738 - INFO - step 3500/4127 loss=0.2953 pix=0.1108 freq=0.0131 ssim=0.2748 perc=0.4747 illum=0.0000 inter=0.1108
2026-06-20 05:21:46,318 - INFO - step 3550/4127 loss=0.2951 pix=0.1107 freq=0.0131 ssim=0.2747 perc=0.4746 illum=0.0000 inter=0.1107
2026-06-20 05:22:15,588 - INFO - step 3600/4127 loss=0.2950 pix=0.1107 freq=0.0131 ssim=0.2746 perc=0.4746 illum=0.0000 inter=0.1107
2026-06-20 05:22:46,736 - INFO - step 3650/4127 loss=0.2951 pix=0.1108 freq=0.0131 ssim=0.2744 perc=0.4744 illum=0.0000 inter=0.1108
2026-06-20 05:23:20,591 - INFO - step 3700/4127 loss=0.2953 pix=0.1109 freq=0.0131 ssim=0.2746 perc=0.4744 illum=0.0000 inter=0.1109
2026-06-20 05:23:48,984 - INFO - step 3750/4127 loss=0.2954 pix=0.1109 freq=0.0131 ssim=0.2749 perc=0.4748 illum=0.0000 inter=0.1109
2026-06-20 05:24:18,467 - INFO - step 3800/4127 loss=0.2951 pix=0.1107 freq=0.0131 ssim=0.2748 perc=0.4748 illum=0.0000 inter=0.1107
2026-06-20 05:24:48,024 - INFO - step 3850/4127 loss=0.2948 pix=0.1106 freq=0.0131 ssim=0.2744 perc=0.4741 illum=0.0000 inter=0.1106
2026-06-20 05:25:16,849 - INFO - step 3900/4127 loss=0.2949 pix=0.1106 freq=0.0131 ssim=0.2747 perc=0.4743 illum=0.0000 inter=0.1106
2026-06-20 05:25:48,825 - INFO - step 3950/4127 loss=0.2950 pix=0.1107 freq=0.0131 ssim=0.2748 perc=0.4743 illum=0.0000 inter=0.1107
2026-06-20 05:26:18,291 - INFO - step 4000/4127 loss=0.2947 pix=0.1106 freq=0.0131 ssim=0.2745 perc=0.4738 illum=0.0000 inter=0.1106
2026-06-20 05:26:48,336 - INFO - step 4050/4127 loss=0.2947 pix=0.1106 freq=0.0131 ssim=0.2745 perc=0.4734 illum=0.0000 inter=0.1106
2026-06-20 05:27:19,592 - INFO - step 4100/4127 loss=0.2949 pix=0.1107 freq=0.0131 ssim=0.2746 perc=0.4737 illum=0.0000 inter=0.1107
2026-06-20 05:27:31,847 - INFO - Train stats: {'loss_total': 0.2948624923144574, 'loss_pix': 0.1107400616629332, 'loss_freq': 0.013083377794186451, 'loss_ssim': 0.27451740057413815, 'loss_perc': 0.4734429489222206, 'loss_illum': 2.602669959107032e-11, 'loss_inter': 0.11074006165932211}
2026-06-20 05:27:31,847 - INFO - Epoch 8 / 150
2026-06-20 05:28:07,045 - INFO - step 50/4127 loss=0.3141 pix=0.1193 freq=0.0137 ssim=0.3037 perc=0.4846 illum=0.0000 inter=0.1193
2026-06-20 05:28:34,322 - INFO - step 100/4127 loss=0.3133 pix=0.1189 freq=0.0136 ssim=0.2960 perc=0.4911 illum=0.0000 inter=0.1189
2026-06-20 05:28:55,556 - INFO - step 150/4127 loss=0.3139 pix=0.1201 freq=0.0132 ssim=0.2972 perc=0.4850 illum=0.0000 inter=0.1201
2026-06-20 05:29:17,126 - INFO - step 200/4127 loss=0.3128 pix=0.1199 freq=0.0133 ssim=0.2929 perc=0.4847 illum=0.0000 inter=0.1199
2026-06-20 05:29:41,300 - INFO - step 250/4127 loss=0.3107 pix=0.1190 freq=0.0132 ssim=0.2899 perc=0.4833 illum=0.0000 inter=0.1190
2026-06-20 05:30:03,154 - INFO - step 300/4127 loss=0.3101 pix=0.1186 freq=0.0132 ssim=0.2883 perc=0.4846 illum=0.0000 inter=0.1186
2026-06-20 05:30:25,911 - INFO - step 350/4127 loss=0.3073 pix=0.1176 freq=0.0131 ssim=0.2852 perc=0.4799 illum=0.0000 inter=0.1176
2026-06-20 05:30:49,033 - INFO - step 400/4127 loss=0.3094 pix=0.1184 freq=0.0132 ssim=0.2895 perc=0.4808 illum=0.0000 inter=0.1184
2026-06-20 05:31:13,325 - INFO - step 450/4127 loss=0.3076 pix=0.1170 freq=0.0132 ssim=0.2878 perc=0.4825 illum=0.0000 inter=0.1170
2026-06-20 05:31:49,300 - INFO - step 500/4127 loss=0.3052 pix=0.1163 freq=0.0131 ssim=0.2857 perc=0.4780 illum=0.0000 inter=0.1163
2026-06-20 05:32:21,314 - INFO - step 550/4127 loss=0.3031 pix=0.1149 freq=0.0131 ssim=0.2841 perc=0.4780 illum=0.0000 inter=0.1149
2026-06-20 05:32:48,896 - INFO - step 600/4127 loss=0.3007 pix=0.1139 freq=0.0130 ssim=0.2810 perc=0.4752 illum=0.0000 inter=0.1139
2026-06-20 05:33:23,586 - INFO - step 650/4127 loss=0.2980 pix=0.1121 freq=0.0129 ssim=0.2797 perc=0.4751 illum=0.0000 inter=0.1121
2026-06-20 05:33:55,014 - INFO - step 700/4127 loss=0.2968 pix=0.1115 freq=0.0129 ssim=0.2786 perc=0.4741 illum=0.0000 inter=0.1115
2026-06-20 05:34:27,470 - INFO - step 750/4127 loss=0.2975 pix=0.1119 freq=0.0129 ssim=0.2795 perc=0.4743 illum=0.0000 inter=0.1119
2026-06-20 05:35:03,591 - INFO - step 800/4127 loss=0.2971 pix=0.1122 freq=0.0129 ssim=0.2781 perc=0.4715 illum=0.0000 inter=0.1122
2026-06-20 05:35:34,309 - INFO - step 850/4127 loss=0.2977 pix=0.1126 freq=0.0130 ssim=0.2790 perc=0.4716 illum=0.0000 inter=0.1126
2026-06-20 05:36:03,893 - INFO - step 900/4127 loss=0.2967 pix=0.1118 freq=0.0129 ssim=0.2784 perc=0.4717 illum=0.0000 inter=0.1118
2026-06-20 05:36:33,433 - INFO - step 950/4127 loss=0.2964 pix=0.1119 freq=0.0129 ssim=0.2770 perc=0.4711 illum=0.0000 inter=0.1119
2026-06-20 05:37:06,296 - INFO - step 1000/4127 loss=0.2961 pix=0.1117 freq=0.0129 ssim=0.2769 perc=0.4714 illum=0.0000 inter=0.1117
2026-06-20 05:37:35,732 - INFO - step 1050/4127 loss=0.2960 pix=0.1118 freq=0.0129 ssim=0.2765 perc=0.4701 illum=0.0000 inter=0.1118
2026-06-20 05:38:07,658 - INFO - step 1100/4127 loss=0.2974 pix=0.1127 freq=0.0129 ssim=0.2767 perc=0.4718 illum=0.0000 inter=0.1127
2026-06-20 05:38:46,509 - INFO - step 1150/4127 loss=0.2993 pix=0.1140 freq=0.0129 ssim=0.2772 perc=0.4719 illum=0.0000 inter=0.1140
2026-06-20 05:39:22,594 - INFO - step 1200/4127 loss=0.2987 pix=0.1139 freq=0.0129 ssim=0.2760 perc=0.4709 illum=0.0000 inter=0.1139
2026-06-20 05:39:55,252 - INFO - step 1250/4127 loss=0.2987 pix=0.1138 freq=0.0129 ssim=0.2757 perc=0.4713 illum=0.0000 inter=0.1138
2026-06-20 05:40:22,758 - INFO - step 1300/4127 loss=0.2991 pix=0.1141 freq=0.0129 ssim=0.2761 perc=0.4711 illum=0.0000 inter=0.1141
2026-06-20 05:40:50,843 - INFO - step 1350/4127 loss=0.2991 pix=0.1141 freq=0.0129 ssim=0.2757 perc=0.4716 illum=0.0000 inter=0.1141
2026-06-20 05:41:19,343 - INFO - step 1400/4127 loss=0.2994 pix=0.1141 freq=0.0129 ssim=0.2762 perc=0.4728 illum=0.0000 inter=0.1141
2026-06-20 05:41:48,944 - INFO - step 1450/4127 loss=0.2991 pix=0.1139 freq=0.0130 ssim=0.2759 perc=0.4728 illum=0.0000 inter=0.1139
2026-06-20 05:42:19,747 - INFO - step 1500/4127 loss=0.2982 pix=0.1136 freq=0.0130 ssim=0.2749 perc=0.4717 illum=0.0000 inter=0.1136
2026-06-20 05:42:53,297 - INFO - step 1550/4127 loss=0.2976 pix=0.1133 freq=0.0130 ssim=0.2742 perc=0.4709 illum=0.0000 inter=0.1133
2026-06-20 05:43:24,782 - INFO - step 1600/4127 loss=0.2970 pix=0.1130 freq=0.0130 ssim=0.2737 perc=0.4702 illum=0.0000 inter=0.1130
2026-06-20 05:43:56,142 - INFO - step 1650/4127 loss=0.2967 pix=0.1130 freq=0.0130 ssim=0.2731 perc=0.4697 illum=0.0000 inter=0.1130
2026-06-20 05:44:23,509 - INFO - step 1700/4127 loss=0.2965 pix=0.1131 freq=0.0130 ssim=0.2724 perc=0.4690 illum=0.0000 inter=0.1131
2026-06-20 05:44:58,560 - INFO - step 1750/4127 loss=0.2961 pix=0.1127 freq=0.0130 ssim=0.2723 perc=0.4690 illum=0.0000 inter=0.1127
2026-06-20 05:45:30,624 - INFO - step 1800/4127 loss=0.2953 pix=0.1124 freq=0.0130 ssim=0.2716 perc=0.4677 illum=0.0000 inter=0.1124
2026-06-20 05:46:00,297 - INFO - step 1850/4127 loss=0.2951 pix=0.1122 freq=0.0130 ssim=0.2715 perc=0.4679 illum=0.0000 inter=0.1122
2026-06-20 05:46:30,371 - INFO - step 1900/4127 loss=0.2953 pix=0.1125 freq=0.0130 ssim=0.2713 perc=0.4675 illum=0.0000 inter=0.1125
2026-06-20 05:47:00,830 - INFO - step 1950/4127 loss=0.2943 pix=0.1120 freq=0.0129 ssim=0.2701 perc=0.4664 illum=0.0000 inter=0.1120
2026-06-20 05:47:31,044 - INFO - step 2000/4127 loss=0.2945 pix=0.1122 freq=0.0130 ssim=0.2701 perc=0.4668 illum=0.0000 inter=0.1122
2026-06-20 05:47:57,436 - INFO - step 2050/4127 loss=0.2942 pix=0.1121 freq=0.0130 ssim=0.2695 perc=0.4664 illum=0.0000 inter=0.1121
2026-06-20 05:48:27,652 - INFO - step 2100/4127 loss=0.2939 pix=0.1120 freq=0.0129 ssim=0.2692 perc=0.4657 illum=0.0000 inter=0.1120
2026-06-20 05:48:56,746 - INFO - step 2150/4127 loss=0.2941 pix=0.1119 freq=0.0130 ssim=0.2699 perc=0.4665 illum=0.0000 inter=0.1119
2026-06-20 05:49:24,796 - INFO - step 2200/4127 loss=0.2942 pix=0.1120 freq=0.0130 ssim=0.2701 perc=0.4667 illum=0.0000 inter=0.1120
2026-06-20 05:50:00,572 - INFO - step 2250/4127 loss=0.2940 pix=0.1118 freq=0.0130 ssim=0.2700 perc=0.4669 illum=0.0000 inter=0.1118
2026-06-20 05:50:27,658 - INFO - step 2300/4127 loss=0.2938 pix=0.1116 freq=0.0130 ssim=0.2702 perc=0.4670 illum=0.0000 inter=0.1116
2026-06-20 05:50:57,830 - INFO - step 2350/4127 loss=0.2940 pix=0.1116 freq=0.0130 ssim=0.2708 perc=0.4673 illum=0.0000 inter=0.1116
2026-06-20 05:51:26,163 - INFO - step 2400/4127 loss=0.2946 pix=0.1119 freq=0.0130 ssim=0.2714 perc=0.4678 illum=0.0000 inter=0.1119
2026-06-20 05:51:57,676 - INFO - step 2450/4127 loss=0.2943 pix=0.1117 freq=0.0130 ssim=0.2715 perc=0.4677 illum=0.0000 inter=0.1117
2026-06-20 05:52:24,471 - INFO - step 2500/4127 loss=0.2941 pix=0.1116 freq=0.0130 ssim=0.2713 perc=0.4673 illum=0.0000 inter=0.1116
2026-06-20 05:52:57,145 - INFO - step 2550/4127 loss=0.2943 pix=0.1117 freq=0.0130 ssim=0.2714 perc=0.4677 illum=0.0000 inter=0.1117
2026-06-20 05:53:27,005 - INFO - step 2600/4127 loss=0.2943 pix=0.1116 freq=0.0130 ssim=0.2718 perc=0.4680 illum=0.0000 inter=0.1116
2026-06-20 05:53:56,516 - INFO - step 2650/4127 loss=0.2939 pix=0.1115 freq=0.0130 ssim=0.2716 perc=0.4671 illum=0.0000 inter=0.1115
2026-06-20 05:54:23,567 - INFO - step 2700/4127 loss=0.2934 pix=0.1112 freq=0.0130 ssim=0.2711 perc=0.4665 illum=0.0000 inter=0.1112
2026-06-20 05:54:54,489 - INFO - step 2750/4127 loss=0.2933 pix=0.1110 freq=0.0130 ssim=0.2712 perc=0.4669 illum=0.0000 inter=0.1110
2026-06-20 05:55:24,657 - INFO - step 2800/4127 loss=0.2931 pix=0.1110 freq=0.0130 ssim=0.2709 perc=0.4668 illum=0.0000 inter=0.1110
2026-06-20 05:55:56,747 - INFO - step 2850/4127 loss=0.2928 pix=0.1108 freq=0.0130 ssim=0.2706 perc=0.4666 illum=0.0000 inter=0.1108
2026-06-20 05:56:21,527 - INFO - step 2900/4127 loss=0.2943 pix=0.1117 freq=0.0130 ssim=0.2716 perc=0.4671 illum=0.0000 inter=0.1117
2026-06-20 05:56:50,521 - INFO - step 2950/4127 loss=0.2950 pix=0.1121 freq=0.0130 ssim=0.2724 perc=0.4676 illum=0.0000 inter=0.1121
2026-06-20 05:57:22,261 - INFO - step 3000/4127 loss=0.2962 pix=0.1126 freq=0.0131 ssim=0.2738 perc=0.4685 illum=0.0000 inter=0.1126
2026-06-20 05:57:48,259 - INFO - step 3050/4127 loss=0.2969 pix=0.1130 freq=0.0131 ssim=0.2745 perc=0.4688 illum=0.0000 inter=0.1130
2026-06-20 05:58:19,706 - INFO - step 3100/4127 loss=0.2971 pix=0.1132 freq=0.0131 ssim=0.2746 perc=0.4686 illum=0.0000 inter=0.1132
2026-06-20 05:58:50,846 - INFO - step 3150/4127 loss=0.2974 pix=0.1134 freq=0.0131 ssim=0.2750 perc=0.4687 illum=0.0000 inter=0.1134
2026-06-20 05:59:24,659 - INFO - step 3200/4127 loss=0.2977 pix=0.1134 freq=0.0131 ssim=0.2755 perc=0.4693 illum=0.0000 inter=0.1134
2026-06-20 05:59:57,752 - INFO - step 3250/4127 loss=0.2980 pix=0.1136 freq=0.0131 ssim=0.2755 perc=0.4692 illum=0.0000 inter=0.1136
2026-06-20 06:00:29,355 - INFO - step 3300/4127 loss=0.2982 pix=0.1137 freq=0.0132 ssim=0.2760 perc=0.4692 illum=0.0000 inter=0.1137
2026-06-20 06:01:03,028 - INFO - step 3350/4127 loss=0.2983 pix=0.1138 freq=0.0132 ssim=0.2759 perc=0.4690 illum=0.0000 inter=0.1138
2026-06-20 06:01:32,670 - INFO - step 3400/4127 loss=0.2983 pix=0.1138 freq=0.0132 ssim=0.2764 perc=0.4688 illum=0.0000 inter=0.1138
2026-06-20 06:02:02,736 - INFO - step 3450/4127 loss=0.2983 pix=0.1138 freq=0.0132 ssim=0.2765 perc=0.4685 illum=0.0000 inter=0.1138
2026-06-20 06:02:35,487 - INFO - step 3500/4127 loss=0.2986 pix=0.1140 freq=0.0132 ssim=0.2767 perc=0.4687 illum=0.0000 inter=0.1140
2026-06-20 06:03:09,678 - INFO - step 3550/4127 loss=0.2986 pix=0.1139 freq=0.0132 ssim=0.2769 perc=0.4687 illum=0.0000 inter=0.1139
2026-06-20 06:03:39,646 - INFO - step 3600/4127 loss=0.2987 pix=0.1141 freq=0.0132 ssim=0.2771 perc=0.4683 illum=0.0000 inter=0.1141
2026-06-20 06:04:08,107 - INFO - step 3650/4127 loss=0.2984 pix=0.1139 freq=0.0132 ssim=0.2769 perc=0.4681 illum=0.0000 inter=0.1139
2026-06-20 06:04:38,103 - INFO - step 3700/4127 loss=0.2985 pix=0.1139 freq=0.0132 ssim=0.2770 perc=0.4682 illum=0.0000 inter=0.1139
2026-06-20 06:05:06,845 - INFO - step 3750/4127 loss=0.2990 pix=0.1142 freq=0.0133 ssim=0.2774 perc=0.4688 illum=0.0000 inter=0.1142
2026-06-20 06:05:33,323 - INFO - step 3800/4127 loss=0.2991 pix=0.1142 freq=0.0133 ssim=0.2776 perc=0.4688 illum=0.0000 inter=0.1142
2026-06-20 06:06:03,033 - INFO - step 3850/4127 loss=0.2990 pix=0.1142 freq=0.0133 ssim=0.2776 perc=0.4686 illum=0.0000 inter=0.1142
2026-06-20 06:06:30,789 - INFO - step 3900/4127 loss=0.2988 pix=0.1142 freq=0.0133 ssim=0.2772 perc=0.4680 illum=0.0000 inter=0.1142
2026-06-20 06:07:03,899 - INFO - step 3950/4127 loss=0.2991 pix=0.1144 freq=0.0133 ssim=0.2775 perc=0.4681 illum=0.0000 inter=0.1144
2026-06-20 06:07:35,502 - INFO - step 4000/4127 loss=0.2992 pix=0.1144 freq=0.0133 ssim=0.2775 perc=0.4681 illum=0.0000 inter=0.1144
2026-06-20 06:08:03,788 - INFO - step 4050/4127 loss=0.2992 pix=0.1144 freq=0.0133 ssim=0.2777 perc=0.4683 illum=0.0000 inter=0.1144
2026-06-20 06:08:32,274 - INFO - step 4100/4127 loss=0.2993 pix=0.1144 freq=0.0133 ssim=0.2780 perc=0.4682 illum=0.0000 inter=0.1144
2026-06-20 06:08:48,685 - INFO - Train stats: {'loss_total': 0.29907146735934076, 'loss_pix': 0.11427409084409738, 'loss_freq': 0.013308266615279549, 'loss_ssim': 0.27787759181125143, 'loss_perc': 0.4680439994600373, 'loss_illum': 1.282698977501533e-15, 'loss_inter': 0.11427409084409738}
2026-06-20 06:08:48,685 - INFO - Epoch 9 / 150
2026-06-20 06:09:20,363 - INFO - step 50/4127 loss=0.2826 pix=0.1065 freq=0.0131 ssim=0.2677 perc=0.4469 illum=0.0000 inter=0.1065
2026-06-20 06:09:44,900 - INFO - step 100/4127 loss=0.2812 pix=0.1041 freq=0.0130 ssim=0.2720 perc=0.4509 illum=0.0000 inter=0.1041
2026-06-20 06:10:10,911 - INFO - step 150/4127 loss=0.2900 pix=0.1064 freq=0.0133 ssim=0.2904 perc=0.4610 illum=0.0000 inter=0.1064
2026-06-20 06:10:35,246 - INFO - step 200/4127 loss=0.2910 pix=0.1083 freq=0.0133 ssim=0.2871 perc=0.4573 illum=0.0000 inter=0.1083
2026-06-20 06:10:58,644 - INFO - step 250/4127 loss=0.2966 pix=0.1118 freq=0.0136 ssim=0.2900 perc=0.4591 illum=0.0000 inter=0.1118
2026-06-20 06:11:20,934 - INFO - step 300/4127 loss=0.3023 pix=0.1157 freq=0.0138 ssim=0.2912 perc=0.4614 illum=0.0000 inter=0.1157
2026-06-20 06:11:45,336 - INFO - step 350/4127 loss=0.3015 pix=0.1165 freq=0.0137 ssim=0.2863 perc=0.4572 illum=0.0000 inter=0.1165
2026-06-20 06:12:14,582 - INFO - step 400/4127 loss=0.3061 pix=0.1193 freq=0.0137 ssim=0.2885 perc=0.4597 illum=0.0000 inter=0.1193
2026-06-20 06:12:51,901 - INFO - step 450/4127 loss=0.3114 pix=0.1222 freq=0.0137 ssim=0.2919 perc=0.4635 illum=0.0000 inter=0.1222
2026-06-20 06:13:20,075 - INFO - step 500/4127 loss=0.3101 pix=0.1217 freq=0.0136 ssim=0.2900 perc=0.4629 illum=0.0000 inter=0.1217
2026-06-20 06:13:49,628 - INFO - step 550/4127 loss=0.3098 pix=0.1211 freq=0.0137 ssim=0.2905 perc=0.4647 illum=0.0000 inter=0.1211
2026-06-20 06:14:26,662 - INFO - step 600/4127 loss=0.3084 pix=0.1206 freq=0.0136 ssim=0.2887 perc=0.4628 illum=0.0000 inter=0.1206
2026-06-20 06:15:05,117 - INFO - step 650/4127 loss=0.3092 pix=0.1207 freq=0.0136 ssim=0.2897 perc=0.4650 illum=0.0000 inter=0.1207
2026-06-20 06:15:35,193 - INFO - step 700/4127 loss=0.3095 pix=0.1201 freq=0.0137 ssim=0.2927 perc=0.4674 illum=0.0000 inter=0.1201
2026-06-20 06:16:08,918 - INFO - step 750/4127 loss=0.3104 pix=0.1208 freq=0.0137 ssim=0.2932 perc=0.4666 illum=0.0000 inter=0.1208
2026-06-20 06:16:41,110 - INFO - step 800/4127 loss=0.3105 pix=0.1211 freq=0.0137 ssim=0.2916 perc=0.4664 illum=0.0000 inter=0.1211
2026-06-20 06:17:10,135 - INFO - step 850/4127 loss=0.3086 pix=0.1203 freq=0.0137 ssim=0.2895 perc=0.4650 illum=0.0000 inter=0.1203
2026-06-20 06:17:42,837 - INFO - step 900/4127 loss=0.3083 pix=0.1200 freq=0.0137 ssim=0.2894 perc=0.4654 illum=0.0000 inter=0.1200
2026-06-20 06:18:14,731 - INFO - step 950/4127 loss=0.3073 pix=0.1196 freq=0.0136 ssim=0.2881 perc=0.4638 illum=0.0000 inter=0.1196
2026-06-20 06:18:46,475 - INFO - step 1000/4127 loss=0.3067 pix=0.1190 freq=0.0137 ssim=0.2883 perc=0.4648 illum=0.0000 inter=0.1190
2026-06-20 06:19:22,324 - INFO - step 1050/4127 loss=0.3064 pix=0.1191 freq=0.0136 ssim=0.2875 perc=0.4635 illum=0.0000 inter=0.1191
2026-06-20 06:19:56,510 - INFO - step 1100/4127 loss=0.3052 pix=0.1187 freq=0.0136 ssim=0.2859 perc=0.4616 illum=0.0000 inter=0.1187
2026-06-20 06:20:24,617 - INFO - step 1150/4127 loss=0.3043 pix=0.1183 freq=0.0136 ssim=0.2851 perc=0.4607 illum=0.0000 inter=0.1183
2026-06-20 06:20:57,269 - INFO - step 1200/4127 loss=0.3040 pix=0.1182 freq=0.0136 ssim=0.2849 perc=0.4603 illum=0.0000 inter=0.1182
2026-06-20 06:21:25,874 - INFO - step 1250/4127 loss=0.3038 pix=0.1180 freq=0.0136 ssim=0.2852 perc=0.4605 illum=0.0000 inter=0.1180
2026-06-20 06:21:54,239 - INFO - step 1300/4127 loss=0.3040 pix=0.1181 freq=0.0136 ssim=0.2852 perc=0.4603 illum=0.0000 inter=0.1181
2026-06-20 06:22:24,269 - INFO - step 1350/4127 loss=0.3041 pix=0.1180 freq=0.0136 ssim=0.2858 perc=0.4607 illum=0.0000 inter=0.1180
2026-06-20 06:22:56,224 - INFO - step 1400/4127 loss=0.3028 pix=0.1175 freq=0.0135 ssim=0.2842 perc=0.4594 illum=0.0000 inter=0.1175
2026-06-20 06:23:30,895 - INFO - step 1450/4127 loss=0.3023 pix=0.1171 freq=0.0136 ssim=0.2839 perc=0.4596 illum=0.0000 inter=0.1171
2026-06-20 06:24:02,457 - INFO - step 1500/4127 loss=0.3011 pix=0.1165 freq=0.0135 ssim=0.2830 perc=0.4587 illum=0.0000 inter=0.1165
2026-06-20 06:24:30,424 - INFO - step 1550/4127 loss=0.3007 pix=0.1164 freq=0.0135 ssim=0.2822 perc=0.4580 illum=0.0000 inter=0.1164
2026-06-20 06:24:55,016 - INFO - step 1600/4127 loss=0.3006 pix=0.1162 freq=0.0134 ssim=0.2828 perc=0.4583 illum=0.0000 inter=0.1162
2026-06-20 06:25:30,558 - INFO - step 1650/4127 loss=0.3004 pix=0.1161 freq=0.0134 ssim=0.2823 perc=0.4580 illum=0.0000 inter=0.1161
2026-06-20 06:26:00,302 - INFO - step 1700/4127 loss=0.3008 pix=0.1163 freq=0.0135 ssim=0.2826 perc=0.4587 illum=0.0000 inter=0.1163
2026-06-20 06:26:32,822 - INFO - step 1750/4127 loss=0.3002 pix=0.1159 freq=0.0135 ssim=0.2824 perc=0.4586 illum=0.0000 inter=0.1159
2026-06-20 06:27:01,646 - INFO - step 1800/4127 loss=0.2995 pix=0.1155 freq=0.0134 ssim=0.2822 perc=0.4578 illum=0.0000 inter=0.1155
2026-06-20 06:27:34,500 - INFO - step 1850/4127 loss=0.2997 pix=0.1155 freq=0.0135 ssim=0.2824 perc=0.4584 illum=0.0000 inter=0.1155
2026-06-20 06:28:04,860 - INFO - step 1900/4127 loss=0.2996 pix=0.1155 freq=0.0135 ssim=0.2824 perc=0.4580 illum=0.0000 inter=0.1155
2026-06-20 06:28:32,233 - INFO - step 1950/4127 loss=0.2995 pix=0.1156 freq=0.0135 ssim=0.2821 perc=0.4571 illum=0.0000 inter=0.1156
2026-06-20 06:29:00,189 - INFO - step 2000/4127 loss=0.2994 pix=0.1157 freq=0.0135 ssim=0.2817 perc=0.4562 illum=0.0000 inter=0.1157
2026-06-20 06:29:30,913 - INFO - step 2050/4127 loss=0.2989 pix=0.1155 freq=0.0134 ssim=0.2814 perc=0.4558 illum=0.0000 inter=0.1155
2026-06-20 06:30:01,091 - INFO - step 2100/4127 loss=0.2987 pix=0.1153 freq=0.0134 ssim=0.2814 perc=0.4556 illum=0.0000 inter=0.1153
2026-06-20 06:30:32,628 - INFO - step 2150/4127 loss=0.2985 pix=0.1153 freq=0.0135 ssim=0.2810 perc=0.4555 illum=0.0000 inter=0.1153
2026-06-20 06:31:01,732 - INFO - step 2200/4127 loss=0.2982 pix=0.1151 freq=0.0135 ssim=0.2805 perc=0.4552 illum=0.0000 inter=0.1151
2026-06-20 06:31:29,788 - INFO - step 2250/4127 loss=0.2977 pix=0.1149 freq=0.0135 ssim=0.2801 perc=0.4551 illum=0.0000 inter=0.1149
2026-06-20 06:32:05,407 - INFO - step 2300/4127 loss=0.2979 pix=0.1149 freq=0.0135 ssim=0.2805 perc=0.4554 illum=0.0000 inter=0.1149
2026-06-20 06:32:35,884 - INFO - step 2350/4127 loss=0.2980 pix=0.1149 freq=0.0135 ssim=0.2807 perc=0.4557 illum=0.0000 inter=0.1149
2026-06-20 06:33:06,339 - INFO - step 2400/4127 loss=0.2981 pix=0.1149 freq=0.0135 ssim=0.2808 perc=0.4558 illum=0.0000 inter=0.1149
2026-06-20 06:33:38,044 - INFO - step 2450/4127 loss=0.2984 pix=0.1151 freq=0.0136 ssim=0.2811 perc=0.4561 illum=0.0000 inter=0.1151
2026-06-20 06:34:07,233 - INFO - step 2500/4127 loss=0.2984 pix=0.1151 freq=0.0136 ssim=0.2809 perc=0.4560 illum=0.0000 inter=0.1151
2026-06-20 06:34:38,565 - INFO - step 2550/4127 loss=0.2984 pix=0.1151 freq=0.0136 ssim=0.2811 perc=0.4561 illum=0.0000 inter=0.1151
2026-06-20 06:35:08,716 - INFO - step 2600/4127 loss=0.2981 pix=0.1149 freq=0.0136 ssim=0.2808 perc=0.4561 illum=0.0000 inter=0.1149
2026-06-20 06:35:35,571 - INFO - step 2650/4127 loss=0.2977 pix=0.1147 freq=0.0136 ssim=0.2801 perc=0.4557 illum=0.0000 inter=0.1147
2026-06-20 06:36:06,055 - INFO - step 2700/4127 loss=0.2977 pix=0.1147 freq=0.0136 ssim=0.2802 perc=0.4560 illum=0.0000 inter=0.1147
2026-06-20 06:36:36,920 - INFO - step 2750/4127 loss=0.2977 pix=0.1147 freq=0.0136 ssim=0.2802 perc=0.4559 illum=0.0000 inter=0.1147
2026-06-20 06:37:06,428 - INFO - step 2800/4127 loss=0.2973 pix=0.1145 freq=0.0136 ssim=0.2797 perc=0.4555 illum=0.0000 inter=0.1145
2026-06-20 06:37:37,520 - INFO - step 2850/4127 loss=0.2976 pix=0.1146 freq=0.0136 ssim=0.2801 perc=0.4564 illum=0.0000 inter=0.1146
2026-06-20 06:38:12,839 - INFO - step 2900/4127 loss=0.2979 pix=0.1148 freq=0.0136 ssim=0.2802 perc=0.4566 illum=0.0000 inter=0.1148
2026-06-20 06:38:45,838 - INFO - step 2950/4127 loss=0.2976 pix=0.1147 freq=0.0136 ssim=0.2800 perc=0.4561 illum=0.0000 inter=0.1147
2026-06-20 06:39:23,133 - INFO - step 3000/4127 loss=0.2979 pix=0.1148 freq=0.0136 ssim=0.2804 perc=0.4561 illum=0.0000 inter=0.1148
2026-06-20 06:39:54,168 - INFO - step 3050/4127 loss=0.2978 pix=0.1148 freq=0.0136 ssim=0.2802 perc=0.4561 illum=0.0000 inter=0.1148
2026-06-20 06:40:25,275 - INFO - step 3100/4127 loss=0.2970 pix=0.1144 freq=0.0135 ssim=0.2793 perc=0.4554 illum=0.0000 inter=0.1144
2026-06-20 06:40:56,821 - INFO - step 3150/4127 loss=0.2971 pix=0.1144 freq=0.0135 ssim=0.2796 perc=0.4551 illum=0.0000 inter=0.1144
2026-06-20 06:41:27,876 - INFO - step 3200/4127 loss=0.2978 pix=0.1149 freq=0.0135 ssim=0.2801 perc=0.4553 illum=0.0000 inter=0.1149
2026-06-20 06:41:53,732 - INFO - step 3250/4127 loss=0.2986 pix=0.1153 freq=0.0135 ssim=0.2808 perc=0.4557 illum=0.0000 inter=0.1153
2026-06-20 06:42:24,791 - INFO - step 3300/4127 loss=0.2990 pix=0.1156 freq=0.0135 ssim=0.2811 perc=0.4556 illum=0.0000 inter=0.1156
2026-06-20 06:42:51,980 - INFO - step 3350/4127 loss=0.2993 pix=0.1158 freq=0.0135 ssim=0.2814 perc=0.4559 illum=0.0000 inter=0.1158
2026-06-20 06:43:22,876 - INFO - step 3400/4127 loss=0.2994 pix=0.1158 freq=0.0136 ssim=0.2814 perc=0.4562 illum=0.0000 inter=0.1158
2026-06-20 06:43:55,856 - INFO - step 3450/4127 loss=0.2994 pix=0.1157 freq=0.0136 ssim=0.2815 perc=0.4566 illum=0.0000 inter=0.1157
2026-06-20 06:44:28,264 - INFO - step 3500/4127 loss=0.2992 pix=0.1156 freq=0.0136 ssim=0.2814 perc=0.4568 illum=0.0000 inter=0.1156
2026-06-20 06:45:00,590 - INFO - step 3550/4127 loss=0.2987 pix=0.1153 freq=0.0135 ssim=0.2810 perc=0.4562 illum=0.0000 inter=0.1153
2026-06-20 06:45:28,332 - INFO - step 3600/4127 loss=0.2987 pix=0.1153 freq=0.0136 ssim=0.2806 perc=0.4564 illum=0.0000 inter=0.1153
2026-06-20 06:45:55,239 - INFO - step 3650/4127 loss=0.2986 pix=0.1153 freq=0.0136 ssim=0.2807 perc=0.4563 illum=0.0000 inter=0.1153
2026-06-20 06:46:29,654 - INFO - step 3700/4127 loss=0.2982 pix=0.1151 freq=0.0135 ssim=0.2803 perc=0.4561 illum=0.0000 inter=0.1151
2026-06-20 06:47:00,447 - INFO - step 3750/4127 loss=0.2981 pix=0.1150 freq=0.0135 ssim=0.2803 perc=0.4561 illum=0.0000 inter=0.1150
2026-06-20 06:47:30,663 - INFO - step 3800/4127 loss=0.2982 pix=0.1150 freq=0.0135 ssim=0.2806 perc=0.4561 illum=0.0000 inter=0.1150
2026-06-20 06:47:56,806 - INFO - step 3850/4127 loss=0.2980 pix=0.1149 freq=0.0135 ssim=0.2804 perc=0.4560 illum=0.0000 inter=0.1149
2026-06-20 06:48:29,664 - INFO - step 3900/4127 loss=0.2979 pix=0.1148 freq=0.0135 ssim=0.2804 perc=0.4561 illum=0.0000 inter=0.1148
2026-06-20 06:49:01,408 - INFO - step 3950/4127 loss=0.2978 pix=0.1147 freq=0.0136 ssim=0.2805 perc=0.4563 illum=0.0000 inter=0.1147
2026-06-20 06:49:39,071 - INFO - step 4000/4127 loss=0.2975 pix=0.1146 freq=0.0135 ssim=0.2800 perc=0.4559 illum=0.0000 inter=0.1146
2026-06-20 06:50:04,811 - INFO - step 4050/4127 loss=0.2973 pix=0.1145 freq=0.0135 ssim=0.2797 perc=0.4556 illum=0.0000 inter=0.1145
2026-06-20 06:50:37,946 - INFO - step 4100/4127 loss=0.2972 pix=0.1145 freq=0.0135 ssim=0.2797 perc=0.4553 illum=0.0000 inter=0.1145
2026-06-20 06:50:53,843 - INFO - Train stats: {'loss_total': 0.2971675526073134, 'loss_pix': 0.11450105534357966, 'loss_freq': 0.013529074189547569, 'loss_ssim': 0.2795371643040638, 'loss_perc': 0.4552791793227528, 'loss_illum': 1.2158405614045757e-16, 'loss_inter': 0.11450105534357966}
2026-06-20 06:50:53,843 - INFO - Epoch 10 / 150
2026-06-20 06:51:29,893 - INFO - step 50/4127 loss=0.3177 pix=0.1294 freq=0.0139 ssim=0.2818 perc=0.4588 illum=0.0000 inter=0.1294
2026-06-20 06:51:53,749 - INFO - step 100/4127 loss=0.3034 pix=0.1179 freq=0.0138 ssim=0.2836 perc=0.4604 illum=0.0000 inter=0.1179
2026-06-20 06:52:21,488 - INFO - step 150/4127 loss=0.3006 pix=0.1168 freq=0.0137 ssim=0.2842 perc=0.4530 illum=0.0000 inter=0.1168
2026-06-20 06:52:50,169 - INFO - step 200/4127 loss=0.2928 pix=0.1123 freq=0.0135 ssim=0.2781 perc=0.4491 illum=0.0000 inter=0.1123
2026-06-20 06:53:08,998 - INFO - step 250/4127 loss=0.2910 pix=0.1121 freq=0.0133 ssim=0.2742 perc=0.4453 illum=0.0000 inter=0.1121
2026-06-20 06:53:34,266 - INFO - step 300/4127 loss=0.2898 pix=0.1109 freq=0.0134 ssim=0.2727 perc=0.4487 illum=0.0000 inter=0.1109
2026-06-20 06:54:04,790 - INFO - step 350/4127 loss=0.2926 pix=0.1117 freq=0.0136 ssim=0.2776 perc=0.4526 illum=0.0000 inter=0.1117
2026-06-20 06:54:36,451 - INFO - step 400/4127 loss=0.2939 pix=0.1123 freq=0.0136 ssim=0.2792 perc=0.4536 illum=0.0000 inter=0.1123
2026-06-20 06:55:04,962 - INFO - step 450/4127 loss=0.2973 pix=0.1143 freq=0.0137 ssim=0.2804 perc=0.4564 illum=0.0000 inter=0.1143
2026-06-20 06:55:38,116 - INFO - step 500/4127 loss=0.3122 pix=0.1225 freq=0.0139 ssim=0.2917 perc=0.4664 illum=0.0000 inter=0.1225
2026-06-20 06:56:06,380 - INFO - step 550/4127 loss=0.3153 pix=0.1241 freq=0.0140 ssim=0.2931 perc=0.4698 illum=0.0000 inter=0.1241
2026-06-20 06:56:37,845 - INFO - step 600/4127 loss=0.3141 pix=0.1235 freq=0.0140 ssim=0.2910 perc=0.4697 illum=0.0000 inter=0.1235
2026-06-20 06:57:12,071 - INFO - step 650/4127 loss=0.3129 pix=0.1225 freq=0.0140 ssim=0.2914 perc=0.4698 illum=0.0000 inter=0.1225
2026-06-20 06:57:41,734 - INFO - step 700/4127 loss=0.3111 pix=0.1217 freq=0.0139 ssim=0.2906 perc=0.4668 illum=0.0000 inter=0.1217
2026-06-20 06:58:17,424 - INFO - step 750/4127 loss=0.3105 pix=0.1214 freq=0.0138 ssim=0.2904 perc=0.4657 illum=0.0000 inter=0.1214
2026-06-20 06:58:47,955 - INFO - step 800/4127 loss=0.3107 pix=0.1212 freq=0.0138 ssim=0.2918 perc=0.4668 illum=0.0000 inter=0.1212
2026-06-20 06:59:27,510 - INFO - step 850/4127 loss=0.3089 pix=0.1207 freq=0.0137 ssim=0.2888 perc=0.4644 illum=0.0000 inter=0.1207
2026-06-20 07:00:03,249 - INFO - step 900/4127 loss=0.3081 pix=0.1199 freq=0.0138 ssim=0.2888 perc=0.4652 illum=0.0000 inter=0.1199
2026-06-20 07:00:30,160 - INFO - step 950/4127 loss=0.3060 pix=0.1192 freq=0.0137 ssim=0.2858 perc=0.4626 illum=0.0000 inter=0.1192
2026-06-20 07:00:59,982 - INFO - step 1000/4127 loss=0.3043 pix=0.1187 freq=0.0136 ssim=0.2836 perc=0.4597 illum=0.0000 inter=0.1187
2026-06-20 07:01:28,310 - INFO - step 1050/4127 loss=0.3046 pix=0.1187 freq=0.0136 ssim=0.2841 perc=0.4608 illum=0.0000 inter=0.1187
2026-06-20 07:01:55,667 - INFO - step 1100/4127 loss=0.3041 pix=0.1184 freq=0.0136 ssim=0.2840 perc=0.4597 illum=0.0000 inter=0.1184
2026-06-20 07:02:29,914 - INFO - step 1150/4127 loss=0.3032 pix=0.1181 freq=0.0135 ssim=0.2827 perc=0.4592 illum=0.0000 inter=0.1181
2026-06-20 07:02:57,911 - INFO - step 1200/4127 loss=0.3027 pix=0.1177 freq=0.0135 ssim=0.2827 perc=0.4588 illum=0.0000 inter=0.1177
2026-06-20 07:03:32,559 - INFO - step 1250/4127 loss=0.3023 pix=0.1173 freq=0.0136 ssim=0.2826 perc=0.4594 illum=0.0000 inter=0.1173
2026-06-20 07:04:03,882 - INFO - step 1300/4127 loss=0.3016 pix=0.1167 freq=0.0136 ssim=0.2825 perc=0.4598 illum=0.0000 inter=0.1167
2026-06-20 07:04:31,397 - INFO - step 1350/4127 loss=0.3018 pix=0.1167 freq=0.0137 ssim=0.2830 perc=0.4606 illum=0.0000 inter=0.1167
2026-06-20 07:05:01,687 - INFO - step 1400/4127 loss=0.3011 pix=0.1164 freq=0.0136 ssim=0.2820 perc=0.4597 illum=0.0000 inter=0.1164
2026-06-20 07:05:39,261 - INFO - step 1450/4127 loss=0.3004 pix=0.1161 freq=0.0136 ssim=0.2813 perc=0.4590 illum=0.0000 inter=0.1161
2026-06-20 07:06:08,684 - INFO - step 1500/4127 loss=0.3006 pix=0.1164 freq=0.0136 ssim=0.2811 perc=0.4586 illum=0.0000 inter=0.1164
2026-06-20 07:06:38,282 - INFO - step 1550/4127 loss=0.3003 pix=0.1163 freq=0.0136 ssim=0.2806 perc=0.4583 illum=0.0000 inter=0.1163
2026-06-20 07:07:09,548 - INFO - step 1600/4127 loss=0.3000 pix=0.1162 freq=0.0136 ssim=0.2800 perc=0.4579 illum=0.0000 inter=0.1162
2026-06-20 07:07:39,252 - INFO - step 1650/4127 loss=0.2999 pix=0.1160 freq=0.0136 ssim=0.2804 perc=0.4583 illum=0.0000 inter=0.1160
2026-06-20 07:08:11,436 - INFO - step 1700/4127 loss=0.2996 pix=0.1160 freq=0.0136 ssim=0.2798 perc=0.4573 illum=0.0000 inter=0.1160
2026-06-20 07:08:45,356 - INFO - step 1750/4127 loss=0.2996 pix=0.1158 freq=0.0136 ssim=0.2800 perc=0.4580 illum=0.0000 inter=0.1158
2026-06-20 07:09:17,326 - INFO - step 1800/4127 loss=0.3010 pix=0.1166 freq=0.0136 ssim=0.2812 perc=0.4592 illum=0.0000 inter=0.1166
2026-06-20 07:09:44,445 - INFO - step 1850/4127 loss=0.3011 pix=0.1165 freq=0.0136 ssim=0.2813 perc=0.4602 illum=0.0000 inter=0.1165
2026-06-20 07:10:11,181 - INFO - step 1900/4127 loss=0.3012 pix=0.1165 freq=0.0137 ssim=0.2814 perc=0.4608 illum=0.0000 inter=0.1165
2026-06-20 07:10:40,823 - INFO - step 1950/4127 loss=0.3011 pix=0.1165 freq=0.0137 ssim=0.2812 perc=0.4605 illum=0.0000 inter=0.1165
2026-06-20 07:11:09,381 - INFO - step 2000/4127 loss=0.3013 pix=0.1166 freq=0.0137 ssim=0.2813 perc=0.4603 illum=0.0000 inter=0.1166
2026-06-20 07:11:43,514 - INFO - step 2050/4127 loss=0.3006 pix=0.1164 freq=0.0136 ssim=0.2802 perc=0.4596 illum=0.0000 inter=0.1164
2026-06-20 07:12:11,726 - INFO - step 2100/4127 loss=0.3006 pix=0.1166 freq=0.0136 ssim=0.2797 perc=0.4588 illum=0.0000 inter=0.1166
2026-06-20 07:12:37,835 - INFO - step 2150/4127 loss=0.3002 pix=0.1162 freq=0.0136 ssim=0.2797 perc=0.4591 illum=0.0000 inter=0.1162
2026-06-20 07:13:04,572 - INFO - step 2200/4127 loss=0.3005 pix=0.1163 freq=0.0136 ssim=0.2802 perc=0.4592 illum=0.0000 inter=0.1163
2026-06-20 07:13:36,422 - INFO - step 2250/4127 loss=0.3011 pix=0.1166 freq=0.0136 ssim=0.2811 perc=0.4599 illum=0.0000 inter=0.1166
2026-06-20 07:14:08,103 - INFO - step 2300/4127 loss=0.3013 pix=0.1168 freq=0.0136 ssim=0.2808 perc=0.4594 illum=0.0000 inter=0.1168
2026-06-20 07:14:36,571 - INFO - step 2350/4127 loss=0.3025 pix=0.1175 freq=0.0137 ssim=0.2817 perc=0.4603 illum=0.0000 inter=0.1175
2026-06-20 07:15:07,282 - INFO - step 2400/4127 loss=0.3120 pix=0.1230 freq=0.0138 ssim=0.2923 perc=0.4616 illum=0.0000 inter=0.1230
2026-06-20 07:15:40,752 - INFO - step 2450/4127 loss=0.3238 pix=0.1295 freq=0.0140 ssim=0.3066 perc=0.4634 illum=0.0000 inter=0.1295
2026-06-20 07:16:07,801 - INFO - step 2500/4127 loss=0.3350 pix=0.1358 freq=0.0142 ssim=0.3204 perc=0.4649 illum=0.0000 inter=0.1358
2026-06-20 07:16:37,538 - INFO - step 2550/4127 loss=0.3456 pix=0.1416 freq=0.0144 ssim=0.3336 perc=0.4671 illum=0.0000 inter=0.1416
2026-06-20 07:17:06,789 - INFO - step 2600/4127 loss=0.3555 pix=0.1469 freq=0.0146 ssim=0.3463 perc=0.4688 illum=0.0000 inter=0.1469
2026-06-20 07:17:39,022 - INFO - step 2650/4127 loss=0.3648 pix=0.1519 freq=0.0148 ssim=0.3584 perc=0.4706 illum=0.0000 inter=0.1519
2026-06-20 07:18:10,110 - INFO - step 2700/4127 loss=0.3746 pix=0.1575 freq=0.0149 ssim=0.3702 perc=0.4719 illum=0.0000 inter=0.1575
2026-06-20 07:18:40,768 - INFO - step 2750/4127 loss=0.3841 pix=0.1629 freq=0.0151 ssim=0.3816 perc=0.4729 illum=0.0000 inter=0.1629
2026-06-20 07:19:12,552 - INFO - step 2800/4127 loss=0.3931 pix=0.1679 freq=0.0152 ssim=0.3925 perc=0.4741 illum=0.0000 inter=0.1679
2026-06-20 07:19:46,550 - INFO - step 2850/4127 loss=0.4022 pix=0.1731 freq=0.0154 ssim=0.4031 perc=0.4752 illum=0.0000 inter=0.1731
2026-06-20 07:20:21,822 - INFO - step 2900/4127 loss=0.4110 pix=0.1781 freq=0.0155 ssim=0.4132 perc=0.4766 illum=0.0000 inter=0.1781
2026-06-20 07:20:50,220 - INFO - step 2950/4127 loss=0.4194 pix=0.1829 freq=0.0156 ssim=0.4231 perc=0.4774 illum=0.0000 inter=0.1829
2026-06-20 07:21:23,095 - INFO - step 3000/4127 loss=0.4267 pix=0.1868 freq=0.0158 ssim=0.4326 perc=0.4788 illum=0.0000 inter=0.1868
2026-06-20 07:21:53,656 - INFO - step 3050/4127 loss=0.4336 pix=0.1905 freq=0.0159 ssim=0.4418 perc=0.4803 illum=0.0000 inter=0.1905
2026-06-20 07:22:20,201 - INFO - step 3100/4127 loss=0.4402 pix=0.1940 freq=0.0160 ssim=0.4507 perc=0.4812 illum=0.0000 inter=0.1940
2026-06-20 07:22:51,196 - INFO - step 3150/4127 loss=0.4475 pix=0.1982 freq=0.0161 ssim=0.4593 perc=0.4821 illum=0.0000 inter=0.1982
2026-06-20 07:23:19,893 - INFO - step 3200/4127 loss=0.4533 pix=0.2011 freq=0.0162 ssim=0.4676 perc=0.4834 illum=0.0000 inter=0.2011
2026-06-20 07:23:49,132 - INFO - step 3250/4127 loss=0.4599 pix=0.2047 freq=0.0163 ssim=0.4757 perc=0.4850 illum=0.0000 inter=0.2047
2026-06-20 07:24:23,322 - INFO - step 3300/4127 loss=0.4654 pix=0.2075 freq=0.0165 ssim=0.4835 perc=0.4862 illum=0.0000 inter=0.2075
2026-06-20 07:24:51,653 - INFO - step 3350/4127 loss=0.4717 pix=0.2111 freq=0.0166 ssim=0.4911 perc=0.4867 illum=0.0000 inter=0.2111
2026-06-20 07:25:23,410 - INFO - step 3400/4127 loss=0.4781 pix=0.2148 freq=0.0167 ssim=0.4985 perc=0.4878 illum=0.0000 inter=0.2148
2026-06-20 07:25:50,364 - INFO - step 3450/4127 loss=0.4839 pix=0.2180 freq=0.0168 ssim=0.5057 perc=0.4885 illum=0.0000 inter=0.2180
2026-06-20 07:26:19,017 - INFO - step 3500/4127 loss=0.4890 pix=0.2206 freq=0.0169 ssim=0.5126 perc=0.4897 illum=0.0000 inter=0.2206
2026-06-20 07:26:50,779 - INFO - step 3550/4127 loss=0.4953 pix=0.2243 freq=0.0170 ssim=0.5194 perc=0.4905 illum=0.0000 inter=0.2243
2026-06-20 07:27:16,305 - INFO - step 3600/4127 loss=0.5002 pix=0.2268 freq=0.0171 ssim=0.5260 perc=0.4919 illum=0.0000 inter=0.2268
2026-06-20 07:27:44,431 - INFO - step 3650/4127 loss=0.5056 pix=0.2299 freq=0.0172 ssim=0.5324 perc=0.4927 illum=0.0000 inter=0.2299
2026-06-20 07:28:15,785 - INFO - step 3700/4127 loss=0.5109 pix=0.2328 freq=0.0173 ssim=0.5387 perc=0.4938 illum=0.0000 inter=0.2328
2026-06-20 07:28:47,613 - INFO - step 3750/4127 loss=0.5154 pix=0.2352 freq=0.0174 ssim=0.5447 perc=0.4947 illum=0.0000 inter=0.2352
2026-06-20 07:29:15,826 - INFO - step 3800/4127 loss=0.5196 pix=0.2374 freq=0.0175 ssim=0.5506 perc=0.4956 illum=0.0000 inter=0.2374
2026-06-20 07:29:44,961 - INFO - step 3850/4127 loss=0.5240 pix=0.2397 freq=0.0176 ssim=0.5564 perc=0.4965 illum=0.0000 inter=0.2397
2026-06-20 07:30:15,930 - INFO - step 3900/4127 loss=0.5281 pix=0.2419 freq=0.0176 ssim=0.5619 perc=0.4973 illum=0.0000 inter=0.2419
2026-06-20 07:30:45,165 - INFO - step 3950/4127 loss=0.5328 pix=0.2446 freq=0.0177 ssim=0.5674 perc=0.4978 illum=0.0000 inter=0.2446
2026-06-20 07:31:18,417 - INFO - step 4000/4127 loss=0.5368 pix=0.2468 freq=0.0178 ssim=0.5727 perc=0.4986 illum=0.0000 inter=0.2468
2026-06-20 07:31:48,648 - INFO - step 4050/4127 loss=0.5411 pix=0.2492 freq=0.0178 ssim=0.5779 perc=0.4991 illum=0.0000 inter=0.2492
2026-06-20 07:32:18,961 - INFO - step 4100/4127 loss=0.5453 pix=0.2515 freq=0.0179 ssim=0.5830 perc=0.4998 illum=0.0000 inter=0.2515
2026-06-20 07:32:32,013 - INFO - Train stats: {'loss_total': 0.5471521440916433, 'loss_pix': 0.2524857635804014, 'loss_freq': 0.01792730474015717, 'loss_ssim': 0.5856227560013291, 'loss_perc': 0.5000168128088288, 'loss_illum': 7.102575706651342e-23, 'loss_inter': 0.2524857635804014}
2026-06-20 08:20:22,012 - INFO - Val stats: {'val_l1': 0.41393316545124564, 'psnr': 6.481132991026201, 'ssim': 0.006155793460909211}
2026-06-20 08:20:22,502 - INFO - Epoch 11 / 150
2026-06-20 08:21:08,078 - INFO - step 50/4127 loss=0.9023 pix=0.4554 freq=0.0249 ssim=0.9942 perc=0.5446 illum=0.0000 inter=0.4554
2026-06-20 08:21:44,078 - INFO - step 100/4127 loss=0.8783 pix=0.4357 freq=0.0243 ssim=0.9942 perc=0.5532 illum=0.0000 inter=0.4357
2026-06-20 08:22:24,182 - INFO - step 150/4127 loss=0.8851 pix=0.4407 freq=0.0242 ssim=0.9945 perc=0.5547 illum=0.0000 inter=0.4407
2026-06-20 08:22:59,629 - INFO - step 200/4127 loss=0.8831 pix=0.4390 freq=0.0241 ssim=0.9945 perc=0.5553 illum=0.0000 inter=0.4390
2026-06-20 08:23:34,627 - INFO - step 250/4127 loss=0.8826 pix=0.4385 freq=0.0241 ssim=0.9945 perc=0.5562 illum=0.0000 inter=0.4385
2026-06-20 08:24:09,794 - INFO - step 300/4127 loss=0.8794 pix=0.4359 freq=0.0241 ssim=0.9941 perc=0.5577 illum=0.0000 inter=0.4359
2026-06-20 08:24:41,316 - INFO - step 350/4127 loss=0.8784 pix=0.4350 freq=0.0241 ssim=0.9939 perc=0.5585 illum=0.0000 inter=0.4350
2026-06-20 08:25:14,395 - INFO - step 400/4127 loss=0.8752 pix=0.4330 freq=0.0238 ssim=0.9938 perc=0.5556 illum=0.0000 inter=0.4330
2026-06-20 08:25:48,838 - INFO - step 450/4127 loss=0.8756 pix=0.4338 freq=0.0237 ssim=0.9938 perc=0.5530 illum=0.0000 inter=0.4338
2026-06-20 08:26:18,664 - INFO - step 500/4127 loss=0.8740 pix=0.4324 freq=0.0237 ssim=0.9938 perc=0.5538 illum=0.0000 inter=0.4324
2026-06-20 08:26:48,757 - INFO - step 550/4127 loss=0.8771 pix=0.4349 freq=0.0237 ssim=0.9938 perc=0.5530 illum=0.0000 inter=0.4349
2026-06-20 08:27:20,638 - INFO - step 600/4127 loss=0.8832 pix=0.4398 freq=0.0238 ssim=0.9939 perc=0.5513 illum=0.0000 inter=0.4398
2026-06-20 08:27:50,087 - INFO - step 650/4127 loss=0.8832 pix=0.4399 freq=0.0238 ssim=0.9939 perc=0.5510 illum=0.0000 inter=0.4399
2026-06-20 08:28:22,188 - INFO - step 700/4127 loss=0.8854 pix=0.4418 freq=0.0237 ssim=0.9940 perc=0.5493 illum=0.0000 inter=0.4418
2026-06-20 08:28:55,746 - INFO - step 750/4127 loss=0.8858 pix=0.4422 freq=0.0237 ssim=0.9940 perc=0.5489 illum=0.0000 inter=0.4422
2026-06-20 08:29:21,513 - INFO - step 800/4127 loss=0.8874 pix=0.4435 freq=0.0237 ssim=0.9940 perc=0.5483 illum=0.0000 inter=0.4435
2026-06-20 08:29:51,886 - INFO - step 850/4127 loss=0.8883 pix=0.4441 freq=0.0238 ssim=0.9940 perc=0.5487 illum=0.0000 inter=0.4441
2026-06-20 08:30:24,097 - INFO - step 900/4127 loss=0.8890 pix=0.4448 freq=0.0238 ssim=0.9940 perc=0.5480 illum=0.0000 inter=0.4448
2026-06-20 08:30:55,492 - INFO - step 950/4127 loss=0.8879 pix=0.4440 freq=0.0237 ssim=0.9940 perc=0.5476 illum=0.0000 inter=0.4440
2026-06-20 08:31:24,274 - INFO - step 1000/4127 loss=0.8867 pix=0.4429 freq=0.0237 ssim=0.9939 perc=0.5490 illum=0.0000 inter=0.4429
2026-06-20 08:31:56,982 - INFO - step 1050/4127 loss=0.8874 pix=0.4432 freq=0.0238 ssim=0.9939 perc=0.5501 illum=0.0000 inter=0.4432
2026-06-20 08:32:27,581 - INFO - step 1100/4127 loss=0.8889 pix=0.4444 freq=0.0238 ssim=0.9940 perc=0.5497 illum=0.0000 inter=0.4444
2026-06-20 08:32:56,676 - INFO - step 1150/4127 loss=0.8879 pix=0.4438 freq=0.0237 ssim=0.9939 perc=0.5489 illum=0.0000 inter=0.4438
2026-06-20 08:33:25,062 - INFO - step 1200/4127 loss=0.8897 pix=0.4454 freq=0.0237 ssim=0.9940 perc=0.5473 illum=0.0000 inter=0.4454
2026-06-20 08:33:56,703 - INFO - step 1250/4127 loss=0.8884 pix=0.4442 freq=0.0238 ssim=0.9939 perc=0.5486 illum=0.0000 inter=0.4442
2026-06-20 08:34:25,954 - INFO - step 1300/4127 loss=0.8888 pix=0.4446 freq=0.0237 ssim=0.9940 perc=0.5482 illum=0.0000 inter=0.4446
2026-06-20 08:34:57,222 - INFO - step 1350/4127 loss=0.8876 pix=0.4436 freq=0.0237 ssim=0.9939 perc=0.5489 illum=0.0000 inter=0.4436
2026-06-20 08:35:28,872 - INFO - step 1400/4127 loss=0.8876 pix=0.4436 freq=0.0237 ssim=0.9939 perc=0.5487 illum=0.0000 inter=0.4436
2026-06-20 08:35:58,565 - INFO - step 1450/4127 loss=0.8876 pix=0.4435 freq=0.0238 ssim=0.9939 perc=0.5492 illum=0.0000 inter=0.4435
2026-06-20 08:36:28,224 - INFO - step 1500/4127 loss=0.8876 pix=0.4437 freq=0.0237 ssim=0.9939 perc=0.5484 illum=0.0000 inter=0.4437
2026-06-20 08:36:58,580 - INFO - step 1550/4127 loss=0.8863 pix=0.4428 freq=0.0237 ssim=0.9939 perc=0.5480 illum=0.0000 inter=0.4428
2026-06-20 08:37:24,995 - INFO - step 1600/4127 loss=0.8847 pix=0.4416 freq=0.0236 ssim=0.9938 perc=0.5477 illum=0.0000 inter=0.4416
2026-06-20 08:37:53,875 - INFO - step 1650/4127 loss=0.8864 pix=0.4429 freq=0.0237 ssim=0.9939 perc=0.5476 illum=0.0000 inter=0.4429
2026-06-20 08:38:28,284 - INFO - step 1700/4127 loss=0.8859 pix=0.4425 freq=0.0237 ssim=0.9938 perc=0.5477 illum=0.0000 inter=0.4425
2026-06-20 08:39:05,414 - INFO - step 1750/4127 loss=0.8861 pix=0.4428 freq=0.0236 ssim=0.9938 perc=0.5466 illum=0.0000 inter=0.4428
2026-06-20 08:39:38,513 - INFO - step 1800/4127 loss=0.8870 pix=0.4435 freq=0.0236 ssim=0.9939 perc=0.5464 illum=0.0000 inter=0.4435
2026-06-20 08:40:05,087 - INFO - step 1850/4127 loss=0.8871 pix=0.4436 freq=0.0236 ssim=0.9938 perc=0.5463 illum=0.0000 inter=0.4436
2026-06-20 08:40:33,735 - INFO - step 1900/4127 loss=0.8874 pix=0.4438 freq=0.0236 ssim=0.9939 perc=0.5464 illum=0.0000 inter=0.4438
2026-06-20 08:41:02,629 - INFO - step 1950/4127 loss=0.8880 pix=0.4444 freq=0.0235 ssim=0.9939 perc=0.5458 illum=0.0000 inter=0.4444
2026-06-20 08:41:31,563 - INFO - step 2000/4127 loss=0.8880 pix=0.4445 freq=0.0235 ssim=0.9939 perc=0.5453 illum=0.0000 inter=0.4445
2026-06-20 08:42:06,687 - INFO - step 2050/4127 loss=0.8879 pix=0.4444 freq=0.0235 ssim=0.9938 perc=0.5455 illum=0.0000 inter=0.4444
2026-06-20 08:42:36,172 - INFO - step 2100/4127 loss=0.8886 pix=0.4450 freq=0.0235 ssim=0.9939 perc=0.5448 illum=0.0000 inter=0.4450
2026-06-20 08:43:04,019 - INFO - step 2150/4127 loss=0.8883 pix=0.4447 freq=0.0235 ssim=0.9939 perc=0.5454 illum=0.0000 inter=0.4447
2026-06-20 08:43:38,480 - INFO - step 2200/4127 loss=0.8881 pix=0.4445 freq=0.0235 ssim=0.9939 perc=0.5453 illum=0.0000 inter=0.4445
2026-06-20 08:44:09,748 - INFO - step 2250/4127 loss=0.8877 pix=0.4443 freq=0.0235 ssim=0.9939 perc=0.5451 illum=0.0000 inter=0.4443
2026-06-20 08:44:40,806 - INFO - step 2300/4127 loss=0.8882 pix=0.4445 freq=0.0236 ssim=0.9939 perc=0.5460 illum=0.0000 inter=0.4445
2026-06-20 08:45:11,854 - INFO - step 2350/4127 loss=0.8878 pix=0.4443 freq=0.0236 ssim=0.9939 perc=0.5457 illum=0.0000 inter=0.4443
2026-06-20 08:45:44,533 - INFO - step 2400/4127 loss=0.8874 pix=0.4440 freq=0.0236 ssim=0.9938 perc=0.5456 illum=0.0000 inter=0.4440
2026-06-20 08:46:15,494 - INFO - step 2450/4127 loss=0.8876 pix=0.4441 freq=0.0236 ssim=0.9938 perc=0.5456 illum=0.0000 inter=0.4441
2026-06-20 08:46:44,500 - INFO - step 2500/4127 loss=0.8880 pix=0.4444 freq=0.0236 ssim=0.9938 perc=0.5459 illum=0.0000 inter=0.4444
2026-06-20 08:47:17,040 - INFO - step 2550/4127 loss=0.8875 pix=0.4440 freq=0.0236 ssim=0.9938 perc=0.5461 illum=0.0000 inter=0.4440
2026-06-20 08:47:42,169 - INFO - step 2600/4127 loss=0.8871 pix=0.4436 freq=0.0236 ssim=0.9938 perc=0.5464 illum=0.0000 inter=0.4436
2026-06-20 08:48:12,815 - INFO - step 2650/4127 loss=0.8866 pix=0.4432 freq=0.0236 ssim=0.9938 perc=0.5468 illum=0.0000 inter=0.4432
2026-06-20 08:48:46,592 - INFO - step 2700/4127 loss=0.8865 pix=0.4430 freq=0.0237 ssim=0.9938 perc=0.5475 illum=0.0000 inter=0.4430
2026-06-20 08:49:15,138 - INFO - step 2750/4127 loss=0.8859 pix=0.4425 freq=0.0237 ssim=0.9938 perc=0.5479 illum=0.0000 inter=0.4425
2026-06-20 08:49:46,772 - INFO - step 2800/4127 loss=0.8858 pix=0.4424 freq=0.0237 ssim=0.9938 perc=0.5480 illum=0.0000 inter=0.4424
2026-06-20 08:50:19,052 - INFO - step 2850/4127 loss=0.8859 pix=0.4425 freq=0.0236 ssim=0.9938 perc=0.5476 illum=0.0000 inter=0.4425
2026-06-20 08:50:46,354 - INFO - step 2900/4127 loss=0.8857 pix=0.4423 freq=0.0236 ssim=0.9938 perc=0.5477 illum=0.0000 inter=0.4423
2026-06-20 08:51:19,719 - INFO - step 2950/4127 loss=0.8859 pix=0.4425 freq=0.0236 ssim=0.9938 perc=0.5479 illum=0.0000 inter=0.4425
2026-06-20 08:51:51,443 - INFO - step 3000/4127 loss=0.8863 pix=0.4428 freq=0.0236 ssim=0.9938 perc=0.5478 illum=0.0000 inter=0.4428
2026-06-20 08:52:24,926 - INFO - step 3050/4127 loss=0.8858 pix=0.4424 freq=0.0236 ssim=0.9938 perc=0.5479 illum=0.0000 inter=0.4424
2026-06-20 08:52:52,461 - INFO - step 3100/4127 loss=0.8857 pix=0.4423 freq=0.0236 ssim=0.9938 perc=0.5478 illum=0.0000 inter=0.4423
2026-06-20 08:53:28,446 - INFO - step 3150/4127 loss=0.8857 pix=0.4424 freq=0.0236 ssim=0.9938 perc=0.5475 illum=0.0000 inter=0.4424
2026-06-20 08:53:57,206 - INFO - step 3200/4127 loss=0.8854 pix=0.4421 freq=0.0236 ssim=0.9938 perc=0.5477 illum=0.0000 inter=0.4421
2026-06-20 08:54:32,285 - INFO - step 3250/4127 loss=0.8857 pix=0.4424 freq=0.0236 ssim=0.9938 perc=0.5475 illum=0.0000 inter=0.4424
2026-06-20 08:55:03,533 - INFO - step 3300/4127 loss=0.8854 pix=0.4422 freq=0.0236 ssim=0.9938 perc=0.5472 illum=0.0000 inter=0.4422
2026-06-20 08:55:36,531 - INFO - step 3350/4127 loss=0.8851 pix=0.4419 freq=0.0236 ssim=0.9938 perc=0.5474 illum=0.0000 inter=0.4419
2026-06-20 08:56:06,315 - INFO - step 3400/4127 loss=0.8852 pix=0.4420 freq=0.0236 ssim=0.9938 perc=0.5475 illum=0.0000 inter=0.4420
2026-06-20 08:56:37,443 - INFO - step 3450/4127 loss=0.8855 pix=0.4422 freq=0.0236 ssim=0.9938 perc=0.5474 illum=0.0000 inter=0.4422
2026-06-20 08:57:08,578 - INFO - step 3500/4127 loss=0.8853 pix=0.4421 freq=0.0236 ssim=0.9938 perc=0.5474 illum=0.0000 inter=0.4421
2026-06-20 08:57:36,647 - INFO - step 3550/4127 loss=0.8853 pix=0.4421 freq=0.0236 ssim=0.9937 perc=0.5473 illum=0.0000 inter=0.4421
2026-06-20 08:58:04,397 - INFO - step 3600/4127 loss=0.8848 pix=0.4418 freq=0.0236 ssim=0.9937 perc=0.5471 illum=0.0000 inter=0.4418
2026-06-20 08:58:42,957 - INFO - step 3650/4127 loss=0.8844 pix=0.4415 freq=0.0236 ssim=0.9938 perc=0.5471 illum=0.0000 inter=0.4415
2026-06-20 08:59:17,040 - INFO - step 3700/4127 loss=0.8841 pix=0.4411 freq=0.0236 ssim=0.9937 perc=0.5476 illum=0.0000 inter=0.4411
2026-06-20 08:59:55,957 - INFO - step 3750/4127 loss=0.8839 pix=0.4410 freq=0.0236 ssim=0.9937 perc=0.5475 illum=0.0000 inter=0.4410
2026-06-20 09:00:29,159 - INFO - step 3800/4127 loss=0.8841 pix=0.4411 freq=0.0236 ssim=0.9937 perc=0.5475 illum=0.0000 inter=0.4411
2026-06-20 09:00:58,345 - INFO - step 3850/4127 loss=0.8841 pix=0.4412 freq=0.0236 ssim=0.9937 perc=0.5473 illum=0.0000 inter=0.4412
2026-06-20 09:01:28,328 - INFO - step 3900/4127 loss=0.8844 pix=0.4414 freq=0.0236 ssim=0.9938 perc=0.5474 illum=0.0000 inter=0.4414
2026-06-20 09:02:00,080 - INFO - step 3950/4127 loss=0.8844 pix=0.4414 freq=0.0236 ssim=0.9938 perc=0.5477 illum=0.0000 inter=0.4414
2026-06-20 09:02:31,815 - INFO - step 4000/4127 loss=0.8838 pix=0.4409 freq=0.0236 ssim=0.9937 perc=0.5478 illum=0.0000 inter=0.4409
2026-06-20 09:03:04,979 - INFO - step 4050/4127 loss=0.8839 pix=0.4410 freq=0.0236 ssim=0.9938 perc=0.5476 illum=0.0000 inter=0.4410
2026-06-20 09:03:36,808 - INFO - step 4100/4127 loss=0.8838 pix=0.4409 freq=0.0236 ssim=0.9938 perc=0.5480 illum=0.0000 inter=0.4409
2026-06-20 09:03:50,697 - INFO - Train stats: {'loss_total': 0.8833653451991084, 'loss_pix': 0.4404793630792967, 'loss_freq': 0.023613481550928492, 'loss_ssim': 0.9937364153828488, 'loss_perc': 0.548167652788703, 'loss_illum': 2.2676557549382202e-32, 'loss_inter': 0.4404793630792967}
2026-06-20 09:03:50,698 - INFO - Epoch 12 / 150
2026-06-20 09:04:23,054 - INFO - step 50/4127 loss=0.8457 pix=0.4092 freq=0.0243 ssim=0.9920 perc=0.5642 illum=0.0000 inter=0.4092
2026-06-20 09:04:51,620 - INFO - step 100/4127 loss=0.8587 pix=0.4205 freq=0.0242 ssim=0.9930 perc=0.5551 illum=0.0000 inter=0.4205
2026-06-20 09:05:18,759 - INFO - step 150/4127 loss=0.8567 pix=0.4180 freq=0.0244 ssim=0.9931 perc=0.5613 illum=0.0000 inter=0.4180
2026-06-20 09:05:45,655 - INFO - step 200/4127 loss=0.8698 pix=0.4289 freq=0.0242 ssim=0.9935 perc=0.5557 illum=0.0000 inter=0.4289
2026-06-20 09:06:08,473 - INFO - step 250/4127 loss=0.8726 pix=0.4306 freq=0.0243 ssim=0.9937 perc=0.5583 illum=0.0000 inter=0.4306
2026-06-20 09:06:34,932 - INFO - step 300/4127 loss=0.8809 pix=0.4376 freq=0.0241 ssim=0.9936 perc=0.5545 illum=0.0000 inter=0.4376
2026-06-20 09:06:57,403 - INFO - step 350/4127 loss=0.8797 pix=0.4367 freq=0.0241 ssim=0.9936 perc=0.5543 illum=0.0000 inter=0.4367
2026-06-20 09:07:21,563 - INFO - step 400/4127 loss=0.8789 pix=0.4362 freq=0.0240 ssim=0.9935 perc=0.5538 illum=0.0000 inter=0.4362
2026-06-20 09:07:45,694 - INFO - step 450/4127 loss=0.8745 pix=0.4330 freq=0.0238 ssim=0.9932 perc=0.5530 illum=0.0000 inter=0.4330
2026-06-20 09:08:14,018 - INFO - step 500/4127 loss=0.8782 pix=0.4361 freq=0.0238 ssim=0.9934 perc=0.5513 illum=0.0000 inter=0.4361
2026-06-20 09:08:40,958 - INFO - step 550/4127 loss=0.8777 pix=0.4357 freq=0.0238 ssim=0.9933 perc=0.5511 illum=0.0000 inter=0.4357
2026-06-20 09:09:17,522 - INFO - step 600/4127 loss=0.8758 pix=0.4342 freq=0.0238 ssim=0.9933 perc=0.5512 illum=0.0000 inter=0.4342
2026-06-20 09:09:51,028 - INFO - step 650/4127 loss=0.8771 pix=0.4351 freq=0.0238 ssim=0.9933 perc=0.5521 illum=0.0000 inter=0.4351
2026-06-20 09:10:20,466 - INFO - step 700/4127 loss=0.8784 pix=0.4365 freq=0.0237 ssim=0.9934 perc=0.5498 illum=0.0000 inter=0.4365
2026-06-20 09:10:49,604 - INFO - step 750/4127 loss=0.8771 pix=0.4352 freq=0.0237 ssim=0.9934 perc=0.5516 illum=0.0000 inter=0.4352
2026-06-20 09:11:21,554 - INFO - step 800/4127 loss=0.8771 pix=0.4353 freq=0.0238 ssim=0.9935 perc=0.5505 illum=0.0000 inter=0.4353
2026-06-20 09:11:50,963 - INFO - step 850/4127 loss=0.8794 pix=0.4373 freq=0.0237 ssim=0.9935 perc=0.5497 illum=0.0000 inter=0.4373
2026-06-20 09:12:22,832 - INFO - step 900/4127 loss=0.8840 pix=0.4409 freq=0.0236 ssim=0.9935 perc=0.5483 illum=0.0000 inter=0.4409
2026-06-20 09:12:54,239 - INFO - step 950/4127 loss=0.8839 pix=0.4407 freq=0.0237 ssim=0.9935 perc=0.5499 illum=0.0000 inter=0.4407
2026-06-20 09:13:26,919 - INFO - step 1000/4127 loss=0.8856 pix=0.4421 freq=0.0237 ssim=0.9936 perc=0.5490 illum=0.0000 inter=0.4421
2026-06-20 09:13:56,775 - INFO - step 1050/4127 loss=0.8844 pix=0.4411 freq=0.0237 ssim=0.9936 perc=0.5496 illum=0.0000 inter=0.4411
2026-06-20 09:14:24,929 - INFO - step 1100/4127 loss=0.8833 pix=0.4403 freq=0.0236 ssim=0.9936 perc=0.5491 illum=0.0000 inter=0.4403
2026-06-20 09:14:57,707 - INFO - step 1150/4127 loss=0.8823 pix=0.4394 freq=0.0237 ssim=0.9935 perc=0.5501 illum=0.0000 inter=0.4394
2026-06-20 09:15:26,375 - INFO - step 1200/4127 loss=0.8832 pix=0.4402 freq=0.0237 ssim=0.9935 perc=0.5497 illum=0.0000 inter=0.4402
2026-06-20 09:15:56,467 - INFO - step 1250/4127 loss=0.8827 pix=0.4397 freq=0.0238 ssim=0.9935 perc=0.5504 illum=0.0000 inter=0.4397
2026-06-20 09:16:24,552 - INFO - step 1300/4127 loss=0.8827 pix=0.4397 freq=0.0238 ssim=0.9935 perc=0.5499 illum=0.0000 inter=0.4397
2026-06-20 09:16:54,132 - INFO - step 1350/4127 loss=0.8820 pix=0.4393 freq=0.0237 ssim=0.9935 perc=0.5494 illum=0.0000 inter=0.4393
2026-06-20 09:17:22,825 - INFO - step 1400/4127 loss=0.8819 pix=0.4393 freq=0.0237 ssim=0.9935 perc=0.5489 illum=0.0000 inter=0.4393
2026-06-20 09:17:50,521 - INFO - step 1450/4127 loss=0.8822 pix=0.4395 freq=0.0237 ssim=0.9934 perc=0.5493 illum=0.0000 inter=0.4395
2026-06-20 09:18:19,343 - INFO - step 1500/4127 loss=0.8817 pix=0.4392 freq=0.0236 ssim=0.9934 perc=0.5484 illum=0.0000 inter=0.4392
2026-06-20 09:18:48,173 - INFO - step 1550/4127 loss=0.8806 pix=0.4384 freq=0.0236 ssim=0.9934 perc=0.5482 illum=0.0000 inter=0.4384
2026-06-20 09:19:25,633 - INFO - step 1600/4127 loss=0.8797 pix=0.4378 freq=0.0236 ssim=0.9933 perc=0.5475 illum=0.0000 inter=0.4378
2026-06-20 09:19:58,830 - INFO - step 1650/4127 loss=0.8784 pix=0.4367 freq=0.0236 ssim=0.9933 perc=0.5480 illum=0.0000 inter=0.4367
2026-06-20 09:20:32,625 - INFO - step 1700/4127 loss=0.8774 pix=0.4360 freq=0.0235 ssim=0.9933 perc=0.5481 illum=0.0000 inter=0.4360
2026-06-20 09:21:03,888 - INFO - step 1750/4127 loss=0.8768 pix=0.4355 freq=0.0235 ssim=0.9932 perc=0.5484 illum=0.0000 inter=0.4355
2026-06-20 09:21:31,164 - INFO - step 1800/4127 loss=0.8772 pix=0.4356 freq=0.0235 ssim=0.9933 perc=0.5492 illum=0.0000 inter=0.4356
2026-06-20 09:21:59,652 - INFO - step 1850/4127 loss=0.8781 pix=0.4364 freq=0.0235 ssim=0.9933 perc=0.5488 illum=0.0000 inter=0.4364
2026-06-20 09:22:33,869 - INFO - step 1900/4127 loss=0.8787 pix=0.4368 freq=0.0235 ssim=0.9933 perc=0.5493 illum=0.0000 inter=0.4368
2026-06-20 09:23:06,838 - INFO - step 1950/4127 loss=0.8793 pix=0.4372 freq=0.0236 ssim=0.9933 perc=0.5494 illum=0.0000 inter=0.4372
2026-06-20 09:23:37,203 - INFO - step 2000/4127 loss=0.8793 pix=0.4373 freq=0.0236 ssim=0.9933 perc=0.5494 illum=0.0000 inter=0.4373
2026-06-20 09:24:05,304 - INFO - step 2050/4127 loss=0.8799 pix=0.4377 freq=0.0236 ssim=0.9934 perc=0.5493 illum=0.0000 inter=0.4377
2026-06-20 09:24:35,938 - INFO - step 2100/4127 loss=0.8791 pix=0.4371 freq=0.0236 ssim=0.9934 perc=0.5492 illum=0.0000 inter=0.4371
2026-06-20 09:25:06,703 - INFO - step 2150/4127 loss=0.8795 pix=0.4374 freq=0.0236 ssim=0.9934 perc=0.5494 illum=0.0000 inter=0.4374
2026-06-20 09:25:35,826 - INFO - step 2200/4127 loss=0.8794 pix=0.4373 freq=0.0236 ssim=0.9934 perc=0.5497 illum=0.0000 inter=0.4373
2026-06-20 09:26:08,703 - INFO - step 2250/4127 loss=0.8799 pix=0.4377 freq=0.0236 ssim=0.9934 perc=0.5491 illum=0.0000 inter=0.4377
2026-06-20 09:26:41,785 - INFO - step 2300/4127 loss=0.8800 pix=0.4378 freq=0.0236 ssim=0.9934 perc=0.5492 illum=0.0000 inter=0.4378
2026-06-20 09:27:08,814 - INFO - step 2350/4127 loss=0.8795 pix=0.4373 freq=0.0236 ssim=0.9934 perc=0.5497 illum=0.0000 inter=0.4373
2026-06-20 09:27:39,487 - INFO - step 2400/4127 loss=0.8792 pix=0.4371 freq=0.0236 ssim=0.9934 perc=0.5496 illum=0.0000 inter=0.4371
2026-06-20 09:28:08,025 - INFO - step 2450/4127 loss=0.8786 pix=0.4366 freq=0.0236 ssim=0.9934 perc=0.5498 illum=0.0000 inter=0.4366
2026-06-20 09:28:38,065 - INFO - step 2500/4127 loss=0.8785 pix=0.4365 freq=0.0236 ssim=0.9934 perc=0.5496 illum=0.0000 inter=0.4365
2026-06-20 09:29:08,059 - INFO - step 2550/4127 loss=0.8775 pix=0.4358 freq=0.0236 ssim=0.9934 perc=0.5496 illum=0.0000 inter=0.4358
2026-06-20 09:29:32,938 - INFO - step 2600/4127 loss=0.8772 pix=0.4355 freq=0.0236 ssim=0.9934 perc=0.5497 illum=0.0000 inter=0.4355
2026-06-20 09:30:05,800 - INFO - step 2650/4127 loss=0.8769 pix=0.4353 freq=0.0236 ssim=0.9934 perc=0.5496 illum=0.0000 inter=0.4353
2026-06-20 09:30:35,174 - INFO - step 2700/4127 loss=0.8773 pix=0.4357 freq=0.0235 ssim=0.9934 perc=0.5492 illum=0.0000 inter=0.4357
2026-06-20 09:31:06,138 - INFO - step 2750/4127 loss=0.8778 pix=0.4361 freq=0.0235 ssim=0.9934 perc=0.5488 illum=0.0000 inter=0.4361
2026-06-20 09:31:36,903 - INFO - step 2800/4127 loss=0.8774 pix=0.4358 freq=0.0235 ssim=0.9934 perc=0.5487 illum=0.0000 inter=0.4358
2026-06-20 09:32:08,957 - INFO - step 2850/4127 loss=0.8769 pix=0.4354 freq=0.0235 ssim=0.9934 perc=0.5489 illum=0.0000 inter=0.4354
2026-06-20 09:32:37,930 - INFO - step 2900/4127 loss=0.8775 pix=0.4359 freq=0.0235 ssim=0.9934 perc=0.5489 illum=0.0000 inter=0.4359
2026-06-20 09:33:06,602 - INFO - step 2950/4127 loss=0.8779 pix=0.4361 freq=0.0236 ssim=0.9934 perc=0.5492 illum=0.0000 inter=0.4361
2026-06-20 09:33:35,766 - INFO - step 3000/4127 loss=0.8780 pix=0.4363 freq=0.0235 ssim=0.9935 perc=0.5490 illum=0.0000 inter=0.4363
2026-06-20 09:34:09,367 - INFO - step 3050/4127 loss=0.8784 pix=0.4367 freq=0.0235 ssim=0.9935 perc=0.5486 illum=0.0000 inter=0.4367
2026-06-20 09:34:40,063 - INFO - step 3100/4127 loss=0.8779 pix=0.4363 freq=0.0235 ssim=0.9935 perc=0.5487 illum=0.0000 inter=0.4363
2026-06-20 09:35:08,106 - INFO - step 3150/4127 loss=0.8782 pix=0.4364 freq=0.0235 ssim=0.9935 perc=0.5487 illum=0.0000 inter=0.4364
2026-06-20 09:35:36,868 - INFO - step 3200/4127 loss=0.8784 pix=0.4367 freq=0.0235 ssim=0.9935 perc=0.5482 illum=0.0000 inter=0.4367
2026-06-20 09:36:03,910 - INFO - step 3250/4127 loss=0.8789 pix=0.4371 freq=0.0235 ssim=0.9935 perc=0.5478 illum=0.0000 inter=0.4371
2026-06-20 09:36:31,068 - INFO - step 3300/4127 loss=0.8792 pix=0.4374 freq=0.0235 ssim=0.9935 perc=0.5478 illum=0.0000 inter=0.4374
2026-06-20 09:37:00,793 - INFO - step 3350/4127 loss=0.8792 pix=0.4374 freq=0.0235 ssim=0.9935 perc=0.5476 illum=0.0000 inter=0.4374
2026-06-20 09:37:31,629 - INFO - step 3400/4127 loss=0.8793 pix=0.4375 freq=0.0235 ssim=0.9935 perc=0.5475 illum=0.0000 inter=0.4375
2026-06-20 09:38:00,966 - INFO - step 3450/4127 loss=0.8796 pix=0.4378 freq=0.0235 ssim=0.9935 perc=0.5474 illum=0.0000 inter=0.4378
2026-06-20 09:38:30,566 - INFO - step 3500/4127 loss=0.8800 pix=0.4380 freq=0.0235 ssim=0.9935 perc=0.5477 illum=0.0000 inter=0.4380
2026-06-20 09:39:01,330 - INFO - step 3550/4127 loss=0.8801 pix=0.4380 freq=0.0235 ssim=0.9935 perc=0.5477 illum=0.0000 inter=0.4380
2026-06-20 09:39:33,478 - INFO - step 3600/4127 loss=0.8799 pix=0.4380 freq=0.0235 ssim=0.9935 perc=0.5477 illum=0.0000 inter=0.4380
2026-06-20 09:40:05,726 - INFO - step 3650/4127 loss=0.8797 pix=0.4377 freq=0.0235 ssim=0.9935 perc=0.5479 illum=0.0000 inter=0.4377
2026-06-20 09:40:38,827 - INFO - step 3700/4127 loss=0.8795 pix=0.4376 freq=0.0235 ssim=0.9935 perc=0.5477 illum=0.0000 inter=0.4376
2026-06-20 09:41:08,400 - INFO - step 3750/4127 loss=0.8800 pix=0.4380 freq=0.0235 ssim=0.9935 perc=0.5476 illum=0.0000 inter=0.4380
2026-06-20 09:41:40,025 - INFO - step 3800/4127 loss=0.8805 pix=0.4384 freq=0.0235 ssim=0.9935 perc=0.5475 illum=0.0000 inter=0.4384
2026-06-20 09:42:07,695 - INFO - step 3850/4127 loss=0.8803 pix=0.4383 freq=0.0234 ssim=0.9935 perc=0.5473 illum=0.0000 inter=0.4383
2026-06-20 09:42:34,081 - INFO - step 3900/4127 loss=0.8797 pix=0.4378 freq=0.0234 ssim=0.9935 perc=0.5475 illum=0.0000 inter=0.4378
2026-06-20 09:43:05,596 - INFO - step 3950/4127 loss=0.8799 pix=0.4380 freq=0.0234 ssim=0.9935 perc=0.5475 illum=0.0000 inter=0.4380
2026-06-20 09:43:35,898 - INFO - step 4000/4127 loss=0.8802 pix=0.4382 freq=0.0234 ssim=0.9935 perc=0.5478 illum=0.0000 inter=0.4382
2026-06-20 09:44:07,085 - INFO - step 4050/4127 loss=0.8796 pix=0.4377 freq=0.0234 ssim=0.9935 perc=0.5478 illum=0.0000 inter=0.4377
2026-06-20 09:44:33,804 - INFO - step 4100/4127 loss=0.8795 pix=0.4376 freq=0.0235 ssim=0.9935 perc=0.5478 illum=0.0000 inter=0.4376
2026-06-20 09:44:47,266 - INFO - Train stats: {'loss_total': 0.8794685457311195, 'loss_pix': 0.437576853473714, 'loss_freq': 0.023453624535604317, 'loss_ssim': 0.9934920381087037, 'loss_perc': 0.5478742734513167, 'loss_illum': 2.6145551703634262e-27, 'loss_inter': 0.437576853473714}
2026-06-20 09:44:47,267 - INFO - Epoch 13 / 150
2026-06-20 09:45:19,038 - INFO - step 50/4127 loss=0.8847 pix=0.4435 freq=0.0221 ssim=0.9940 perc=0.5356 illum=0.0000 inter=0.4435
2026-06-20 09:45:44,008 - INFO - step 100/4127 loss=0.9012 pix=0.4563 freq=0.0221 ssim=0.9940 perc=0.5351 illum=0.0000 inter=0.4563
2026-06-20 09:46:06,074 - INFO - step 150/4127 loss=0.8885 pix=0.4448 freq=0.0226 ssim=0.9937 perc=0.5457 illum=0.0000 inter=0.4448
2026-06-20 09:46:26,058 - INFO - step 200/4127 loss=0.8907 pix=0.4462 freq=0.0231 ssim=0.9938 perc=0.5481 illum=0.0000 inter=0.4462
2026-06-20 09:46:49,380 - INFO - step 250/4127 loss=0.8883 pix=0.4438 freq=0.0232 ssim=0.9939 perc=0.5516 illum=0.0000 inter=0.4438
2026-06-20 09:47:10,602 - INFO - step 300/4127 loss=0.8957 pix=0.4500 freq=0.0233 ssim=0.9940 perc=0.5477 illum=0.0000 inter=0.4500
2026-06-20 09:47:33,293 - INFO - step 350/4127 loss=0.8878 pix=0.4436 freq=0.0235 ssim=0.9937 perc=0.5500 illum=0.0000 inter=0.4436
2026-06-20 09:47:55,605 - INFO - step 400/4127 loss=0.8882 pix=0.4437 freq=0.0236 ssim=0.9938 perc=0.5516 illum=0.0000 inter=0.4437
2026-06-20 09:48:23,351 - INFO - step 450/4127 loss=0.8864 pix=0.4415 freq=0.0238 ssim=0.9938 perc=0.5560 illum=0.0000 inter=0.4415
2026-06-20 09:48:58,458 - INFO - step 500/4127 loss=0.8845 pix=0.4402 freq=0.0237 ssim=0.9938 perc=0.5556 illum=0.0000 inter=0.4402
2026-06-20 09:49:30,690 - INFO - step 550/4127 loss=0.8802 pix=0.4367 freq=0.0237 ssim=0.9937 perc=0.5567 illum=0.0000 inter=0.4367
2026-06-20 09:50:00,507 - INFO - step 600/4127 loss=0.8798 pix=0.4369 freq=0.0236 ssim=0.9937 perc=0.5540 illum=0.0000 inter=0.4369
2026-06-20 09:50:31,847 - INFO - step 650/4127 loss=0.8790 pix=0.4360 freq=0.0236 ssim=0.9937 perc=0.5551 illum=0.0000 inter=0.4360
2026-06-20 09:51:03,941 - INFO - step 700/4127 loss=0.8783 pix=0.4354 freq=0.0236 ssim=0.9936 perc=0.5555 illum=0.0000 inter=0.4354
2026-06-20 09:51:36,294 - INFO - step 750/4127 loss=0.8795 pix=0.4366 freq=0.0236 ssim=0.9937 perc=0.5538 illum=0.0000 inter=0.4366
2026-06-20 09:52:06,329 - INFO - step 800/4127 loss=0.8787 pix=0.4362 freq=0.0235 ssim=0.9936 perc=0.5529 illum=0.0000 inter=0.4362
2026-06-20 09:52:36,554 - INFO - step 850/4127 loss=0.8784 pix=0.4359 freq=0.0236 ssim=0.9936 perc=0.5536 illum=0.0000 inter=0.4359
2026-06-20 09:53:11,553 - INFO - step 900/4127 loss=0.8787 pix=0.4362 freq=0.0237 ssim=0.9935 perc=0.5533 illum=0.0000 inter=0.4362
2026-06-20 09:53:44,481 - INFO - step 950/4127 loss=0.8787 pix=0.4361 freq=0.0237 ssim=0.9936 perc=0.5533 illum=0.0000 inter=0.4361
2026-06-20 09:54:15,464 - INFO - step 1000/4127 loss=0.8787 pix=0.4360 freq=0.0237 ssim=0.9936 perc=0.5539 illum=0.0000 inter=0.4360
2026-06-20 09:54:47,415 - INFO - step 1050/4127 loss=0.8804 pix=0.4374 freq=0.0237 ssim=0.9936 perc=0.5532 illum=0.0000 inter=0.4374
2026-06-20 09:55:16,983 - INFO - step 1100/4127 loss=0.8815 pix=0.4385 freq=0.0236 ssim=0.9937 perc=0.5522 illum=0.0000 inter=0.4385
2026-06-20 09:55:49,551 - INFO - step 1150/4127 loss=0.8811 pix=0.4381 freq=0.0237 ssim=0.9937 perc=0.5522 illum=0.0000 inter=0.4381
2026-06-20 09:56:22,154 - INFO - step 1200/4127 loss=0.8833 pix=0.4398 freq=0.0237 ssim=0.9937 perc=0.5520 illum=0.0000 inter=0.4398
2026-06-20 09:56:51,565 - INFO - step 1250/4127 loss=0.8804 pix=0.4377 freq=0.0236 ssim=0.9936 perc=0.5516 illum=0.0000 inter=0.4377
2026-06-20 09:57:21,498 - INFO - step 1300/4127 loss=0.8799 pix=0.4373 freq=0.0236 ssim=0.9936 perc=0.5513 illum=0.0000 inter=0.4373
2026-06-20 09:57:52,504 - INFO - step 1350/4127 loss=0.8799 pix=0.4373 freq=0.0236 ssim=0.9936 perc=0.5515 illum=0.0000 inter=0.4373
2026-06-20 09:58:19,742 - INFO - step 1400/4127 loss=0.8801 pix=0.4375 freq=0.0235 ssim=0.9936 perc=0.5509 illum=0.0000 inter=0.4375
2026-06-20 09:58:53,678 - INFO - step 1450/4127 loss=0.8803 pix=0.4379 freq=0.0235 ssim=0.9936 perc=0.5499 illum=0.0000 inter=0.4379
2026-06-20 09:59:20,386 - INFO - step 1500/4127 loss=0.8797 pix=0.4373 freq=0.0236 ssim=0.9936 perc=0.5509 illum=0.0000 inter=0.4373
2026-06-20 09:59:55,944 - INFO - step 1550/4127 loss=0.8793 pix=0.4369 freq=0.0236 ssim=0.9936 perc=0.5510 illum=0.0000 inter=0.4369
2026-06-20 10:00:29,523 - INFO - step 1600/4127 loss=0.8790 pix=0.4365 freq=0.0236 ssim=0.9936 perc=0.5519 illum=0.0000 inter=0.4365
2026-06-20 10:01:03,430 - INFO - step 1650/4127 loss=0.8795 pix=0.4369 freq=0.0236 ssim=0.9936 perc=0.5524 illum=0.0000 inter=0.4369
2026-06-20 10:01:37,155 - INFO - step 1700/4127 loss=0.8796 pix=0.4369 freq=0.0236 ssim=0.9936 perc=0.5526 illum=0.0000 inter=0.4369
2026-06-20 10:02:08,887 - INFO - step 1750/4127 loss=0.8803 pix=0.4375 freq=0.0236 ssim=0.9936 perc=0.5519 illum=0.0000 inter=0.4375
2026-06-20 10:02:37,970 - INFO - step 1800/4127 loss=0.8804 pix=0.4378 freq=0.0236 ssim=0.9936 perc=0.5510 illum=0.0000 inter=0.4378
2026-06-20 10:03:09,304 - INFO - step 1850/4127 loss=0.8809 pix=0.4382 freq=0.0236 ssim=0.9936 perc=0.5510 illum=0.0000 inter=0.4382
2026-06-20 10:03:37,726 - INFO - step 1900/4127 loss=0.8805 pix=0.4379 freq=0.0236 ssim=0.9936 perc=0.5509 illum=0.0000 inter=0.4379
2026-06-20 10:04:09,410 - INFO - step 1950/4127 loss=0.8800 pix=0.4375 freq=0.0236 ssim=0.9936 perc=0.5505 illum=0.0000 inter=0.4375
2026-06-20 10:04:35,492 - INFO - step 2000/4127 loss=0.8801 pix=0.4377 freq=0.0235 ssim=0.9935 perc=0.5502 illum=0.0000 inter=0.4377
2026-06-20 10:05:06,180 - INFO - step 2050/4127 loss=0.8795 pix=0.4372 freq=0.0235 ssim=0.9935 perc=0.5503 illum=0.0000 inter=0.4372
2026-06-20 10:05:34,647 - INFO - step 2100/4127 loss=0.8796 pix=0.4374 freq=0.0235 ssim=0.9935 perc=0.5500 illum=0.0000 inter=0.4374
2026-06-20 10:06:03,475 - INFO - step 2150/4127 loss=0.8803 pix=0.4380 freq=0.0235 ssim=0.9936 perc=0.5495 illum=0.0000 inter=0.4380
2026-06-20 10:06:36,950 - INFO - step 2200/4127 loss=0.8792 pix=0.4370 freq=0.0235 ssim=0.9935 perc=0.5501 illum=0.0000 inter=0.4370
2026-06-20 10:07:09,501 - INFO - step 2250/4127 loss=0.8797 pix=0.4374 freq=0.0235 ssim=0.9936 perc=0.5504 illum=0.0000 inter=0.4374
2026-06-20 10:07:48,124 - INFO - step 2300/4127 loss=0.8797 pix=0.4373 freq=0.0235 ssim=0.9936 perc=0.5504 illum=0.0000 inter=0.4373
2026-06-20 10:08:30,387 - INFO - step 2350/4127 loss=0.8801 pix=0.4377 freq=0.0235 ssim=0.9936 perc=0.5501 illum=0.0000 inter=0.4377
